###############################################################
#  Generated by:      Cadence Innovus 15.23-s045_1
#  OS:                Linux x86_64(Host ID ieng6-ece-09.ucsd.edu)
#  Generated on:      Sat Mar 22 23:46:28 2025
#  Design:            core
#  Command:           summaryReport -nohtml -outfile core.post_route.summary.rpt
###############################################################


==============================
General Design Information
==============================
Design Status: Routed  
Design Name: core  
# Instances: 176020  
# Hard Macros: 3  
    ------------------------------
    Macro Cells in Netlist
    ------------------------------
              Macro Name   Instance Count  Area (um^2)  Area Percentage in Core  
                sram_w16                3       244700.160           23.978%  
# Std Cells: 176017  
    ------------------------------
    Standard Cells in Netlist
    ------------------------------
               Cell Type   Instance Count  Area (um^2)  
                   AN2D0               12          25.9200  
                   AN2D2               29          73.0800  
                   AN2D4               81         349.9200  
                   AN2D8               48         328.3200  
                  AN2XD1               62         133.9200  
                   AN3D0                3           7.5600  
                   AN3D2                3           8.6400  
                   AN3D8                4          33.1200  
                   AN4D8                3          29.1600  
                  AO21D0              172         433.4400  
                  AO21D1               18          45.3600  
                  AO21D2                5          14.4000  
                  AO21D4               12          60.4800  
                  AO22D0              203         584.6400  
                  AO22D1              130         421.2000  
                  AO22D2                8          31.6800  
                  AO22D4               84         544.3200  
                  AO31D0                1           2.8800  
                AOI211D0                1           2.5200  
                AOI211D1                1           2.5200  
               AOI211XD2                2          16.5600  
               AOI211XD4                4          63.3600  
                 AOI21D0              157         339.1200  
                 AOI21D1              174         375.8400  
                 AOI21D2               51         165.2400  
                 AOI21D4              176        1140.4800  
                AOI221D0                4          11.5200  
                AOI221D1               38         123.1200  
                AOI221D2               28         161.2800  
                AOI221D4                7          40.3200  
               AOI221XD4                5          52.2000  
                 AOI22D0              749        1887.4800  
                 AOI22D1              794        2000.8800  
                 AOI22D2              197         851.0400  
                 AOI22D4               80         691.2000  
                 AOI31D0                5          12.6000  
                 AOI31D2                4          17.2800  
                 AOI31D4                4          33.1200  
                 AOI32D0               19          54.7200  
                 AOI32D1                1           2.8800  
                 AOI32D2                1           5.4000  
                  BUFFD0             5838        8406.7200  
                  BUFFD1              347         499.6800  
                 BUFFD12              153        1211.7600  
                 BUFFD16              293        3058.9200  
                  BUFFD2              300         648.0000  
                  BUFFD3               66         166.3200  
                  BUFFD4              118         382.3200  
                  BUFFD6              151         652.3200  
                  BUFFD8              214        1232.6400  
                 CKAN2D0               65         140.4000  
                 CKAN2D1               52         112.3200  
                 CKAN2D2                5          12.6000  
                   CKBD0            16436       23667.8400  
                   CKBD1              411         591.8400  
                  CKBD12               38         300.9600  
                  CKBD16               92         927.3600  
                   CKBD2              173         373.6800  
                   CKBD3               31          78.1200  
                   CKBD4              228         738.7200  
                   CKBD6               31         133.9200  
                   CKBD8               64         368.6400  
                CKMUX2D0               51         183.6000  
                CKMUX2D1              725        2610.0000  
                CKMUX2D2               35         138.6000  
                CKMUX2D4               14          85.6800  
                   CKND0              996        1075.6800  
                   CKND1              955        1031.4000  
                  CKND12               59         361.0800  
                  CKND16               55         435.6000  
                   CKND2              776        1117.4400  
                 CKND2D0              918        1321.9200  
                 CKND2D1              731        1052.6400  
                 CKND2D2             1081        2724.1200  
                 CKND2D3              270         874.8000  
                 CKND2D4              588        2540.1600  
                 CKND2D8              283        2241.3600  
                   CKND3              178         384.4800  
                   CKND4              403        1015.5600  
                   CKND6              174         563.7600  
                   CKND8               75         324.0000  
                CKXOR2D0               66         237.6000  
                CKXOR2D1              214         770.4000  
                CKXOR2D2                6          23.7600  
                CKXOR2D4                8          60.4800  
                CMPE42D1              472        7816.3200  
                CMPE42D2               74        1332.0000  
                    DCAP             5177        5591.1600  
                  DCAP16             2439       14048.6400  
                  DCAP32             1304       15022.0800  
                   DCAP4            13599       19582.5600  
                  DCAP64            19379      446492.1600  
                    DFD1               51         367.2000  
                    DFD2                7          57.9600  
                    DFD4               15         162.0000  
                DFKCNQD1              915        6588.0000  
                DFKCNQD2                2          15.8400  
                DFKCNQD4               78         673.9200  
                   DFQD1             2085       14261.4000  
                   DFQD2               48         345.6000  
                   DFQD4              792        6557.7600  
                  EDFQD1             2060       19281.6000  
                  EDFQD2              123        1195.5600  
                  EDFQD4              407        4395.6000  
                   FA1D0               15         135.0000  
                   FA1D1              684        6894.7200  
                   FA1D2               34         354.9600  
                   FA1D4               44         633.6000  
                 FICIND1                1          10.4400  
                   FILL1             9237        3325.3200  
                   FILL2            58603       42194.1600  
                   HA1D0               48         276.4800  
                   HA1D1               74         452.8800  
                   HA1D2              119         813.9600  
                   HA1D4                1          10.4400  
                 IAO21D0               10          25.2000  
                 IAO21D1               13          32.7600  
                 IAO21D2               10          32.4000  
                 IAO21D4                2          10.8000  
                 IAO22D0                1           3.2400  
                 IAO22D2                1           3.9600  
                  IND2D0               71         153.3600  
                  IND2D1              500        1080.0000  
                  IND2D2              316         910.0800  
                  IND2D4              212        1221.1200  
                  IND3D0                1           2.5200  
                  IND3D1                7          17.6400  
                  IND3D2               23          99.3600  
                  IND3D4               32         241.9200  
                  IND4D0                4          11.5200  
                  IND4D4                1           9.7200  
                  INR2D0               51         110.1600  
                  INR2D1               26          56.1600  
                  INR2D2               20          57.6000  
                  INR2D4               39         196.5600  
                 INR2XD0               20          43.2000  
                 INR2XD1               28          80.6400  
                 INR2XD2               41         191.8800  
                 INR2XD4               28         262.0800  
                  INR3D0                5          12.6000  
                  INR3D1                4          14.4000  
                  INR3D4                1           6.8400  
                  INR4D0                1           2.8800  
                  INR4D2                1           7.9200  
                   INVD0              367         396.3600  
                   INVD1              772         833.7600  
                  INVD12               43         263.1600  
                  INVD16               29         229.6800  
                   INVD2              422         607.6800  
                   INVD3              135         291.6000  
                   INVD4              297         748.4400  
                   INVD6              200         648.0000  
                   INVD8               82         354.2400  
                 IOA21D0              123         309.9600  
                 IOA21D1              224         564.4800  
                 IOA21D2              218         706.3200  
                 IOA21D4                4          21.6000  
                 IOA22D1                4          12.9600  
                MAOI22D0               25          72.0000  
                MAOI22D1               10          28.8000  
                MOAI22D0                3           8.6400  
                MOAI22D1               81         233.2800  
                MOAI22D2                4          17.2800  
                MOAI22D4                1           5.0400  
                  MUX2D0             3016        9771.8400  
                  MUX2D1              243         874.8000  
                  MUX2D2               57         225.7200  
                  MUX2D4               47         287.6400  
                 MUX2ND0               96         276.4800  
                 MUX2ND1                1           4.3200  
                 MUX2ND2                3          14.0400  
                 MUX2ND4               38         273.6000  
                   ND2D0              393         565.9200  
                   ND2D1              713        1026.7200  
                   ND2D2             1109        2794.6800  
                   ND2D3              430        1393.2000  
                   ND2D4              872        3767.0400  
                   ND2D8              445        3524.4000  
                   ND3D0               12          25.9200  
                   ND3D1               19          41.0400  
                   ND3D2               48         155.5200  
                   ND3D3               38         177.8400  
                   ND3D4               50         306.0000  
                   ND3D8              127        1554.4800  
                   ND4D0                2           5.0400  
                   ND4D1               16          40.3200  
                   ND4D2                8          37.4400  
                   ND4D3                4          24.4800  
                   ND4D4                2          17.2800  
                   NR2D0              387         557.2800  
                   NR2D1              237         341.2800  
                   NR2D2              295         743.4000  
                   NR2D3              221         716.0400  
                   NR2D4              207         894.2400  
                   NR2D8              167        1322.6400  
                  NR2XD0              456         656.6400  
                  NR2XD1              465        1171.8000  
                  NR2XD2              288        1244.1600  
                  NR2XD3              133         813.9600  
                  NR2XD4              259        2051.2800  
                  NR2XD8               97        1501.5600  
                   NR3D0                7          15.1200  
                   NR3D1                4          12.9600  
                   NR3D2                4          23.0400  
                   NR3D3                7          60.4800  
                   NR3D4               22         229.6800  
                   NR3D8                8         149.7600  
                   NR4D0                3           7.5600  
                   NR4D1                3          10.8000  
                   NR4D2                3          21.6000  
                   NR4D3                1          10.8000  
                   NR4D4                1          13.3200  
                 OA211D1                1           2.8800  
                  OA21D0               25          63.0000  
                  OA21D1               15          37.8000  
                  OA21D2                2           5.7600  
                  OA21D4               12          69.1200  
                  OA22D0             1977        5693.7600  
                  OA22D1               81         262.4400  
                  OA22D2                2           7.9200  
                  OA22D4                2          12.9600  
                OAI211D1                8          20.1600  
                OAI211D2               34         146.8800  
                OAI211D4               46         397.4400  
                 OAI21D0              224         483.8400  
                 OAI21D1              290         626.4000  
                 OAI21D2              187         605.8800  
                 OAI21D4              305        1976.4000  
                OAI221D0                2           5.7600  
                OAI221D1                8          25.9200  
                OAI221D2                5          28.8000  
               OAI221XD4                8          86.4000  
                 OAI22D0              343         864.3600  
                 OAI22D1              283         713.1600  
                 OAI22D2              168         725.7600  
                 OAI22D4               74         666.0000  
                 OAI31D0               15          37.8000  
                 OAI31D1                7          17.6400  
                 OAI31D4                1           8.6400  
                 OAI32D0               20          57.6000  
                 OAI32D1              100         288.0000  
                 OAI32D2              106         572.4000  
                 OAI32D4                2          11.5200  
                OAI32XD4                4          41.7600  
                   OR2D0              193         416.8800  
                   OR2D1               81         174.9600  
                   OR2D2               29          73.0800  
                   OR2D4               42         181.4400  
                   OR2D8                3          20.5200  
                  OR2XD1               48         103.6800  
                   OR3D0                1           2.5200  
                   OR3D1                5          12.6000  
                   OR3D2                1           2.8800  
                   OR3D4                1           5.0400  
                   OR4D0                2           5.7600  
                    TIEL                2           2.1600  
                  XNR2D0              181         651.6000  
                  XNR2D1              312        1123.2000  
                  XNR2D2               12          47.5200  
                  XNR2D4               31         234.3600  
                  XNR3D0                1           6.1200  
                  XNR3D1                1           6.1200  
                  XOR2D0               62         223.2000  
                  XOR2D1                9          32.4000  
                  XOR2D2               19          75.2400  
                  XOR2D4                8          60.4800  
                  XOR3D0                5          30.6000  
# Pads: 0  
# Net: 74274  
# Special Net: 2  
# IO Pins: 
    ------------------------------
    Issued IO Information
    ------------------------------
    # Unplaced IO Pin  0  
    # Floating IO  
        ------------------------------
        Floating IO
        ------------------------------
            Floating IO Name  
                    inst[20]  1  
    # IO Connected to Non-IO Inst  
        ------------------------------
        IO Connected to Non-IO Inst
        ------------------------------
                     IO Name      Non-IO Inst Name  
                       reset  ofifo_inst/col_idx_5__fifo_instance/FE_PHC28359_reset  
                     inst[0]   FE_PHC27411_inst_0_  
                     inst[1]   FE_PHC28562_inst_1_  
                     inst[2]   FE_PHC27410_inst_2_  
                     inst[3]   FE_PHC28308_inst_3_  
                     inst[4]   FE_PHC27846_inst_4_  
                     inst[5]   FE_PHC10956_inst_5_  
                     inst[6]   FE_PHC28963_inst_6_  
                     inst[7]   FE_PHC27844_inst_7_  
                     inst[8]   FE_PHC28132_inst_8_  
                     inst[9]   FE_PHC29802_inst_9_  
                    inst[10]  FE_PHC29813_inst_10_  
                    inst[11]  FE_PHC29810_inst_11_  
                    inst[12]  FE_PHC28588_inst_12_  
                    inst[13]  FE_PHC28769_inst_13_  
                    inst[14]  FE_PHC28470_inst_14_  
                    inst[15]  FE_PHC28142_inst_15_  
                    inst[16]  ofifo_inst/FE_PHC28789_inst_16_  
                    inst[17]  FE_PHC27465_inst_17_  
                    inst[18]  FE_PHC30489_inst_18_  
                    inst[19]  FE_PHC27821_inst_19_  
                      out[0]    FE_OCPC8148_out_0_  
                      out[1]    FE_OCPC8103_out_1_  
                      out[2]    FE_OCPC8372_out_2_  
                      out[3]    FE_OCPC8022_out_3_  
                      out[4]    FE_OCPC8402_out_4_  
                      out[5]    FE_OCPC8080_out_5_  
                      out[6]    FE_OCPC6879_out_6_  
                      out[7]    FE_OCPC8068_out_7_  
                      out[8]    FE_OCPC8364_out_8_  
                      out[9]    FE_OCPC8141_out_9_  
                     out[10]   FE_OCPC8196_out_10_  
                     out[11]   FE_OCPC8143_out_11_  
                     out[12]     FE_OFC333_out_12_  
                     out[13]   FE_OCPC8356_out_13_  
                     out[14]   FE_OCPC8351_out_14_  
                     out[15]   FE_OCPC8018_out_15_  
                     out[16]  FE_OCPC7543_FE_OFN324_out_16_  
                     out[17]  FE_OCPC7512_FE_OFN322_out_17_  
                     out[18]   FE_OCPC8408_out_18_  
                     out[19]     FE_OFC319_out_19_  
                     out[20]     FE_OFC317_out_20_  
                     out[21]   FE_OCPC8105_out_21_  
                     out[22]   FE_OCPC8060_out_22_  
                     out[23]   FE_OCPC8131_out_23_  
                     out[24]  FE_OCPC7532_FE_OFN308_out_24_  
                     out[25]   FE_OCPC8386_out_25_  
                     out[26]   FE_OCPC8406_out_26_  
                     out[27]   FE_OCPC8162_out_27_  
                     out[28]   FE_OCPC8034_out_28_  
                     out[29]  FE_OCPC7446_FE_OFN298_out_29_  
                     out[30]   FE_OCPC8394_out_30_  
                     out[31]  FE_OCPC7572_FE_OFN294_out_31_  
                     out[32]  FE_OCPC7571_FE_OFN292_out_32_  
                     out[33]   FE_OCPC8392_out_33_  
                     out[34]   FE_OCPC8366_out_34_  
                     out[35]   FE_OCPC8368_out_35_  
                     out[36]   FE_OCPC8098_out_36_  
                     out[37]   FE_OCPC8056_out_37_  
                     out[38]      norm_inst/U12837  
                     out[39]     FE_OFC279_out_39_  
                     out[40]   FE_OCPC8182_out_40_  
                     out[41]  FE_OCPC7643_FE_OFN274_out_41_  
                     out[42]   FE_OCPC8382_out_42_  
                     out[43]  FE_OCPC7664_FE_OFN270_out_43_  
                     out[44]   FE_OCPC8376_out_44_  
                     out[45]   FE_OCPC8398_out_45_  
                     out[46]   FE_OCPC8349_out_46_  
                     out[47]   FE_OCPC8152_out_47_  
                     out[48]  FE_OCPC7667_FE_OFN260_out_48_  
                     out[49]  FE_OCPC7717_FE_OFN258_out_49_  
                     out[50]   FE_OCPC8374_out_50_  
                     out[51]   FE_OCPC8166_out_51_  
                     out[52]   FE_OCPC8082_out_52_  
                     out[53]  FE_OCPC7597_FE_OFN250_out_53_  
                     out[54]   FE_OCPC8078_out_54_  
                     out[55]   FE_OCPC8224_out_55_  
                     out[56]   FE_OCPC8129_out_56_  
                     out[57]   FE_OCPC8119_out_57_  
                     out[58]   FE_OCPC8113_out_58_  
                     out[59]   FE_OCPC8400_out_59_  
                     out[60]   FE_OCPC8204_out_60_  
                     out[61]   FE_OCPC8378_out_61_  
                     out[62]   FE_OCPC8396_out_62_  
                     out[63]   FE_OCPC8206_out_63_  
                     out[64]   FE_OCPC8370_out_64_  
                     out[65]   FE_OCPC8093_out_65_  
                     out[66]   FE_OCPC8194_out_66_  
                     out[67]   FE_OCPC8139_out_67_  
                     out[68]   FE_OCPC8062_out_68_  
                     out[69]   FE_OCPC8180_out_69_  
                     out[70]   FE_OCPC8220_out_70_  
                     out[71]   FE_OCPC8058_out_71_  
                     out[72]   FE_OCPC8125_out_72_  
                     out[73]   FE_OCPC8064_out_73_  
                     out[74]   FE_OCPC8238_out_74_  
                     out[75]   FE_OCPC8390_out_75_  
                     out[76]   FE_OCPC8235_out_76_  
                     out[77]   FE_OCPC8200_out_77_  
                     out[78]   FE_OCPC8380_out_78_  
                     out[79]   FE_OCPC8188_out_79_  
                     out[80]   FE_OCPC8216_out_80_  
                     out[81]   FE_OCPC8358_out_81_  
                     out[82]   FE_OCPC8107_out_82_  
                     out[83]   FE_OCPC8176_out_83_  
                     out[84]   FE_OCPC8075_out_84_  
                     out[85]   FE_OCPC8360_out_85_  
                     out[86]   FE_OCPC8362_out_86_  
                     out[87]   FE_OCPC8087_out_87_  
                     out[88]   FE_OCPC8052_out_88_  
                     out[89]   FE_OCPC8229_out_89_  
                     out[90]   FE_OCPC8070_out_90_  
                     out[91]   FE_OCPC8178_out_91_  
                     out[92]   FE_OCPC8172_out_92_  
                     out[93]   FE_OCPC8190_out_93_  
                     out[94]   FE_OCPC8100_out_94_  
                     out[95]   FE_OCPC8013_out_95_  
                     out[96]   FE_OCPC8000_out_96_  
                     out[97]   FE_OCPC8066_out_97_  
                     out[98]   FE_OCPC8095_out_98_  
                     out[99]   FE_OCPC8123_out_99_  
                    out[100]  FE_OCPC8091_out_100_  
                    out[101]  FE_OCPC8003_out_101_  
                    out[102]  FE_OCPC8156_out_102_  
                    out[103]  FE_OCPC8073_out_103_  
                    out[104]  FE_OCPC8109_out_104_  
                    out[105]  FE_OCPC8005_out_105_  
                    out[106]  FE_OCPC8212_out_106_  
                    out[107]  FE_OCPC8111_out_107_  
                    out[108]  FE_OCPC8210_out_108_  
                    out[109]  FE_OCPC8117_out_109_  
                    out[110]  FE_OCPC8388_out_110_  
                    out[111]  FE_OCPC8227_out_111_  
                    out[112]  FE_OCPC8137_out_112_  
                    out[113]  FE_OCPC8024_out_113_  
                    out[114]  FE_OCPC8218_out_114_  
                    out[115]  FE_OCPC8030_out_115_  
                    out[116]  FE_OCPC8089_out_116_  
                    out[117]  FE_OCPC8198_out_117_  
                    out[118]  FE_OCPC8020_out_118_  
                    out[119]  FE_OCPC8160_out_119_  
                    out[120]  FE_OCPC8072_out_120_  
                    out[121]  FE_OCPC8174_out_121_  
                    out[122]  FE_OCPC8214_out_122_  
                    out[123]  FE_OCPC8011_out_123_  
                    out[124]  FE_OCPC8192_out_124_  
                    out[125]  FE_OCPC8154_out_125_  
                    out[126]  FE_OCPC8050_out_126_  
                    out[127]  FE_OCPC8202_out_127_  
                    out[128]      norm_inst/U12771  
                    out[129]      norm_inst/U12782  
                    out[130]      norm_inst/U12748  
                    out[131]      norm_inst/U12750  
                    out[132]      norm_inst/U12745  
                    out[133]      norm_inst/U12772  
                    out[134]      norm_inst/U12760  
                    out[135]      norm_inst/U12766  
                    out[136]      norm_inst/U12753  
                    out[137]      norm_inst/U12764  
                    out[138]      norm_inst/U12826  
                    out[139]      norm_inst/U13182  
                    out[140]      norm_inst/U13191  
                    out[141]      norm_inst/U12830  
                    out[142]      norm_inst/U12827  
                    out[143]      norm_inst/U12824  
                    out[144]      norm_inst/U12831  
                    out[145]      norm_inst/U12847  
                    out[146]      norm_inst/U12834  
                    out[147]      norm_inst/U12835  
                    out[148]      norm_inst/U12836  
                    out[149]      norm_inst/U12852  
                    out[150]      norm_inst/U12838  
                    out[151]      norm_inst/U12854  
                    out[152]      norm_inst/U12746  
                    out[153]      norm_inst/U12751  
                    out[154]      norm_inst/U12752  
                    out[155]      norm_inst/U12754  
                    out[156]      norm_inst/U12741  
                    out[157]      norm_inst/U12763  
                    out[158]      norm_inst/U12853  
                    out[159]      norm_inst/U11411  
                   mem_in[0]         qmem_instance  
                   mem_in[1]         qmem_instance  
                   mem_in[2]  FE_PHC28842_mem_in_2_  
                   mem_in[3]  FE_PHC28654_mem_in_3_  
                   mem_in[4]         qmem_instance  
                   mem_in[5]         qmem_instance  
                   mem_in[6]         qmem_instance  
                   mem_in[7]         qmem_instance  
                   mem_in[8]         qmem_instance  
                   mem_in[9]         qmem_instance  
                  mem_in[10]         qmem_instance  
                  mem_in[11]         qmem_instance  
                  mem_in[12]  FE_PHC28723_mem_in_12_  
                  mem_in[13]         qmem_instance  
                  mem_in[14]  FE_PHC28898_mem_in_14_  
                  mem_in[15]  FE_PHC28910_mem_in_15_  
                  mem_in[16]  FE_PHC28574_mem_in_16_  
                  mem_in[17]         qmem_instance  
                  mem_in[18]         qmem_instance  
                  mem_in[19]  FE_PHC28724_mem_in_19_  
                  mem_in[20]  FE_PHC28579_mem_in_20_  
                  mem_in[21]  FE_PHC28348_mem_in_21_  
                  mem_in[22]         qmem_instance  
                  mem_in[23]         qmem_instance  
                  mem_in[24]  FE_PHC28582_mem_in_24_  
                  mem_in[25]         qmem_instance  
                  mem_in[26]         qmem_instance  
                  mem_in[27]         qmem_instance  
                  mem_in[28]  FE_PHC28583_mem_in_28_  
                  mem_in[29]  FE_PHC28712_mem_in_29_  
                  mem_in[30]         qmem_instance  
                  mem_in[31]  FE_PHC28465_mem_in_31_  
                  mem_in[32]  FE_PHC28713_mem_in_32_  
                  mem_in[33]         qmem_instance  
                  mem_in[34]         qmem_instance  
                  mem_in[35]         qmem_instance  
                  mem_in[36]         qmem_instance  
                  mem_in[37]  FE_PHC28702_mem_in_37_  
                  mem_in[38]         qmem_instance  
                  mem_in[39]  FE_PHC28706_mem_in_39_  
                  mem_in[40]         qmem_instance  
                  mem_in[41]         qmem_instance  
                  mem_in[42]         qmem_instance  
                  mem_in[43]         qmem_instance  
                  mem_in[44]  FE_PHC27888_mem_in_44_  
                  mem_in[45]         qmem_instance  
                  mem_in[46]  FE_PHC28174_mem_in_46_  
                  mem_in[47]         qmem_instance  
                  mem_in[48]         qmem_instance  
                  mem_in[49]         qmem_instance  
                  mem_in[50]  FE_PHC28114_mem_in_50_  
                  mem_in[51]         qmem_instance  
                  mem_in[52]  FE_PHC28129_mem_in_52_  
                  mem_in[53]         qmem_instance  
                  mem_in[54]  FE_PHC28339_mem_in_54_  
                  mem_in[55]         qmem_instance  
                  mem_in[56]         qmem_instance  
                  mem_in[57]         qmem_instance  
                  mem_in[58]         qmem_instance  
                  mem_in[59]         qmem_instance  
                  mem_in[60]         qmem_instance  
                  mem_in[61]  FE_PHC28777_mem_in_61_  
                  mem_in[62]         qmem_instance  
                  mem_in[63]         qmem_instance  
                sum_in_valid      norm_inst/U13192  
                   sum_in[0]       norm_inst/U5411  
                   sum_in[1]       norm_inst/U4454  
                   sum_in[2]       norm_inst/U5183  
                   sum_in[3]       norm_inst/U4458  
                   sum_in[4]       norm_inst/U5184  
                   sum_in[5]       norm_inst/U4450  
                   sum_in[6]       norm_inst/U5178  
                   sum_in[7]       norm_inst/U4442  
                   sum_in[8]       norm_inst/U4437  
                   sum_in[9]       norm_inst/U5154  
                  sum_in[10]       norm_inst/U5150  
                  sum_in[11]       norm_inst/U4431  
                  sum_in[12]       norm_inst/U4425  
                  sum_in[13]       norm_inst/U5141  
                  sum_in[14]   norm_inst/U4420_dup  
                  sum_in[15]       norm_inst/U4416  
                  sum_in[16]       norm_inst/U4414  
                  sum_in[17]       norm_inst/U6216  
                  sum_in[18]       norm_inst/U6210  
                  sum_in[19]   norm_inst/U6199_dup  
                  sum_in[20]  norm_inst/U13222_dup  
                  sum_in[21]       norm_inst/U6183  
                  sum_in[22]   norm_inst/U6176_dup  
                  sum_in[23]      norm_inst/U13230  
               sum_out_valid  norm_inst/sum_out_valid_reg  
                  sum_out[0]  FE_OFC3480_sum_out_0_  
                  sum_out[1]  FE_OFC2144_sum_out_1_  
                  sum_out[2]  FE_OFC2237_sum_out_2_  
                  sum_out[3]  FE_OFC2151_sum_out_3_  
                  sum_out[4]  FE_OFC2169_sum_out_4_  
                  sum_out[5]  FE_OFC2255_sum_out_5_  
                  sum_out[6]  FE_OFC2272_sum_out_6_  
                  sum_out[7]  FE_OCPC6278_FE_OFN2193_sum_out_7_  
                  sum_out[8]  FE_OFC2243_sum_out_8_  
                  sum_out[9]  FE_OFC2257_sum_out_9_  
                 sum_out[10]  FE_OFC2245_sum_out_10_  
                 sum_out[11]  FE_OCPC6281_FE_OFN2251_sum_out_11_  
                 sum_out[12]  FE_OFC2247_sum_out_12_  
                 sum_out[13]  FE_OCPC6274_FE_OFN2258_sum_out_13_  
                 sum_out[14]  FE_OCPC7995_sum_out_14_  
                 sum_out[15]  FE_OCPC7990_sum_out_15_  
                 sum_out[16]  FE_OCPC7984_sum_out_16_  
                 sum_out[17]  FE_OCPC7986_sum_out_17_  
                 sum_out[18]  FE_OCPC7993_sum_out_18_  
                 sum_out[19]  FE_OCPC7992_sum_out_19_  
                 sum_out[20]  norm_inst/FE_RC_9240_0  
                 sum_out[21]  norm_inst/FE_OFC2937_sum_out_21_  
                 sum_out[22]                  U241  
                 sum_out[23]                  U240  
                         clk  CTS_ccl_BUF_clk_G0_L1_1  296  297  
# Pins: 
    ------------------------------
    Correctness of Pin Connectivity for All Instances
    ------------------------------
    # Floating Terms  
        ------------------------------
        Floating Terms
        ------------------------------
          Floating Term Name             Term Type         Instance Name         Instance Type  
                       D[64]                 Input         kmem_instance                        
                       D[65]                 Input         kmem_instance                        
                       D[66]                 Input         kmem_instance                        
                       D[67]                 Input         kmem_instance                        
                       D[68]                 Input         kmem_instance                        
                       D[69]                 Input         kmem_instance                        
                       D[70]                 Input         kmem_instance                        
                       D[71]                 Input         kmem_instance                        
                       D[72]                 Input         kmem_instance                        
                       D[73]                 Input         kmem_instance                        
                       D[74]                 Input         kmem_instance                        
                       D[75]                 Input         kmem_instance                        
                       D[76]                 Input         kmem_instance                        
                       D[77]                 Input         kmem_instance                        
                       D[78]                 Input         kmem_instance                        
                       D[79]                 Input         kmem_instance                        
                       D[80]                 Input         kmem_instance                        
                       D[81]                 Input         kmem_instance                        
                       D[82]                 Input         kmem_instance                        
                       D[83]                 Input         kmem_instance                        
                       D[84]                 Input         kmem_instance                        
                       D[85]                 Input         kmem_instance                        
                       D[86]                 Input         kmem_instance                        
                       D[87]                 Input         kmem_instance                        
                       D[88]                 Input         kmem_instance                        
                       D[89]                 Input         kmem_instance                        
                       D[90]                 Input         kmem_instance                        
                       D[91]                 Input         kmem_instance                        
                       D[92]                 Input         kmem_instance                        
                       D[93]                 Input         kmem_instance                        
                       D[94]                 Input         kmem_instance                        
                       D[95]                 Input         kmem_instance                        
                       D[96]                 Input         kmem_instance                        
                       D[97]                 Input         kmem_instance                        
                       D[98]                 Input         kmem_instance                        
                       D[99]                 Input         kmem_instance                        
                      D[100]                 Input         kmem_instance                        
                      D[101]                 Input         kmem_instance                        
                      D[102]                 Input         kmem_instance                        
                      D[103]                 Input         kmem_instance                        
                      D[104]                 Input         kmem_instance                        
                      D[105]                 Input         kmem_instance                        
                      D[106]                 Input         kmem_instance                        
                      D[107]                 Input         kmem_instance                        
                      D[108]                 Input         kmem_instance                        
                      D[109]                 Input         kmem_instance                        
                      D[110]                 Input         kmem_instance                        
                      D[111]                 Input         kmem_instance                        
                      D[112]                 Input         kmem_instance                        
                      D[113]                 Input         kmem_instance                        
                      D[114]                 Input         kmem_instance                        
                      D[115]                 Input         kmem_instance                        
                      D[116]                 Input         kmem_instance                        
                      D[117]                 Input         kmem_instance                        
                      D[118]                 Input         kmem_instance                        
                      D[119]                 Input         kmem_instance                        
                      D[120]                 Input         kmem_instance                        
                      D[121]                 Input         kmem_instance                        
                      D[122]                 Input         kmem_instance                        
                      D[123]                 Input         kmem_instance                        
                      D[124]                 Input         kmem_instance                        
                      D[125]                 Input         kmem_instance                        
                      D[126]                 Input         kmem_instance                        
                      D[127]                 Input         kmem_instance                        
                       D[64]                 Input         qmem_instance                        
                       D[65]                 Input         qmem_instance                        
                       D[66]                 Input         qmem_instance                        
                       D[67]                 Input         qmem_instance                        
                       D[68]                 Input         qmem_instance                        
                       D[69]                 Input         qmem_instance                        
                       D[70]                 Input         qmem_instance                        
                       D[71]                 Input         qmem_instance                        
                       D[72]                 Input         qmem_instance                        
                       D[73]                 Input         qmem_instance                        
                       D[74]                 Input         qmem_instance                        
                       D[75]                 Input         qmem_instance                        
                       D[76]                 Input         qmem_instance                        
                       D[77]                 Input         qmem_instance                        
                       D[78]                 Input         qmem_instance                        
                       D[79]                 Input         qmem_instance                        
                       D[80]                 Input         qmem_instance                        
                       D[81]                 Input         qmem_instance                        
                       D[82]                 Input         qmem_instance                        
                       D[83]                 Input         qmem_instance                        
                       D[84]                 Input         qmem_instance                        
                       D[85]                 Input         qmem_instance                        
                       D[86]                 Input         qmem_instance                        
                       D[87]                 Input         qmem_instance                        
                       D[88]                 Input         qmem_instance                        
                       D[89]                 Input         qmem_instance                        
                       D[90]                 Input         qmem_instance                        
                       D[91]                 Input         qmem_instance                        
                       D[92]                 Input         qmem_instance                        
                       D[93]                 Input         qmem_instance                        
                       D[94]                 Input         qmem_instance                        
                       D[95]                 Input         qmem_instance                        
                       D[96]                 Input         qmem_instance                        
                       D[97]                 Input         qmem_instance                        
                       D[98]                 Input         qmem_instance                        
                       D[99]                 Input         qmem_instance                        
                      D[100]                 Input         qmem_instance                        
                      D[101]                 Input         qmem_instance                        
                      D[102]                 Input         qmem_instance                        
                      D[103]                 Input         qmem_instance                        
                      D[104]                 Input         qmem_instance                        
                      D[105]                 Input         qmem_instance                        
                      D[106]                 Input         qmem_instance                        
                      D[107]                 Input         qmem_instance                        
                      D[108]                 Input         qmem_instance                        
                      D[109]                 Input         qmem_instance                        
                      D[110]                 Input         qmem_instance                        
                      D[111]                 Input         qmem_instance                        
                      D[112]                 Input         qmem_instance                        
                      D[113]                 Input         qmem_instance                        
                      D[114]                 Input         qmem_instance                        
                      D[115]                 Input         qmem_instance                        
                      D[116]                 Input         qmem_instance                        
                      D[117]                 Input         qmem_instance                        
                      D[118]                 Input         qmem_instance                        
                      D[119]                 Input         qmem_instance                        
                      D[120]                 Input         qmem_instance                        
                      D[121]                 Input         qmem_instance                        
                      D[122]                 Input         qmem_instance                        
                      D[123]                 Input         qmem_instance                        
                      D[124]                 Input         qmem_instance                        
                      D[125]                 Input         qmem_instance                        
                      D[126]                 Input         qmem_instance                        
                      D[127]                 Input         qmem_instance                        128  
    # Output Term Marked Tie Hi/Lo  0  
    # Output Term Shorted to PG Net  0  195788  
# PG Pins: 
    ------------------------------
    Correctness of PG Pin Connectivity for All Instances
    ------------------------------
    # Instances that No Net Defined for Any PG Pin  0  
    # Floating PG Terms  0  
    # PG Pins Connect to Non-PG Net  0  
    # Power Pins Connect Ground Net  0  
    # Ground Pins Connect Power Net  0  352040  
Average Pins Per Net(Signal): 2.636  

==============================
General Library Information
==============================
# Routing Layers: 8  
# Masterslice Layers: 1  
# Pin Layers: 
    General Caution:
        1) Library have M1, M2 and M3 pins, you should setPreRouteAsObs {1 2 3}                                 to ensure these pins are accessible after placement

    ------------------------------
    Pin Layers
    ------------------------------
    M3  
    M2  
    M1  3  
# Layers: 
    ------------------------------
    Layer OVERLAP Information
    ------------------------------
    Type  Overlap  
    ------------------------------
    Layer OVERLAP InformationLayer M8 Information
    ------------------------------
    Type  Routing  
    Wire Pitch X  0.800 um  
    Wire Pitch Y  0.800 um  
    Offset X  0.100 um  
    Offset Y  0.100 um  
    Wire Width  0.400 um  
    Spacing  0.400 um  
    ------------------------------
    Layer OVERLAP InformationLayer M8 InformationLayer VIA7 Information
    ------------------------------
    Type  Cut  
    Vias  
        ------------------------------
        Via list in layer VIA7
        ------------------------------
                Vias in VIA7  Default  
                  VIA78_4cut      Yes  
                VIA78_2cut_S      Yes  
                VIA78_2cut_N      Yes  
                VIA78_2cut_W      Yes  
                VIA78_2cut_E      Yes  
              VIA78_1stack_W      Yes  
              VIA78_1stack_E      Yes  
              VIA78_1cut_FAT      Yes  
            VIA78_1cut_FAT_V      Yes  
            VIA78_1cut_FAT_H      Yes  
            VIA78_1cut_FAT_C      Yes  
                VIA78_1cut_V      Yes  
                VIA78_1cut_H      Yes  
                  VIA78_1cut      Yes  For complete list click here  
    ------------------------------
    Layer OVERLAP InformationLayer M8 InformationLayer VIA7 InformationLayer M7 Information
    ------------------------------
    Type  Routing  
    Wire Pitch X  0.800 um  
    Wire Pitch Y  0.800 um  
    Wire Width  0.400 um  
    Spacing  0.400 um  
    ------------------------------
    Layer OVERLAP InformationLayer M8 InformationLayer VIA7 InformationLayer M7 InformationLayer VIA6 Information
    ------------------------------
    Type  Cut  
    Vias  
        ------------------------------
        Via list in layer VIA6
        ------------------------------
                Vias in VIA6  Default  
                  VIA67_4cut      Yes  
                VIA67_2cut_S      Yes  
                VIA67_2cut_N      Yes  
                VIA67_2cut_W      Yes  
                VIA67_2cut_E      Yes  
              VIA67_1cut_FAT      Yes  
            VIA67_1cut_FAT_H      Yes  
            VIA67_1cut_FAT_V      Yes  
            VIA67_1cut_FAT_C      Yes  
                VIA67_1cut_H      Yes  
                VIA67_1cut_V      Yes  
                  VIA67_1cut      Yes  For complete list click here  
    ------------------------------
    Layer OVERLAP InformationLayer M8 InformationLayer VIA7 InformationLayer M7 InformationLayer VIA6 InformationLayer M6 Information
    ------------------------------
    Type  Routing  
    Wire Pitch X  0.200 um  
    Wire Pitch Y  0.200 um  
    Offset X  0.100 um  
    Offset Y  0.100 um  
    Wire Width  0.100 um  
    Spacing  0.100 um  
    ------------------------------
    Layer OVERLAP InformationLayer M8 InformationLayer VIA7 InformationLayer M7 InformationLayer VIA6 InformationLayer M6 InformationLayer VIA5 Information
    ------------------------------
    Type  Cut  
    Vias  
        ------------------------------
        Via list in layer VIA5
        ------------------------------
                Vias in VIA5  Default  
                  VIA56_4cut      Yes  
              VIA56_2stack_W      Yes  
              VIA56_2stack_E      Yes  
                VIA56_2cut_S      Yes  
                VIA56_2cut_N      Yes  
                VIA56_2cut_W      Yes  
                VIA56_2cut_E      Yes  
              VIA56_1stack_W      Yes  
              VIA56_1stack_E      Yes  
              VIA56_1cut_FAT      Yes  
            VIA56_1cut_FAT_V      Yes  
            VIA56_1cut_FAT_H      Yes  
            VIA56_1cut_FAT_C      Yes  
                VIA56_1cut_V      Yes  
                VIA56_1cut_H      Yes  
                  VIA56_1cut      Yes  For complete list click here  
    ------------------------------
    Layer OVERLAP InformationLayer M8 InformationLayer VIA7 InformationLayer M7 InformationLayer VIA6 InformationLayer M6 InformationLayer VIA5 InformationLayer M5 Information
    ------------------------------
    Type  Routing  
    Wire Pitch X  0.200 um  
    Wire Pitch Y  0.200 um  
    Wire Width  0.100 um  
    Spacing  0.100 um  
    ------------------------------
    Layer OVERLAP InformationLayer M8 InformationLayer VIA7 InformationLayer M7 InformationLayer VIA6 InformationLayer M6 InformationLayer VIA5 InformationLayer M5 InformationLayer VIA4 Information
    ------------------------------
    Type  Cut  
    Vias  
        ------------------------------
        Via list in layer VIA4
        ------------------------------
                Vias in VIA4  Default  
                  VIA45_4cut      Yes  
                VIA45_2cut_S      Yes  
                VIA45_2cut_N      Yes  
                VIA45_2cut_W      Yes  
                VIA45_2cut_E      Yes  
              VIA45_1stack_S      Yes  
              VIA45_1stack_N      Yes  
              VIA45_1cut_FAT      Yes  
            VIA45_1cut_FAT_H      Yes  
            VIA45_1cut_FAT_V      Yes  
            VIA45_1cut_FAT_C      Yes  
                VIA45_1cut_H      Yes  
                VIA45_1cut_V      Yes  
                  VIA45_1cut      Yes  For complete list click here  
    ------------------------------
    Layer OVERLAP InformationLayer M8 InformationLayer VIA7 InformationLayer M7 InformationLayer VIA6 InformationLayer M6 InformationLayer VIA5 InformationLayer M5 InformationLayer VIA4 InformationLayer M4 Information
    ------------------------------
    Type  Routing  
    Wire Pitch X  0.200 um  
    Wire Pitch Y  0.200 um  
    Offset X  0.100 um  
    Offset Y  0.100 um  
    Wire Width  0.100 um  
    Spacing  0.100 um  
    ------------------------------
    Layer OVERLAP InformationLayer M8 InformationLayer VIA7 InformationLayer M7 InformationLayer VIA6 InformationLayer M6 InformationLayer VIA5 InformationLayer M5 InformationLayer VIA4 InformationLayer M4 InformationLayer VIA3 Information
    ------------------------------
    Type  Cut  
    Vias  
        ------------------------------
        Via list in layer VIA3
        ------------------------------
                Vias in VIA3  Default  
                  VIA34_4cut      Yes  
                VIA34_2cut_S      Yes  
                VIA34_2cut_N      Yes  
                VIA34_2cut_W      Yes  
                VIA34_2cut_E      Yes  
              VIA34_1stack_W      Yes  
              VIA34_1stack_E      Yes  
              VIA34_1cut_FAT      Yes  
            VIA34_1cut_FAT_V      Yes  
            VIA34_1cut_FAT_H      Yes  
            VIA34_1cut_FAT_C      Yes  
                VIA34_1cut_V      Yes  
                VIA34_1cut_H      Yes  
                  VIA34_1cut      Yes  For complete list click here  
    ------------------------------
    Layer OVERLAP InformationLayer M8 InformationLayer VIA7 InformationLayer M7 InformationLayer VIA6 InformationLayer M6 InformationLayer VIA5 InformationLayer M5 InformationLayer VIA4 InformationLayer M4 InformationLayer VIA3 InformationLayer M3 Information
    ------------------------------
    Type  Routing  
    Wire Pitch X  0.200 um  
    Wire Pitch Y  0.200 um  
    Wire Width  0.100 um  
    Spacing  0.100 um  
    ------------------------------
    Layer OVERLAP InformationLayer M8 InformationLayer VIA7 InformationLayer M7 InformationLayer VIA6 InformationLayer M6 InformationLayer VIA5 InformationLayer M5 InformationLayer VIA4 InformationLayer M4 InformationLayer VIA3 InformationLayer M3 InformationLayer VIA2 Information
    ------------------------------
    Type  Cut  
    Vias  
        ------------------------------
        Via list in layer VIA2
        ------------------------------
                Vias in VIA2  Default  
                  VIA23_4cut      Yes  
                VIA23_2cut_S      Yes  
                VIA23_2cut_N      Yes  
                VIA23_2cut_W      Yes  
                VIA23_2cut_E      Yes  
              VIA23_1stack_S      Yes  
              VIA23_1stack_N      Yes  
              VIA23_1cut_FAT      Yes  
            VIA23_1cut_FAT_H      Yes  
            VIA23_1cut_FAT_V      Yes  
            VIA23_1cut_FAT_C      Yes  
                VIA23_1cut_H      Yes  
                VIA23_1cut_V      Yes  
                  VIA23_1cut      Yes  For complete list click here  
    ------------------------------
    Layer OVERLAP InformationLayer M8 InformationLayer VIA7 InformationLayer M7 InformationLayer VIA6 InformationLayer M6 InformationLayer VIA5 InformationLayer M5 InformationLayer VIA4 InformationLayer M4 InformationLayer VIA3 InformationLayer M3 InformationLayer VIA2 InformationLayer M2 Information
    ------------------------------
    Type  Routing  
    Wire Pitch X  0.200 um  
    Wire Pitch Y  0.200 um  
    Offset X  0.100 um  
    Offset Y  0.100 um  
    Wire Width  0.100 um  
    Spacing  0.100 um  
    ------------------------------
    Layer OVERLAP InformationLayer M8 InformationLayer VIA7 InformationLayer M7 InformationLayer VIA6 InformationLayer M6 InformationLayer VIA5 InformationLayer M5 InformationLayer VIA4 InformationLayer M4 InformationLayer VIA3 InformationLayer M3 InformationLayer VIA2 InformationLayer M2 InformationLayer VIA1 Information
    ------------------------------
    Type  Cut  
    Vias  
        ------------------------------
        Via list in layer VIA1
        ------------------------------
                Vias in VIA1  Default  
                  VIA12_4cut      Yes  
               VIA12_2cut_HS      Yes  
               VIA12_2cut_HN      Yes  
                VIA12_2cut_S      Yes  
                VIA12_2cut_N      Yes  
                VIA12_2cut_W      Yes  
                VIA12_2cut_E      Yes  
              VIA12_1cut_FAT      Yes  
            VIA12_1cut_FAT_V      Yes  
            VIA12_1cut_FAT_H      Yes  
            VIA12_1cut_FAT_C      Yes  
                VIA12_1cut_V      Yes  
                VIA12_1cut_H      Yes  
                  VIA12_1cut      Yes  For complete list click here  
    ------------------------------
    Layer OVERLAP InformationLayer M8 InformationLayer VIA7 InformationLayer M7 InformationLayer VIA6 InformationLayer M6 InformationLayer VIA5 InformationLayer M5 InformationLayer VIA4 InformationLayer M4 InformationLayer VIA3 InformationLayer M3 InformationLayer VIA2 InformationLayer M2 InformationLayer VIA1 InformationLayer M1 Information
    ------------------------------
    Type  Routing  
    Wire Pitch X  0.200 um  
    Wire Pitch Y  0.200 um  
    Wire Width  0.090 um  
    Spacing  0.090 um  
    ------------------------------
    Layer OVERLAP InformationLayer M8 InformationLayer VIA7 InformationLayer M7 InformationLayer VIA6 InformationLayer M6 InformationLayer VIA5 InformationLayer M5 InformationLayer VIA4 InformationLayer M4 InformationLayer VIA3 InformationLayer M3 InformationLayer VIA2 InformationLayer M2 InformationLayer VIA1 InformationLayer M1 InformationLayer CO Information
    ------------------------------
    Type  Cut  
    Vias  
        ------------------------------
        Via list in layer CO
        ------------------------------  
    ------------------------------
    Layer OVERLAP InformationLayer M8 InformationLayer VIA7 InformationLayer M7 InformationLayer VIA6 InformationLayer M6 InformationLayer VIA5 InformationLayer M5 InformationLayer VIA4 InformationLayer M4 InformationLayer VIA3 InformationLayer M3 InformationLayer VIA2 InformationLayer M2 InformationLayer VIA1 InformationLayer M1 InformationLayer CO InformationLayer PO Information
    ------------------------------
    Type  Masterslice  18  
# Pins without Physical Port: 0  
# Pins in Library without Timing Lib: 
    ------------------------------
    Pins in Library without timing lib
    ------------------------------
               Cell Name      List of Pin Name  
                 ISOHID1                     I  
                 ISOHID1                   ISO  
                 ISOHID1                     Z  
                 ISOHID2                     I  
                 ISOHID2                   ISO  
                 ISOHID2                     Z  
                 ISOHID4                     I  
                 ISOHID4                   ISO  
                 ISOHID4                     Z  
                 ISOHID8                     I  
                 ISOHID8                   ISO  
                 ISOHID8                     Z  
                 ISOLOD1                     I  
                 ISOLOD1                   ISO  
                 ISOLOD1                     Z  
                 ISOLOD2                     I  
                 ISOLOD2                   ISO  
                 ISOLOD2                     Z  
                 ISOLOD4                     I  
                 ISOLOD4                   ISO  
                 ISOLOD4                     Z  
                 ISOLOD8                     I  
                 ISOLOD8                   ISO  
                 ISOLOD8                     Z  
                 LVLHLD1                     I  
                 LVLHLD1                     Z  
                 LVLHLD2                     I  
                 LVLHLD2                     Z  
                 LVLHLD4                     I  
                 LVLHLD4                     Z  
                 LVLHLD8                     I  
                 LVLHLD8                     Z  
                LVLLHCD1                     I  
                LVLLHCD1                NSLEEP  
                LVLLHCD1                     Z  
                LVLLHCD2                     I  
                LVLLHCD2                NSLEEP  
                LVLLHCD2                     Z  
                LVLLHCD4                     I  
                LVLLHCD4                NSLEEP  
                LVLLHCD4                     Z  
                LVLLHCD8                     I  
                LVLLHCD8                NSLEEP  
                LVLLHCD8                     Z  
                 LVLLHD1                     I  
                 LVLLHD1                     Z  
                 LVLLHD2                     I  
                 LVLLHD2                     Z  
                 LVLLHD4                     I  
                 LVLLHD4                     Z  
                 LVLLHD8                     I  
                 LVLLHD8                     Z  52  
# Pins Missing Direction: 0  
Antenna Summary Report: 
    General Caution:
    ------------------------------
    These Layers have antenna info
    ------------------------------
    M8  
    VIA7  
    M7  
    VIA6  
    M6  
    VIA5  
    M5  
    VIA4  
    M4  
    VIA3  
    M3  
    VIA2  
    M2  
    VIA1  
    M1  
    ------------------------------
    These Layers have no antenna info
    ------------------------------
    CO  
    ------------------------------
    These Pins have antenna info
    ------------------------------
               Cell Name      List of Pin Name  
                   AN2D0                     Z  
                   AN2D0                    A2  
                   AN2D0                    A1  
                   AN2D1                     Z  
                   AN2D1                    A2  
                   AN2D1                    A1  
                   AN2D2                     Z  
                   AN2D2                    A2  
                   AN2D2                    A1  
                   AN2D4                     Z  
                   AN2D4                    A2  
                   AN2D4                    A1  
                   AN2D8                     Z  
                   AN2D8                    A2  
                   AN2D8                    A1  
                  AN2XD1                     Z  
                  AN2XD1                    A2  
                  AN2XD1                    A1  
                   AN3D0                     Z  
                   AN3D0                    A3  
                   AN3D0                    A2  
                   AN3D0                    A1  
                   AN3D1                     Z  
                   AN3D1                    A3  
                   AN3D1                    A2  
                   AN3D1                    A1  
                   AN3D2                     Z  
                   AN3D2                    A3  
                   AN3D2                    A2  
                   AN3D2                    A1  
                   AN3D4                     Z  
                   AN3D4                    A3  
                   AN3D4                    A2  
                   AN3D4                    A1  
                   AN3D8                     Z  
                   AN3D8                    A3  
                   AN3D8                    A2  
                   AN3D8                    A1  
                  AN3XD1                     Z  
                  AN3XD1                    A3  
                  AN3XD1                    A2  
                  AN3XD1                    A1  
                   AN4D0                     Z  
                   AN4D0                    A4  
                   AN4D0                    A3  
                   AN4D0                    A2  
                   AN4D0                    A1  
                   AN4D1                     Z  
                   AN4D1                    A4  
                   AN4D1                    A3  
                   AN4D1                    A2  
                   AN4D1                    A1  
                   AN4D2                     Z  
                   AN4D2                    A4  
                   AN4D2                    A3  
                   AN4D2                    A2  
                   AN4D2                    A1  
                   AN4D4                     Z  
                   AN4D4                    A4  
                   AN4D4                    A3  
                   AN4D4                    A2  
                   AN4D4                    A1  
                   AN4D8                     Z  
                   AN4D8                    A4  
                   AN4D8                    A3  
                   AN4D8                    A2  
                   AN4D8                    A1  
                  AN4XD1                     Z  
                  AN4XD1                    A4  
                  AN4XD1                    A3  
                  AN4XD1                    A2  
                  AN4XD1                    A1  
                 ANTENNA                     I  
                 AO211D0                     Z  
                 AO211D0                     C  
                 AO211D0                     B  
                 AO211D0                    A2  
                 AO211D0                    A1  
                 AO211D1                     Z  
                 AO211D1                     C  
                 AO211D1                     B  
                 AO211D1                    A2  
                 AO211D1                    A1  
                 AO211D2                     Z  
                 AO211D2                     C  
                 AO211D2                     B  
                 AO211D2                    A2  
                 AO211D2                    A1  
                 AO211D4                     Z  
                 AO211D4                     C  
                 AO211D4                     B  
                 AO211D4                    A2  
                 AO211D4                    A1  
                  AO21D0                     Z  
                  AO21D0                     B  
                  AO21D0                    A2  
                  AO21D0                    A1  
                  AO21D1                     Z  
                  AO21D1                     B  
                  AO21D1                    A2  
                  AO21D1                    A1  
                  AO21D2                     Z  
                  AO21D2                     B  
                  AO21D2                    A2  
                  AO21D2                    A1  
                  AO21D4                     Z  
                  AO21D4                     B  
                  AO21D4                    A2  
                  AO21D4                    A1  
                 AO221D0                     Z  
                 AO221D0                     C  
                 AO221D0                    B2  
                 AO221D0                    B1  
                 AO221D0                    A2  
                 AO221D0                    A1  
                 AO221D1                     Z  
                 AO221D1                     C  
                 AO221D1                    B2  
                 AO221D1                    B1  
                 AO221D1                    A2  
                 AO221D1                    A1  
                 AO221D2                     Z  
                 AO221D2                     C  
                 AO221D2                    B2  
                 AO221D2                    B1  
                 AO221D2                    A2  
                 AO221D2                    A1  
                 AO221D4                     Z  
                 AO221D4                     C  
                 AO221D4                    B2  
                 AO221D4                    B1  
                 AO221D4                    A2  
                 AO221D4                    A1  
                 AO222D0                     Z  
                 AO222D0                    C2  
                 AO222D0                    C1  
                 AO222D0                    B2  
                 AO222D0                    B1  
                 AO222D0                    A2  
                 AO222D0                    A1  
                 AO222D1                     Z  
                 AO222D1                    C2  
                 AO222D1                    C1  
                 AO222D1                    B2  
                 AO222D1                    B1  
                 AO222D1                    A2  
                 AO222D1                    A1  
                 AO222D2                     Z  
                 AO222D2                    C2  
                 AO222D2                    C1  
                 AO222D2                    B2  
                 AO222D2                    B1  
                 AO222D2                    A2  
                 AO222D2                    A1  
                 AO222D4                     Z  
                 AO222D4                    C2  
                 AO222D4                    C1  
                 AO222D4                    B2  
                 AO222D4                    B1  
                 AO222D4                    A2  
                 AO222D4                    A1  
                  AO22D0                     Z  
                  AO22D0                    B2  
                  AO22D0                    B1  
                  AO22D0                    A2  
                  AO22D0                    A1  
                  AO22D1                     Z  
                  AO22D1                    B2  
                  AO22D1                    B1  
                  AO22D1                    A2  
                  AO22D1                    A1  
                  AO22D2                     Z  
                  AO22D2                    B2  
                  AO22D2                    B1  
                  AO22D2                    A2  
                  AO22D2                    A1  
                  AO22D4                     Z  
                  AO22D4                    B2  
                  AO22D4                    B1  
                  AO22D4                    A2  
                  AO22D4                    A1  
                  AO31D0                     Z  
                  AO31D0                     B  
                  AO31D0                    A3  
                  AO31D0                    A2  
                  AO31D0                    A1  
                  AO31D1                     Z  
                  AO31D1                     B  
                  AO31D1                    A3  
                  AO31D1                    A2  
                  AO31D1                    A1  
                  AO31D2                     Z  
                  AO31D2                     B  
                  AO31D2                    A3  
                  AO31D2                    A2  
                  AO31D2                    A1  
                  AO31D4                     Z  
                  AO31D4                     B  
                  AO31D4                    A3  
                  AO31D4                    A2  
                  AO31D4                    A1  
                  AO32D0                     Z  
                  AO32D0                    B2  
                  AO32D0                    B1  
                  AO32D0                    A3  
                  AO32D0                    A2  
                  AO32D0                    A1  
                  AO32D1                     Z  
                  AO32D1                    B2  
                  AO32D1                    B1  
                  AO32D1                    A3  
                  AO32D1                    A2  
                  AO32D1                    A1  
                  AO32D2                     Z  
                  AO32D2                    B2  
                  AO32D2                    B1  
                  AO32D2                    A3  
                  AO32D2                    A2  
                  AO32D2                    A1  
                  AO32D4                     Z  
                  AO32D4                    B2  
                  AO32D4                    B1  
                  AO32D4                    A3  
                  AO32D4                    A2  
                  AO32D4                    A1  
                  AO33D0                     Z  
                  AO33D0                    B3  
                  AO33D0                    B2  
                  AO33D0                    B1  
                  AO33D0                    A3  
                  AO33D0                    A2  
                  AO33D0                    A1  
                  AO33D1                     Z  
                  AO33D1                    B3  
                  AO33D1                    B2  
                  AO33D1                    B1  
                  AO33D1                    A3  
                  AO33D1                    A2  
                  AO33D1                    A1  
                  AO33D2                     Z  
                  AO33D2                    B3  
                  AO33D2                    B2  
                  AO33D2                    B1  
                  AO33D2                    A3  
                  AO33D2                    A2  
                  AO33D2                    A1  
                  AO33D4                     Z  
                  AO33D4                    B3  
                  AO33D4                    B2  
                  AO33D4                    B1  
                  AO33D4                    A3  
                  AO33D4                    A2  
                  AO33D4                    A1  
                AOI211D0                    ZN  
                AOI211D0                     C  
                AOI211D0                     B  
                AOI211D0                    A2  
                AOI211D0                    A1  
                AOI211D1                    ZN  
                AOI211D1                     C  
                AOI211D1                     B  
                AOI211D1                    A2  
                AOI211D1                    A1  
                AOI211D2                    ZN  
                AOI211D2                     C  
                AOI211D2                     B  
                AOI211D2                    A2  
                AOI211D2                    A1  
                AOI211D4                    ZN  
                AOI211D4                     C  
                AOI211D4                     B  
                AOI211D4                    A2  
                AOI211D4                    A1  
               AOI211XD0                    ZN  
               AOI211XD0                     C  
               AOI211XD0                     B  
               AOI211XD0                    A2  
               AOI211XD0                    A1  
               AOI211XD1                    ZN  
               AOI211XD1                     C  
               AOI211XD1                     B  
               AOI211XD1                    A2  
               AOI211XD1                    A1  
               AOI211XD2                    ZN  
               AOI211XD2                     C  
               AOI211XD2                     B  
               AOI211XD2                    A2  
               AOI211XD2                    A1  
               AOI211XD4                    ZN  
               AOI211XD4                     C  
               AOI211XD4                     B  
               AOI211XD4                    A2  
               AOI211XD4                    A1  
                 AOI21D0                    ZN  
                 AOI21D0                     B  
                 AOI21D0                    A2  
                 AOI21D0                    A1  
                 AOI21D1                    ZN  
                 AOI21D1                     B  
                 AOI21D1                    A2  
                 AOI21D1                    A1  
                 AOI21D2                    ZN  
                 AOI21D2                     B  
                 AOI21D2                    A2  
                 AOI21D2                    A1  
                 AOI21D4                    ZN  
                 AOI21D4                     B  
                 AOI21D4                    A2  
                 AOI21D4                    A1  
                AOI221D0                    ZN  
                AOI221D0                     C  
                AOI221D0                    B2  
                AOI221D0                    B1  
                AOI221D0                    A2  
                AOI221D0                    A1  
                AOI221D1                    ZN  
                AOI221D1                     C  
                AOI221D1                    B2  
                AOI221D1                    B1  
                AOI221D1                    A2  
                AOI221D1                    A1  
                AOI221D2                    ZN  
                AOI221D2                     C  
                AOI221D2                    B2  
                AOI221D2                    B1  
                AOI221D2                    A2  
                AOI221D2                    A1  
                AOI221D4                    ZN  
                AOI221D4                     C  
                AOI221D4                    B2  
                AOI221D4                    B1  
                AOI221D4                    A2  
                AOI221D4                    A1  
               AOI221XD4                    ZN  
               AOI221XD4                     C  
               AOI221XD4                    B2  
               AOI221XD4                    B1  
               AOI221XD4                    A2  
               AOI221XD4                    A1  
                AOI222D0                    ZN  
                AOI222D0                    C2  
                AOI222D0                    C1  
                AOI222D0                    B2  
                AOI222D0                    B1  
                AOI222D0                    A2  
                AOI222D0                    A1  
                AOI222D1                    ZN  
                AOI222D1                    C2  
                AOI222D1                    C1  
                AOI222D1                    B2  
                AOI222D1                    B1  
                AOI222D1                    A2  
                AOI222D1                    A1  
                AOI222D2                    ZN  
                AOI222D2                    C2  
                AOI222D2                    C1  
                AOI222D2                    B2  
                AOI222D2                    B1  
                AOI222D2                    A2  
                AOI222D2                    A1  
                AOI222D4                    ZN  
                AOI222D4                    C2  
                AOI222D4                    C1  
                AOI222D4                    B2  
                AOI222D4                    B1  
                AOI222D4                    A2  
                AOI222D4                    A1  
               AOI222XD4                    ZN  
               AOI222XD4                    C2  
               AOI222XD4                    C1  
               AOI222XD4                    B2  
               AOI222XD4                    B1  
               AOI222XD4                    A2  
               AOI222XD4                    A1  
                 AOI22D0                    ZN  
                 AOI22D0                    B2  
                 AOI22D0                    B1  
                 AOI22D0                    A2  
                 AOI22D0                    A1  
                 AOI22D1                    ZN  
                 AOI22D1                    B2  
                 AOI22D1                    B1  
                 AOI22D1                    A2  
                 AOI22D1                    A1  
                 AOI22D2                    ZN  
                 AOI22D2                    B2  
                 AOI22D2                    B1  
                 AOI22D2                    A2  
                 AOI22D2                    A1  
                 AOI22D4                    ZN  
                 AOI22D4                    B2  
                 AOI22D4                    B1  
                 AOI22D4                    A2  
                 AOI22D4                    A1  
                 AOI31D0                    ZN  
                 AOI31D0                     B  
                 AOI31D0                    A3  
                 AOI31D0                    A2  
                 AOI31D0                    A1  
                 AOI31D1                    ZN  
                 AOI31D1                     B  
                 AOI31D1                    A3  
                 AOI31D1                    A2  
                 AOI31D1                    A1  
                 AOI31D2                    ZN  
                 AOI31D2                     B  
                 AOI31D2                    A3  
                 AOI31D2                    A2  
                 AOI31D2                    A1  
                 AOI31D4                    ZN  
                 AOI31D4                     B  
                 AOI31D4                    A3  
                 AOI31D4                    A2  
                 AOI31D4                    A1  
                 AOI32D0                    ZN  
                 AOI32D0                    B2  
                 AOI32D0                    B1  
                 AOI32D0                    A3  
                 AOI32D0                    A2  
                 AOI32D0                    A1  
                 AOI32D1                    ZN  
                 AOI32D1                    B2  
                 AOI32D1                    B1  
                 AOI32D1                    A3  
                 AOI32D1                    A2  
                 AOI32D1                    A1  
                 AOI32D2                    ZN  
                 AOI32D2                    B2  
                 AOI32D2                    B1  
                 AOI32D2                    A3  
                 AOI32D2                    A2  
                 AOI32D2                    A1  
                 AOI32D4                    ZN  
                 AOI32D4                    B2  
                 AOI32D4                    B1  
                 AOI32D4                    A3  
                 AOI32D4                    A2  
                 AOI32D4                    A1  
                AOI32XD4                    ZN  
                AOI32XD4                    B2  
                AOI32XD4                    B1  
                AOI32XD4                    A3  
                AOI32XD4                    A2  
                AOI32XD4                    A1  
                 AOI33D0                    ZN  
                 AOI33D0                    B3  
                 AOI33D0                    B2  
                 AOI33D0                    B1  
                 AOI33D0                    A3  
                 AOI33D0                    A2  
                 AOI33D0                    A1  
                 AOI33D1                    ZN  
                 AOI33D1                    B3  
                 AOI33D1                    B2  
                 AOI33D1                    B1  
                 AOI33D1                    A3  
                 AOI33D1                    A2  
                 AOI33D1                    A1  
                 AOI33D2                    ZN  
                 AOI33D2                    B3  
                 AOI33D2                    B2  
                 AOI33D2                    B1  
                 AOI33D2                    A3  
                 AOI33D2                    A2  
                 AOI33D2                    A1  
                 AOI33D4                    ZN  
                 AOI33D4                    B3  
                 AOI33D4                    B2  
                 AOI33D4                    B1  
                 AOI33D4                    A3  
                 AOI33D4                    A2  
                 AOI33D4                    A1  
                AOI33XD4                    ZN  
                AOI33XD4                    B3  
                AOI33XD4                    B2  
                AOI33XD4                    B1  
                AOI33XD4                    A3  
                AOI33XD4                    A2  
                AOI33XD4                    A1  
                  BENCD1                    X2  
                  BENCD1                     S  
                  BENCD1                    M2  
                  BENCD1                    M1  
                  BENCD1                    M0  
                  BENCD1                     A  
                  BENCD2                    X2  
                  BENCD2                     S  
                  BENCD2                    M2  
                  BENCD2                    M1  
                  BENCD2                    M0  
                  BENCD2                     A  
                  BENCD4                    X2  
                  BENCD4                     S  
                  BENCD4                    M2  
                  BENCD4                    M1  
                  BENCD4                    M0  
                  BENCD4                     A  
                     BHD                     Z  
                   BMLD1                    X2  
                   BMLD1                     S  
                   BMLD1                    PP  
                   BMLD1                    M1  
                   BMLD1                    M0  
                   BMLD1                     A  
                   BMLD2                    X2  
                   BMLD2                     S  
                   BMLD2                    PP  
                   BMLD2                    M1  
                   BMLD2                    M0  
                   BMLD2                     A  
                   BMLD4                    X2  
                   BMLD4                     S  
                   BMLD4                    PP  
                   BMLD4                    M1  
                   BMLD4                    M0  
                   BMLD4                     A  
                  BUFFD0                     Z  
                  BUFFD0                     I  
                  BUFFD1                     Z  
                  BUFFD1                     I  
                 BUFFD12                     Z  
                 BUFFD12                     I  
                 BUFFD16                     Z  
                 BUFFD16                     I  
                  BUFFD2                     Z  
                  BUFFD2                     I  
                 BUFFD20                     Z  
                 BUFFD20                     I  
                 BUFFD24                     Z  
                 BUFFD24                     I  
                  BUFFD3                     Z  
                  BUFFD3                     I  
                  BUFFD4                     Z  
                  BUFFD4                     I  
                  BUFFD6                     Z  
                  BUFFD6                     I  
                  BUFFD8                     Z  
                  BUFFD8                     I  
                  BUFTD0                     Z  
                  BUFTD0                    OE  
                  BUFTD0                     I  
                  BUFTD1                     Z  
                  BUFTD1                    OE  
                  BUFTD1                     I  
                 BUFTD12                     Z  
                 BUFTD12                    OE  
                 BUFTD12                     I  
                 BUFTD16                     Z  
                 BUFTD16                    OE  
                 BUFTD16                     I  
                  BUFTD2                     Z  
                  BUFTD2                    OE  
                  BUFTD2                     I  
                 BUFTD20                     Z  
                 BUFTD20                    OE  
                 BUFTD20                     I  
                 BUFTD24                     Z  
                 BUFTD24                    OE  
                 BUFTD24                     I  
                  BUFTD3                     Z  
                  BUFTD3                    OE  
                  BUFTD3                     I  
                  BUFTD4                     Z  
                  BUFTD4                    OE  
                  BUFTD4                     I  
                  BUFTD6                     Z  
                  BUFTD6                    OE  
                  BUFTD6                     I  
                  BUFTD8                     Z  
                  BUFTD8                    OE  
                  BUFTD8                     I  
                 CKAN2D0                     Z  
                 CKAN2D0                    A2  
                 CKAN2D0                    A1  
                 CKAN2D1                     Z  
                 CKAN2D1                    A2  
                 CKAN2D1                    A1  
                 CKAN2D2                     Z  
                 CKAN2D2                    A2  
                 CKAN2D2                    A1  
                 CKAN2D4                     Z  
                 CKAN2D4                    A2  
                 CKAN2D4                    A1  
                 CKAN2D8                     Z  
                 CKAN2D8                    A2  
                 CKAN2D8                    A1  
                   CKBD0                     Z  
                   CKBD0                     I  
                   CKBD1                     Z  
                   CKBD1                     I  
                  CKBD12                     Z  
                  CKBD12                     I  
                  CKBD16                     Z  
                  CKBD16                     I  
                   CKBD2                     Z  
                   CKBD2                     I  
                  CKBD20                     Z  
                  CKBD20                     I  
                  CKBD24                     Z  
                  CKBD24                     I  
                   CKBD3                     Z  
                   CKBD3                     I  
                   CKBD4                     Z  
                   CKBD4                     I  
                   CKBD6                     Z  
                   CKBD6                     I  
                   CKBD8                     Z  
                   CKBD8                     I  
                 CKLHQD1                    TE  
                 CKLHQD1                     Q  
                 CKLHQD1                     E  
                 CKLHQD1                   CPN  
                CKLHQD12                    TE  
                CKLHQD12                     Q  
                CKLHQD12                     E  
                CKLHQD12                   CPN  
                CKLHQD16                    TE  
                CKLHQD16                     Q  
                CKLHQD16                     E  
                CKLHQD16                   CPN  
                 CKLHQD2                    TE  
                 CKLHQD2                     Q  
                 CKLHQD2                     E  
                 CKLHQD2                   CPN  
                CKLHQD20                    TE  
                CKLHQD20                     Q  
                CKLHQD20                     E  
                CKLHQD20                   CPN  
                CKLHQD24                    TE  
                CKLHQD24                     Q  
                CKLHQD24                     E  
                CKLHQD24                   CPN  
                 CKLHQD3                    TE  
                 CKLHQD3                     Q  
                 CKLHQD3                     E  
                 CKLHQD3                   CPN  
                 CKLHQD4                    TE  
                 CKLHQD4                     Q  
                 CKLHQD4                     E  
                 CKLHQD4                   CPN  
                 CKLHQD6                    TE  
                 CKLHQD6                     Q  
                 CKLHQD6                     E  
                 CKLHQD6                   CPN  
                 CKLHQD8                    TE  
                 CKLHQD8                     Q  
                 CKLHQD8                     E  
                 CKLHQD8                   CPN  
                 CKLNQD1                    TE  
                 CKLNQD1                     Q  
                 CKLNQD1                     E  
                 CKLNQD1                    CP  
                CKLNQD12                    TE  
                CKLNQD12                     Q  
                CKLNQD12                     E  
                CKLNQD12                    CP  
                CKLNQD16                    TE  
                CKLNQD16                     Q  
                CKLNQD16                     E  
                CKLNQD16                    CP  
                 CKLNQD2                    TE  
                 CKLNQD2                     Q  
                 CKLNQD2                     E  
                 CKLNQD2                    CP  
                CKLNQD20                    TE  
                CKLNQD20                     Q  
                CKLNQD20                     E  
                CKLNQD20                    CP  
                CKLNQD24                    TE  
                CKLNQD24                     Q  
                CKLNQD24                     E  
                CKLNQD24                    CP  
                 CKLNQD3                    TE  
                 CKLNQD3                     Q  
                 CKLNQD3                     E  
                 CKLNQD3                    CP  
                 CKLNQD4                    TE  
                 CKLNQD4                     Q  
                 CKLNQD4                     E  
                 CKLNQD4                    CP  
                 CKLNQD6                    TE  
                 CKLNQD6                     Q  
                 CKLNQD6                     E  
                 CKLNQD6                    CP  
                 CKLNQD8                    TE  
                 CKLNQD8                     Q  
                 CKLNQD8                     E  
                 CKLNQD8                    CP  
                CKMUX2D0                     Z  
                CKMUX2D0                     S  
                CKMUX2D0                    I1  
                CKMUX2D0                    I0  
                CKMUX2D1                     Z  
                CKMUX2D1                     S  
                CKMUX2D1                    I1  
                CKMUX2D1                    I0  
                CKMUX2D2                     Z  
                CKMUX2D2                     S  
                CKMUX2D2                    I1  
                CKMUX2D2                    I0  
                CKMUX2D4                     Z  
                CKMUX2D4                     S  
                CKMUX2D4                    I1  
                CKMUX2D4                    I0  
                   CKND0                    ZN  
                   CKND0                     I  
                   CKND1                    ZN  
                   CKND1                     I  
                  CKND12                    ZN  
                  CKND12                     I  
                  CKND16                    ZN  
                  CKND16                     I  
                   CKND2                    ZN  
                   CKND2                     I  
                  CKND20                    ZN  
                  CKND20                     I  
                  CKND24                    ZN  
                  CKND24                     I  
                 CKND2D0                    ZN  
                 CKND2D0                    A2  
                 CKND2D0                    A1  
                 CKND2D1                    ZN  
                 CKND2D1                    A2  
                 CKND2D1                    A1  
                 CKND2D2                    ZN  
                 CKND2D2                    A2  
                 CKND2D2                    A1  
                 CKND2D3                    ZN  
                 CKND2D3                    A2  
                 CKND2D3                    A1  
                 CKND2D4                    ZN  
                 CKND2D4                    A2  
                 CKND2D4                    A1  
                 CKND2D8                    ZN  
                 CKND2D8                    A2  
                 CKND2D8                    A1  
                   CKND3                    ZN  
                   CKND3                     I  
                   CKND4                    ZN  
                   CKND4                     I  
                   CKND6                    ZN  
                   CKND6                     I  
                   CKND8                    ZN  
                   CKND8                     I  
                CKXOR2D0                     Z  
                CKXOR2D0                    A2  
                CKXOR2D0                    A1  
                CKXOR2D1                     Z  
                CKXOR2D1                    A2  
                CKXOR2D1                    A1  
                CKXOR2D2                     Z  
                CKXOR2D2                    A2  
                CKXOR2D2                    A1  
                CKXOR2D4                     Z  
                CKXOR2D4                    A2  
                CKXOR2D4                    A1  
                CMPE42D1                     S  
                CMPE42D1                     D  
                CMPE42D1                   COX  
                CMPE42D1                    CO  
                CMPE42D1                   CIX  
                CMPE42D1                     C  
                CMPE42D1                     B  
                CMPE42D1                     A  
                CMPE42D2                     S  
                CMPE42D2                     D  
                CMPE42D2                   COX  
                CMPE42D2                    CO  
                CMPE42D2                   CIX  
                CMPE42D2                     C  
                CMPE42D2                     B  
                CMPE42D2                     A  
                    DEL0                     Z  
                    DEL0                     I  
                  DEL005                     Z  
                  DEL005                     I  
                   DEL01                     Z  
                   DEL01                     I  
                  DEL015                     Z  
                  DEL015                     I  
                   DEL02                     Z  
                   DEL02                     I  
                    DEL1                     Z  
                    DEL1                     I  
                    DEL2                     Z  
                    DEL2                     I  
                    DEL3                     Z  
                    DEL3                     I  
                    DEL4                     Z  
                    DEL4                     I  
                  DFCND1                    QN  
                  DFCND1                     Q  
                  DFCND1                     D  
                  DFCND1                    CP  
                  DFCND1                   CDN  
                  DFCND2                    QN  
                  DFCND2                     Q  
                  DFCND2                     D  
                  DFCND2                    CP  
                  DFCND2                   CDN  
                  DFCND4                    QN  
                  DFCND4                     Q  
                  DFCND4                     D  
                  DFCND4                    CP  
                  DFCND4                   CDN  
                 DFCNQD1                     Q  
                 DFCNQD1                     D  
                 DFCNQD1                    CP  
                 DFCNQD1                   CDN  
                 DFCNQD2                     Q  
                 DFCNQD2                     D  
                 DFCNQD2                    CP  
                 DFCNQD2                   CDN  
                 DFCNQD4                     Q  
                 DFCNQD4                     D  
                 DFCNQD4                    CP  
                 DFCNQD4                   CDN  
                 DFCSND1                   SDN  
                 DFCSND1                    QN  
                 DFCSND1                     Q  
                 DFCSND1                     D  
                 DFCSND1                    CP  
                 DFCSND1                   CDN  
                 DFCSND2                   SDN  
                 DFCSND2                    QN  
                 DFCSND2                     Q  
                 DFCSND2                     D  
                 DFCSND2                    CP  
                 DFCSND2                   CDN  
                 DFCSND4                   SDN  
                 DFCSND4                    QN  
                 DFCSND4                     Q  
                 DFCSND4                     D  
                 DFCSND4                    CP  
                 DFCSND4                   CDN  
                DFCSNQD1                   SDN  
                DFCSNQD1                     Q  
                DFCSNQD1                     D  
                DFCSNQD1                    CP  
                DFCSNQD1                   CDN  
                DFCSNQD2                   SDN  
                DFCSNQD2                     Q  
                DFCSNQD2                     D  
                DFCSNQD2                    CP  
                DFCSNQD2                   CDN  
                DFCSNQD4                   SDN  
                DFCSNQD4                     Q  
                DFCSNQD4                     D  
                DFCSNQD4                    CP  
                DFCSNQD4                   CDN  
                    DFD1                    QN  
                    DFD1                     Q  
                    DFD1                     D  
                    DFD1                    CP  
                    DFD2                    QN  
                    DFD2                     Q  
                    DFD2                     D  
                    DFD2                    CP  
                    DFD4                    QN  
                    DFD4                     Q  
                    DFD4                     D  
                    DFD4                    CP  
                 DFKCND1                    QN  
                 DFKCND1                     Q  
                 DFKCND1                     D  
                 DFKCND1                    CP  
                 DFKCND1                    CN  
                 DFKCND2                    QN  
                 DFKCND2                     Q  
                 DFKCND2                     D  
                 DFKCND2                    CP  
                 DFKCND2                    CN  
                 DFKCND4                    QN  
                 DFKCND4                     Q  
                 DFKCND4                     D  
                 DFKCND4                    CP  
                 DFKCND4                    CN  
                DFKCNQD1                     Q  
                DFKCNQD1                     D  
                DFKCNQD1                    CP  
                DFKCNQD1                    CN  
                DFKCNQD2                     Q  
                DFKCNQD2                     D  
                DFKCNQD2                    CP  
                DFKCNQD2                    CN  
                DFKCNQD4                     Q  
                DFKCNQD4                     D  
                DFKCNQD4                    CP  
                DFKCNQD4                    CN  
                DFKCSND1                    SN  
                DFKCSND1                    QN  
                DFKCSND1                     Q  
                DFKCSND1                     D  
                DFKCSND1                    CP  
                DFKCSND1                    CN  
                DFKCSND2                    SN  
                DFKCSND2                    QN  
                DFKCSND2                     Q  
                DFKCSND2                     D  
                DFKCSND2                    CP  
                DFKCSND2                    CN  
                DFKCSND4                    SN  
                DFKCSND4                    QN  
                DFKCSND4                     Q  
                DFKCSND4                     D  
                DFKCSND4                    CP  
                DFKCSND4                    CN  
                 DFKSND1                    SN  
                 DFKSND1                    QN  
                 DFKSND1                     Q  
                 DFKSND1                     D  
                 DFKSND1                    CP  
                 DFKSND2                    SN  
                 DFKSND2                    QN  
                 DFKSND2                     Q  
                 DFKSND2                     D  
                 DFKSND2                    CP  
                 DFKSND4                    SN  
                 DFKSND4                    QN  
                 DFKSND4                     Q  
                 DFKSND4                     D  
                 DFKSND4                    CP  
                 DFNCND1                    QN  
                 DFNCND1                     Q  
                 DFNCND1                     D  
                 DFNCND1                   CPN  
                 DFNCND1                   CDN  
                 DFNCND2                    QN  
                 DFNCND2                     Q  
                 DFNCND2                     D  
                 DFNCND2                   CPN  
                 DFNCND2                   CDN  
                 DFNCND4                    QN  
                 DFNCND4                     Q  
                 DFNCND4                     D  
                 DFNCND4                   CPN  
                 DFNCND4                   CDN  
                DFNCSND1                   SDN  
                DFNCSND1                    QN  
                DFNCSND1                     Q  
                DFNCSND1                     D  
                DFNCSND1                   CPN  
                DFNCSND1                   CDN  
                DFNCSND2                   SDN  
                DFNCSND2                    QN  
                DFNCSND2                     Q  
                DFNCSND2                     D  
                DFNCSND2                   CPN  
                DFNCSND2                   CDN  
                DFNCSND4                   SDN  
                DFNCSND4                    QN  
                DFNCSND4                     Q  
                DFNCSND4                     D  
                DFNCSND4                   CPN  
                DFNCSND4                   CDN  
                   DFND1                    QN  
                   DFND1                     Q  
                   DFND1                     D  
                   DFND1                   CPN  
                   DFND2                    QN  
                   DFND2                     Q  
                   DFND2                     D  
                   DFND2                   CPN  
                   DFND4                    QN  
                   DFND4                     Q  
                   DFND4                     D  
                   DFND4                   CPN  
                 DFNSND1                   SDN  
                 DFNSND1                    QN  
                 DFNSND1                     Q  
                 DFNSND1                     D  
                 DFNSND1                   CPN  
                 DFNSND2                   SDN  
                 DFNSND2                    QN  
                 DFNSND2                     Q  
                 DFNSND2                     D  
                 DFNSND2                   CPN  
                 DFNSND4                   SDN  
                 DFNSND4                    QN  
                 DFNSND4                     Q  
                 DFNSND4                     D  
                 DFNSND4                   CPN  
                   DFQD1                     Q  
                   DFQD1                     D  
                   DFQD1                    CP  
                   DFQD2                     Q  
                   DFQD2                     D  
                   DFQD2                    CP  
                   DFQD4                     Q  
                   DFQD4                     D  
                   DFQD4                    CP  
                  DFSND1                   SDN  
                  DFSND1                    QN  
                  DFSND1                     Q  
                  DFSND1                     D  
                  DFSND1                    CP  
                  DFSND2                   SDN  
                  DFSND2                    QN  
                  DFSND2                     Q  
                  DFSND2                     D  
                  DFSND2                    CP  
                  DFSND4                   SDN  
                  DFSND4                    QN  
                  DFSND4                     Q  
                  DFSND4                     D  
                  DFSND4                    CP  
                 DFSNQD1                   SDN  
                 DFSNQD1                     Q  
                 DFSNQD1                     D  
                 DFSNQD1                    CP  
                 DFSNQD2                   SDN  
                 DFSNQD2                     Q  
                 DFSNQD2                     D  
                 DFSNQD2                    CP  
                 DFSNQD4                   SDN  
                 DFSNQD4                     Q  
                 DFSNQD4                     D  
                 DFSNQD4                    CP  
                   DFXD1                    SA  
                   DFXD1                    QN  
                   DFXD1                     Q  
                   DFXD1                    DB  
                   DFXD1                    DA  
                   DFXD1                    CP  
                   DFXD2                    SA  
                   DFXD2                    QN  
                   DFXD2                     Q  
                   DFXD2                    DB  
                   DFXD2                    DA  
                   DFXD2                    CP  
                   DFXD4                    SA  
                   DFXD4                    QN  
                   DFXD4                     Q  
                   DFXD4                    DB  
                   DFXD4                    DA  
                   DFXD4                    CP  
                  DFXQD1                    SA  
                  DFXQD1                     Q  
                  DFXQD1                    DB  
                  DFXQD1                    DA  
                  DFXQD1                    CP  
                  DFXQD2                    SA  
                  DFXQD2                     Q  
                  DFXQD2                    DB  
                  DFXQD2                    DA  
                  DFXQD2                    CP  
                  DFXQD4                    SA  
                  DFXQD4                     Q  
                  DFXQD4                    DB  
                  DFXQD4                    DA  
                  DFXQD4                    CP  
                 EDFCND1                    QN  
                 EDFCND1                     Q  
                 EDFCND1                     E  
                 EDFCND1                     D  
                 EDFCND1                    CP  
                 EDFCND1                   CDN  
                 EDFCND2                    QN  
                 EDFCND2                     Q  
                 EDFCND2                     E  
                 EDFCND2                     D  
                 EDFCND2                    CP  
                 EDFCND2                   CDN  
                 EDFCND4                    QN  
                 EDFCND4                     Q  
                 EDFCND4                     E  
                 EDFCND4                     D  
                 EDFCND4                    CP  
                 EDFCND4                   CDN  
                EDFCNQD1                     Q  
                EDFCNQD1                     E  
                EDFCNQD1                     D  
                EDFCNQD1                    CP  
                EDFCNQD1                   CDN  
                EDFCNQD2                     Q  
                EDFCNQD2                     E  
                EDFCNQD2                     D  
                EDFCNQD2                    CP  
                EDFCNQD2                   CDN  
                EDFCNQD4                     Q  
                EDFCNQD4                     E  
                EDFCNQD4                     D  
                EDFCNQD4                    CP  
                EDFCNQD4                   CDN  
                   EDFD1                    QN  
                   EDFD1                     Q  
                   EDFD1                     E  
                   EDFD1                     D  
                   EDFD1                    CP  
                   EDFD2                    QN  
                   EDFD2                     Q  
                   EDFD2                     E  
                   EDFD2                     D  
                   EDFD2                    CP  
                   EDFD4                    QN  
                   EDFD4                     Q  
                   EDFD4                     E  
                   EDFD4                     D  
                   EDFD4                    CP  
                EDFKCND1                    QN  
                EDFKCND1                     Q  
                EDFKCND1                     E  
                EDFKCND1                     D  
                EDFKCND1                    CP  
                EDFKCND1                    CN  
                EDFKCND2                    QN  
                EDFKCND2                     Q  
                EDFKCND2                     E  
                EDFKCND2                     D  
                EDFKCND2                    CP  
                EDFKCND2                    CN  
                EDFKCND4                    QN  
                EDFKCND4                     Q  
                EDFKCND4                     E  
                EDFKCND4                     D  
                EDFKCND4                    CP  
                EDFKCND4                    CN  
               EDFKCNQD1                     Q  
               EDFKCNQD1                     E  
               EDFKCNQD1                     D  
               EDFKCNQD1                    CP  
               EDFKCNQD1                    CN  
               EDFKCNQD2                     Q  
               EDFKCNQD2                     E  
               EDFKCNQD2                     D  
               EDFKCNQD2                    CP  
               EDFKCNQD2                    CN  
               EDFKCNQD4                     Q  
               EDFKCNQD4                     E  
               EDFKCNQD4                     D  
               EDFKCNQD4                    CP  
               EDFKCNQD4                    CN  
                  EDFQD1                     Q  
                  EDFQD1                     E  
                  EDFQD1                     D  
                  EDFQD1                    CP  
                  EDFQD2                     Q  
                  EDFQD2                     E  
                  EDFQD2                     D  
                  EDFQD2                    CP  
                  EDFQD4                     Q  
                  EDFQD4                     E  
                  EDFQD4                     D  
                  EDFQD4                    CP  
                   FA1D0                     S  
                   FA1D0                    CO  
                   FA1D0                    CI  
                   FA1D0                     B  
                   FA1D0                     A  
                   FA1D1                     S  
                   FA1D1                    CO  
                   FA1D1                    CI  
                   FA1D1                     B  
                   FA1D1                     A  
                   FA1D2                     S  
                   FA1D2                    CO  
                   FA1D2                    CI  
                   FA1D2                     B  
                   FA1D2                     A  
                   FA1D4                     S  
                   FA1D4                    CO  
                   FA1D4                    CI  
                   FA1D4                     B  
                   FA1D4                     A  
                FCICIND1                    CO  
                FCICIND1                   CIN  
                FCICIND1                     B  
                FCICIND1                     A  
                FCICIND2                    CO  
                FCICIND2                   CIN  
                FCICIND2                     B  
                FCICIND2                     A  
                FCICOND1                   CON  
                FCICOND1                    CI  
                FCICOND1                     B  
                FCICOND1                     A  
                FCICOND2                   CON  
                FCICOND2                    CI  
                FCICOND2                     B  
                FCICOND2                     A  
               FCSICIND1                     S  
               FCSICIND1                    CS  
               FCSICIND1                   CO1  
               FCSICIND1                   CO0  
               FCSICIND1                  CIN1  
               FCSICIND1                  CIN0  
               FCSICIND1                     B  
               FCSICIND1                     A  
               FCSICIND2                     S  
               FCSICIND2                    CS  
               FCSICIND2                   CO1  
               FCSICIND2                   CO0  
               FCSICIND2                  CIN1  
               FCSICIND2                  CIN0  
               FCSICIND2                     B  
               FCSICIND2                     A  
               FCSICOND1                     S  
               FCSICOND1                    CS  
               FCSICOND1                  CON1  
               FCSICOND1                  CON0  
               FCSICOND1                   CI1  
               FCSICOND1                   CI0  
               FCSICOND1                     B  
               FCSICOND1                     A  
               FCSICOND2                     S  
               FCSICOND2                    CS  
               FCSICOND2                  CON1  
               FCSICOND2                  CON0  
               FCSICOND2                   CI1  
               FCSICOND2                   CI0  
               FCSICOND2                     B  
               FCSICOND2                     A  
                 FICIND1                     S  
                 FICIND1                    CO  
                 FICIND1                   CIN  
                 FICIND1                     B  
                 FICIND1                     A  
                 FICIND2                     S  
                 FICIND2                    CO  
                 FICIND2                   CIN  
                 FICIND2                     B  
                 FICIND2                     A  
                 FICOND1                     S  
                 FICOND1                   CON  
                 FICOND1                    CI  
                 FICOND1                     B  
                 FICOND1                     A  
                 FICOND2                     S  
                 FICOND2                   CON  
                 FICOND2                    CI  
                 FICOND2                     B  
                 FICOND2                     A  
                FIICOND1                     S  
                FIICOND1                  CON1  
                FIICOND1                  CON0  
                FIICOND1                     C  
                FIICOND1                     B  
                FIICOND1                     A  
                FIICOND2                     S  
                FIICOND2                  CON1  
                FIICOND2                  CON0  
                FIICOND2                     C  
                FIICOND2                     B  
                FIICOND2                     A  
                  GAN2D1                     Z  
                  GAN2D1                    A2  
                  GAN2D1                    A1  
                  GAN2D2                     Z  
                  GAN2D2                    A2  
                  GAN2D2                    A1  
                GAOI21D1                    ZN  
                GAOI21D1                     B  
                GAOI21D1                    A2  
                GAOI21D1                    A1  
                GAOI21D2                    ZN  
                GAOI21D2                     B  
                GAOI21D2                    A2  
                GAOI21D2                    A1  
                GAOI22D1                    ZN  
                GAOI22D1                    B2  
                GAOI22D1                    B1  
                GAOI22D1                    A2  
                GAOI22D1                    A1  
                 GBUFFD1                     Z  
                 GBUFFD1                     I  
                 GBUFFD2                     Z  
                 GBUFFD2                     I  
                 GBUFFD3                     Z  
                 GBUFFD3                     I  
                 GBUFFD4                     Z  
                 GBUFFD4                     I  
                 GBUFFD8                     Z  
                 GBUFFD8                     I  
                GDFCNQD1                     Q  
                GDFCNQD1                     D  
                GDFCNQD1                    CP  
                GDFCNQD1                   CDN  
                  GDFQD1                     Q  
                  GDFQD1                     D  
                  GDFQD1                    CP  
                  GINVD1                    ZN  
                  GINVD1                     I  
                  GINVD2                    ZN  
                  GINVD2                     I  
                  GINVD3                    ZN  
                  GINVD3                     I  
                  GINVD4                    ZN  
                  GINVD4                     I  
                  GINVD8                    ZN  
                  GINVD8                     I  
                 GMUX2D1                     Z  
                 GMUX2D1                     S  
                 GMUX2D1                    I1  
                 GMUX2D1                    I0  
                 GMUX2D2                     Z  
                 GMUX2D2                     S  
                 GMUX2D2                    I1  
                 GMUX2D2                    I0  
                GMUX2ND1                    ZN  
                GMUX2ND1                     S  
                GMUX2ND1                    I1  
                GMUX2ND1                    I0  
                GMUX2ND2                    ZN  
                GMUX2ND2                     S  
                GMUX2ND2                    I1  
                GMUX2ND2                    I0  
                  GND2D1                    ZN  
                  GND2D1                    A2  
                  GND2D1                    A1  
                  GND2D2                    ZN  
                  GND2D2                    A2  
                  GND2D2                    A1  
                  GND2D3                    ZN  
                  GND2D3                    A2  
                  GND2D3                    A1  
                  GND2D4                    ZN  
                  GND2D4                    A2  
                  GND2D4                    A1  
                  GND3D1                    ZN  
                  GND3D1                    A3  
                  GND3D1                    A2  
                  GND3D1                    A1  
                  GND3D2                    ZN  
                  GND3D2                    A3  
                  GND3D2                    A2  
                  GND3D2                    A1  
                  GNR2D1                    ZN  
                  GNR2D1                    A2  
                  GNR2D1                    A1  
                  GNR2D2                    ZN  
                  GNR2D2                    A2  
                  GNR2D2                    A1  
                  GNR3D1                    ZN  
                  GNR3D1                    A3  
                  GNR3D1                    A2  
                  GNR3D1                    A1  
                  GNR3D2                    ZN  
                  GNR3D2                    A3  
                  GNR3D2                    A2  
                  GNR3D2                    A1  
                GOAI21D1                    ZN  
                GOAI21D1                     B  
                GOAI21D1                    A2  
                GOAI21D1                    A1  
                GOAI21D2                    ZN  
                GOAI21D2                     B  
                GOAI21D2                    A2  
                GOAI21D2                    A1  
                  GOR2D1                     Z  
                  GOR2D1                    A2  
                  GOR2D1                    A1  
                  GOR2D2                     Z  
                  GOR2D2                    A2  
                  GOR2D2                    A1  
               GSDFCNQD1                    SI  
               GSDFCNQD1                    SE  
               GSDFCNQD1                     Q  
               GSDFCNQD1                     D  
               GSDFCNQD1                    CP  
               GSDFCNQD1                   CDN  
                   GTIEH                     Z  
                   GTIEL                    ZN  
                 GXNR2D1                    ZN  
                 GXNR2D1                    A2  
                 GXNR2D1                    A1  
                 GXNR2D2                    ZN  
                 GXNR2D2                    A2  
                 GXNR2D2                    A1  
                 GXOR2D1                     Z  
                 GXOR2D1                    A2  
                 GXOR2D1                    A1  
                 GXOR2D2                     Z  
                 GXOR2D2                    A2  
                 GXOR2D2                    A1  
                   HA1D0                     S  
                   HA1D0                    CO  
                   HA1D0                     B  
                   HA1D0                     A  
                   HA1D1                     S  
                   HA1D1                    CO  
                   HA1D1                     B  
                   HA1D1                     A  
                   HA1D2                     S  
                   HA1D2                    CO  
                   HA1D2                     B  
                   HA1D2                     A  
                   HA1D4                     S  
                   HA1D4                    CO  
                   HA1D4                     B  
                   HA1D4                     A  
               HCOSCIND1                     S  
               HCOSCIND1                    CS  
               HCOSCIND1                    CO  
               HCOSCIND1                   CIN  
               HCOSCIND1                     A  
               HCOSCIND2                     S  
               HCOSCIND2                    CS  
               HCOSCIND2                    CO  
               HCOSCIND2                   CIN  
               HCOSCIND2                     A  
               HCOSCOND1                     S  
               HCOSCOND1                    CS  
               HCOSCOND1                   CON  
               HCOSCOND1                    CI  
               HCOSCOND1                     A  
               HCOSCOND2                     S  
               HCOSCOND2                    CS  
               HCOSCOND2                   CON  
               HCOSCOND2                    CI  
               HCOSCOND2                     A  
                 HICIND1                     S  
                 HICIND1                    CO  
                 HICIND1                   CIN  
                 HICIND1                     A  
                 HICIND2                     S  
                 HICIND2                    CO  
                 HICIND2                   CIN  
                 HICIND2                     A  
                 HICOND1                     S  
                 HICOND1                   CON  
                 HICOND1                    CI  
                 HICOND1                     A  
                 HICOND2                     S  
                 HICOND2                   CON  
                 HICOND2                    CI  
                 HICOND2                     A  
                 IAO21D0                    ZN  
                 IAO21D0                     B  
                 IAO21D0                    A2  
                 IAO21D0                    A1  
                 IAO21D1                    ZN  
                 IAO21D1                     B  
                 IAO21D1                    A2  
                 IAO21D1                    A1  
                 IAO21D2                    ZN  
                 IAO21D2                     B  
                 IAO21D2                    A2  
                 IAO21D2                    A1  
                 IAO21D4                    ZN  
                 IAO21D4                     B  
                 IAO21D4                    A2  
                 IAO21D4                    A1  
                 IAO22D0                    ZN  
                 IAO22D0                    B2  
                 IAO22D0                    B1  
                 IAO22D0                    A2  
                 IAO22D0                    A1  
                 IAO22D1                    ZN  
                 IAO22D1                    B2  
                 IAO22D1                    B1  
                 IAO22D1                    A2  
                 IAO22D1                    A1  
                 IAO22D2                    ZN  
                 IAO22D2                    B2  
                 IAO22D2                    B1  
                 IAO22D2                    A2  
                 IAO22D2                    A1  
                 IAO22D4                    ZN  
                 IAO22D4                    B2  
                 IAO22D4                    B1  
                 IAO22D4                    A2  
                 IAO22D4                    A1  
                 IIND4D0                    ZN  
                 IIND4D0                    B2  
                 IIND4D0                    B1  
                 IIND4D0                    A2  
                 IIND4D0                    A1  
                 IIND4D1                    ZN  
                 IIND4D1                    B2  
                 IIND4D1                    B1  
                 IIND4D1                    A2  
                 IIND4D1                    A1  
                 IIND4D2                    ZN  
                 IIND4D2                    B2  
                 IIND4D2                    B1  
                 IIND4D2                    A2  
                 IIND4D2                    A1  
                 IIND4D4                    ZN  
                 IIND4D4                    B2  
                 IIND4D4                    B1  
                 IIND4D4                    A2  
                 IIND4D4                    A1  
                 IINR4D0                    ZN  
                 IINR4D0                    B2  
                 IINR4D0                    B1  
                 IINR4D0                    A2  
                 IINR4D0                    A1  
                 IINR4D1                    ZN  
                 IINR4D1                    B2  
                 IINR4D1                    B1  
                 IINR4D1                    A2  
                 IINR4D1                    A1  
                 IINR4D2                    ZN  
                 IINR4D2                    B2  
                 IINR4D2                    B1  
                 IINR4D2                    A2  
                 IINR4D2                    A1  
                 IINR4D4                    ZN  
                 IINR4D4                    B2  
                 IINR4D4                    B1  
                 IINR4D4                    A2  
                 IINR4D4                    A1  
                  IND2D0                    ZN  
                  IND2D0                    B1  
                  IND2D0                    A1  
                  IND2D1                    ZN  
                  IND2D1                    B1  
                  IND2D1                    A1  
                  IND2D2                    ZN  
                  IND2D2                    B1  
                  IND2D2                    A1  
                  IND2D4                    ZN  
                  IND2D4                    B1  
                  IND2D4                    A1  
                  IND3D0                    ZN  
                  IND3D0                    B2  
                  IND3D0                    B1  
                  IND3D0                    A1  
                  IND3D1                    ZN  
                  IND3D1                    B2  
                  IND3D1                    B1  
                  IND3D1                    A1  
                  IND3D2                    ZN  
                  IND3D2                    B2  
                  IND3D2                    B1  
                  IND3D2                    A1  
                  IND3D4                    ZN  
                  IND3D4                    B2  
                  IND3D4                    B1  
                  IND3D4                    A1  
                  IND4D0                    ZN  
                  IND4D0                    B3  
                  IND4D0                    B2  
                  IND4D0                    B1  
                  IND4D0                    A1  
                  IND4D1                    ZN  
                  IND4D1                    B3  
                  IND4D1                    B2  
                  IND4D1                    B1  
                  IND4D1                    A1  
                  IND4D2                    ZN  
                  IND4D2                    B3  
                  IND4D2                    B2  
                  IND4D2                    B1  
                  IND4D2                    A1  
                  IND4D4                    ZN  
                  IND4D4                    B3  
                  IND4D4                    B2  
                  IND4D4                    B1  
                  IND4D4                    A1  
                  INR2D0                    ZN  
                  INR2D0                    B1  
                  INR2D0                    A1  
                  INR2D1                    ZN  
                  INR2D1                    B1  
                  INR2D1                    A1  
                  INR2D2                    ZN  
                  INR2D2                    B1  
                  INR2D2                    A1  
                  INR2D4                    ZN  
                  INR2D4                    B1  
                  INR2D4                    A1  
                 INR2XD0                    ZN  
                 INR2XD0                    B1  
                 INR2XD0                    A1  
                 INR2XD1                    ZN  
                 INR2XD1                    B1  
                 INR2XD1                    A1  
                 INR2XD2                    ZN  
                 INR2XD2                    B1  
                 INR2XD2                    A1  
                 INR2XD4                    ZN  
                 INR2XD4                    B1  
                 INR2XD4                    A1  
                  INR3D0                    ZN  
                  INR3D0                    B2  
                  INR3D0                    B1  
                  INR3D0                    A1  
                  INR3D1                    ZN  
                  INR3D1                    B2  
                  INR3D1                    B1  
                  INR3D1                    A1  
                  INR3D2                    ZN  
                  INR3D2                    B2  
                  INR3D2                    B1  
                  INR3D2                    A1  
                  INR3D4                    ZN  
                  INR3D4                    B2  
                  INR3D4                    B1  
                  INR3D4                    A1  
                  INR4D0                    ZN  
                  INR4D0                    B3  
                  INR4D0                    B2  
                  INR4D0                    B1  
                  INR4D0                    A1  
                  INR4D1                    ZN  
                  INR4D1                    B3  
                  INR4D1                    B2  
                  INR4D1                    B1  
                  INR4D1                    A1  
                  INR4D2                    ZN  
                  INR4D2                    B3  
                  INR4D2                    B2  
                  INR4D2                    B1  
                  INR4D2                    A1  
                  INR4D4                    ZN  
                  INR4D4                    B3  
                  INR4D4                    B2  
                  INR4D4                    B1  
                  INR4D4                    A1  
                   INVD0                    ZN  
                   INVD0                     I  
                   INVD1                    ZN  
                   INVD1                     I  
                  INVD12                    ZN  
                  INVD12                     I  
                  INVD16                    ZN  
                  INVD16                     I  
                   INVD2                    ZN  
                   INVD2                     I  
                  INVD20                    ZN  
                  INVD20                     I  
                  INVD24                    ZN  
                  INVD24                     I  
                   INVD3                    ZN  
                   INVD3                     I  
                   INVD4                    ZN  
                   INVD4                     I  
                   INVD6                    ZN  
                   INVD6                     I  
                   INVD8                    ZN  
                   INVD8                     I  
                 IOA21D0                    ZN  
                 IOA21D0                     B  
                 IOA21D0                    A2  
                 IOA21D0                    A1  
                 IOA21D1                    ZN  
                 IOA21D1                     B  
                 IOA21D1                    A2  
                 IOA21D1                    A1  
                 IOA21D2                    ZN  
                 IOA21D2                     B  
                 IOA21D2                    A2  
                 IOA21D2                    A1  
                 IOA21D4                    ZN  
                 IOA21D4                     B  
                 IOA21D4                    A2  
                 IOA21D4                    A1  
                 IOA22D0                    ZN  
                 IOA22D0                    B2  
                 IOA22D0                    B1  
                 IOA22D0                    A2  
                 IOA22D0                    A1  
                 IOA22D1                    ZN  
                 IOA22D1                    B2  
                 IOA22D1                    B1  
                 IOA22D1                    A2  
                 IOA22D1                    A1  
                 IOA22D2                    ZN  
                 IOA22D2                    B2  
                 IOA22D2                    B1  
                 IOA22D2                    A2  
                 IOA22D2                    A1  
                 IOA22D4                    ZN  
                 IOA22D4                    B2  
                 IOA22D4                    B1  
                 IOA22D4                    A2  
                 IOA22D4                    A1  
                 ISOHID1                     I  
                 ISOHID1                   ISO  
                 ISOHID1                     Z  
                 ISOHID2                     I  
                 ISOHID2                   ISO  
                 ISOHID2                     Z  
                 ISOHID4                     I  
                 ISOHID4                   ISO  
                 ISOHID4                     Z  
                 ISOHID8                     I  
                 ISOHID8                   ISO  
                 ISOHID8                     Z  
                 ISOLOD1                     I  
                 ISOLOD1                   ISO  
                 ISOLOD1                     Z  
                 ISOLOD2                     I  
                 ISOLOD2                   ISO  
                 ISOLOD2                     Z  
                 ISOLOD4                     I  
                 ISOLOD4                   ISO  
                 ISOLOD4                     Z  
                 ISOLOD8                     I  
                 ISOLOD8                   ISO  
                 ISOLOD8                     Z  
                  LHCND1                    QN  
                  LHCND1                     Q  
                  LHCND1                     E  
                  LHCND1                     D  
                  LHCND1                   CDN  
                  LHCND2                    QN  
                  LHCND2                     Q  
                  LHCND2                     E  
                  LHCND2                     D  
                  LHCND2                   CDN  
                  LHCND4                    QN  
                  LHCND4                     Q  
                  LHCND4                     E  
                  LHCND4                     D  
                  LHCND4                   CDN  
                 LHCNDD1                    QN  
                 LHCNDD1                     Q  
                 LHCNDD1                     E  
                 LHCNDD1                     D  
                 LHCNDD1                   CDN  
                 LHCNDD2                    QN  
                 LHCNDD2                     Q  
                 LHCNDD2                     E  
                 LHCNDD2                     D  
                 LHCNDD2                   CDN  
                 LHCNDD4                    QN  
                 LHCNDD4                     Q  
                 LHCNDD4                     E  
                 LHCNDD4                     D  
                 LHCNDD4                   CDN  
                LHCNDQD1                     Q  
                LHCNDQD1                     E  
                LHCNDQD1                     D  
                LHCNDQD1                   CDN  
                LHCNDQD2                     Q  
                LHCNDQD2                     E  
                LHCNDQD2                     D  
                LHCNDQD2                   CDN  
                LHCNDQD4                     Q  
                LHCNDQD4                     E  
                LHCNDQD4                     D  
                LHCNDQD4                   CDN  
                 LHCNQD1                     Q  
                 LHCNQD1                     E  
                 LHCNQD1                     D  
                 LHCNQD1                   CDN  
                 LHCNQD2                     Q  
                 LHCNQD2                     E  
                 LHCNQD2                     D  
                 LHCNQD2                   CDN  
                 LHCNQD4                     Q  
                 LHCNQD4                     E  
                 LHCNQD4                     D  
                 LHCNQD4                   CDN  
                 LHCSND1                   SDN  
                 LHCSND1                    QN  
                 LHCSND1                     Q  
                 LHCSND1                     E  
                 LHCSND1                     D  
                 LHCSND1                   CDN  
                 LHCSND2                   SDN  
                 LHCSND2                    QN  
                 LHCSND2                     Q  
                 LHCSND2                     E  
                 LHCSND2                     D  
                 LHCSND2                   CDN  
                 LHCSND4                   SDN  
                 LHCSND4                    QN  
                 LHCSND4                     Q  
                 LHCSND4                     E  
                 LHCSND4                     D  
                 LHCSND4                   CDN  
                LHCSNDD1                   SDN  
                LHCSNDD1                    QN  
                LHCSNDD1                     Q  
                LHCSNDD1                     E  
                LHCSNDD1                     D  
                LHCSNDD1                   CDN  
                LHCSNDD2                   SDN  
                LHCSNDD2                    QN  
                LHCSNDD2                     Q  
                LHCSNDD2                     E  
                LHCSNDD2                     D  
                LHCSNDD2                   CDN  
                LHCSNDD4                   SDN  
                LHCSNDD4                    QN  
                LHCSNDD4                     Q  
                LHCSNDD4                     E  
                LHCSNDD4                     D  
                LHCSNDD4                   CDN  
               LHCSNDQD1                   SDN  
               LHCSNDQD1                     Q  
               LHCSNDQD1                     E  
               LHCSNDQD1                     D  
               LHCSNDQD1                   CDN  
               LHCSNDQD2                   SDN  
               LHCSNDQD2                     Q  
               LHCSNDQD2                     E  
               LHCSNDQD2                     D  
               LHCSNDQD2                   CDN  
               LHCSNDQD4                   SDN  
               LHCSNDQD4                     Q  
               LHCSNDQD4                     E  
               LHCSNDQD4                     D  
               LHCSNDQD4                   CDN  
                LHCSNQD1                   SDN  
                LHCSNQD1                     Q  
                LHCSNQD1                     E  
                LHCSNQD1                     D  
                LHCSNQD1                   CDN  
                LHCSNQD2                   SDN  
                LHCSNQD2                     Q  
                LHCSNQD2                     E  
                LHCSNQD2                     D  
                LHCSNQD2                   CDN  
                LHCSNQD4                   SDN  
                LHCSNQD4                     Q  
                LHCSNQD4                     E  
                LHCSNQD4                     D  
                LHCSNQD4                   CDN  
                    LHD1                    QN  
                    LHD1                     Q  
                    LHD1                     E  
                    LHD1                     D  
                    LHD2                    QN  
                    LHD2                     Q  
                    LHD2                     E  
                    LHD2                     D  
                    LHD4                    QN  
                    LHD4                     Q  
                    LHD4                     E  
                    LHD4                     D  
                   LHQD1                     Q  
                   LHQD1                     E  
                   LHQD1                     D  
                   LHQD2                     Q  
                   LHQD2                     E  
                   LHQD2                     D  
                   LHQD4                     Q  
                   LHQD4                     E  
                   LHQD4                     D  
                  LHSND1                   SDN  
                  LHSND1                    QN  
                  LHSND1                     Q  
                  LHSND1                     E  
                  LHSND1                     D  
                  LHSND2                   SDN  
                  LHSND2                    QN  
                  LHSND2                     Q  
                  LHSND2                     E  
                  LHSND2                     D  
                  LHSND4                   SDN  
                  LHSND4                    QN  
                  LHSND4                     Q  
                  LHSND4                     E  
                  LHSND4                     D  
                 LHSNDD1                   SDN  
                 LHSNDD1                    QN  
                 LHSNDD1                     Q  
                 LHSNDD1                     E  
                 LHSNDD1                     D  
                 LHSNDD2                   SDN  
                 LHSNDD2                    QN  
                 LHSNDD2                     Q  
                 LHSNDD2                     E  
                 LHSNDD2                     D  
                 LHSNDD4                   SDN  
                 LHSNDD4                    QN  
                 LHSNDD4                     Q  
                 LHSNDD4                     E  
                 LHSNDD4                     D  
                LHSNDQD1                   SDN  
                LHSNDQD1                     Q  
                LHSNDQD1                     E  
                LHSNDQD1                     D  
                LHSNDQD2                   SDN  
                LHSNDQD2                     Q  
                LHSNDQD2                     E  
                LHSNDQD2                     D  
                LHSNDQD4                   SDN  
                LHSNDQD4                     Q  
                LHSNDQD4                     E  
                LHSNDQD4                     D  
                 LHSNQD1                   SDN  
                 LHSNQD1                     Q  
                 LHSNQD1                     E  
                 LHSNQD1                     D  
                 LHSNQD2                   SDN  
                 LHSNQD2                     Q  
                 LHSNQD2                     E  
                 LHSNQD2                     D  
                 LHSNQD4                   SDN  
                 LHSNQD4                     Q  
                 LHSNQD4                     E  
                 LHSNQD4                     D  
                  LNCND1                    QN  
                  LNCND1                     Q  
                  LNCND1                    EN  
                  LNCND1                     D  
                  LNCND1                   CDN  
                  LNCND2                    QN  
                  LNCND2                     Q  
                  LNCND2                    EN  
                  LNCND2                     D  
                  LNCND2                   CDN  
                  LNCND4                    QN  
                  LNCND4                     Q  
                  LNCND4                    EN  
                  LNCND4                     D  
                  LNCND4                   CDN  
                 LNCNDD1                    QN  
                 LNCNDD1                     Q  
                 LNCNDD1                    EN  
                 LNCNDD1                     D  
                 LNCNDD1                   CDN  
                 LNCNDD2                    QN  
                 LNCNDD2                     Q  
                 LNCNDD2                    EN  
                 LNCNDD2                     D  
                 LNCNDD2                   CDN  
                 LNCNDD4                    QN  
                 LNCNDD4                     Q  
                 LNCNDD4                    EN  
                 LNCNDD4                     D  
                 LNCNDD4                   CDN  
                LNCNDQD1                     Q  
                LNCNDQD1                    EN  
                LNCNDQD1                     D  
                LNCNDQD1                   CDN  
                LNCNDQD2                     Q  
                LNCNDQD2                    EN  
                LNCNDQD2                     D  
                LNCNDQD2                   CDN  
                LNCNDQD4                     Q  
                LNCNDQD4                    EN  
                LNCNDQD4                     D  
                LNCNDQD4                   CDN  
                 LNCNQD1                     Q  
                 LNCNQD1                    EN  
                 LNCNQD1                     D  
                 LNCNQD1                   CDN  
                 LNCNQD2                     Q  
                 LNCNQD2                    EN  
                 LNCNQD2                     D  
                 LNCNQD2                   CDN  
                 LNCNQD4                     Q  
                 LNCNQD4                    EN  
                 LNCNQD4                     D  
                 LNCNQD4                   CDN  
                 LNCSND1                   SDN  
                 LNCSND1                    QN  
                 LNCSND1                     Q  
                 LNCSND1                    EN  
                 LNCSND1                     D  
                 LNCSND1                   CDN  
                 LNCSND2                   SDN  
                 LNCSND2                    QN  
                 LNCSND2                     Q  
                 LNCSND2                    EN  
                 LNCSND2                     D  
                 LNCSND2                   CDN  
                 LNCSND4                   SDN  
                 LNCSND4                    QN  
                 LNCSND4                     Q  
                 LNCSND4                    EN  
                 LNCSND4                     D  
                 LNCSND4                   CDN  
                LNCSNDD1                   SDN  
                LNCSNDD1                    QN  
                LNCSNDD1                     Q  
                LNCSNDD1                    EN  
                LNCSNDD1                     D  
                LNCSNDD1                   CDN  
                LNCSNDD2                   SDN  
                LNCSNDD2                    QN  
                LNCSNDD2                     Q  
                LNCSNDD2                    EN  
                LNCSNDD2                     D  
                LNCSNDD2                   CDN  
                LNCSNDD4                   SDN  
                LNCSNDD4                    QN  
                LNCSNDD4                     Q  
                LNCSNDD4                    EN  
                LNCSNDD4                     D  
                LNCSNDD4                   CDN  
               LNCSNDQD1                   SDN  
               LNCSNDQD1                     Q  
               LNCSNDQD1                    EN  
               LNCSNDQD1                     D  
               LNCSNDQD1                   CDN  
               LNCSNDQD2                   SDN  
               LNCSNDQD2                     Q  
               LNCSNDQD2                    EN  
               LNCSNDQD2                     D  
               LNCSNDQD2                   CDN  
               LNCSNDQD4                   SDN  
               LNCSNDQD4                     Q  
               LNCSNDQD4                    EN  
               LNCSNDQD4                     D  
               LNCSNDQD4                   CDN  
                LNCSNQD1                   SDN  
                LNCSNQD1                     Q  
                LNCSNQD1                    EN  
                LNCSNQD1                     D  
                LNCSNQD1                   CDN  
                LNCSNQD2                   SDN  
                LNCSNQD2                     Q  
                LNCSNQD2                    EN  
                LNCSNQD2                     D  
                LNCSNQD2                   CDN  
                LNCSNQD4                   SDN  
                LNCSNQD4                     Q  
                LNCSNQD4                    EN  
                LNCSNQD4                     D  
                LNCSNQD4                   CDN  
                    LND1                    QN  
                    LND1                     Q  
                    LND1                    EN  
                    LND1                     D  
                    LND2                    QN  
                    LND2                     Q  
                    LND2                    EN  
                    LND2                     D  
                    LND4                    QN  
                    LND4                     Q  
                    LND4                    EN  
                    LND4                     D  
                   LNQD1                     Q  
                   LNQD1                    EN  
                   LNQD1                     D  
                   LNQD2                     Q  
                   LNQD2                    EN  
                   LNQD2                     D  
                   LNQD4                     Q  
                   LNQD4                    EN  
                   LNQD4                     D  
                  LNSND1                   SDN  
                  LNSND1                    QN  
                  LNSND1                     Q  
                  LNSND1                    EN  
                  LNSND1                     D  
                  LNSND2                   SDN  
                  LNSND2                    QN  
                  LNSND2                     Q  
                  LNSND2                    EN  
                  LNSND2                     D  
                  LNSND4                   SDN  
                  LNSND4                    QN  
                  LNSND4                     Q  
                  LNSND4                    EN  
                  LNSND4                     D  
                 LNSNDD1                   SDN  
                 LNSNDD1                    QN  
                 LNSNDD1                     Q  
                 LNSNDD1                    EN  
                 LNSNDD1                     D  
                 LNSNDD2                   SDN  
                 LNSNDD2                    QN  
                 LNSNDD2                     Q  
                 LNSNDD2                    EN  
                 LNSNDD2                     D  
                 LNSNDD4                   SDN  
                 LNSNDD4                    QN  
                 LNSNDD4                     Q  
                 LNSNDD4                    EN  
                 LNSNDD4                     D  
                LNSNDQD1                   SDN  
                LNSNDQD1                     Q  
                LNSNDQD1                    EN  
                LNSNDQD1                     D  
                LNSNDQD2                   SDN  
                LNSNDQD2                     Q  
                LNSNDQD2                    EN  
                LNSNDQD2                     D  
                LNSNDQD4                   SDN  
                LNSNDQD4                     Q  
                LNSNDQD4                    EN  
                LNSNDQD4                     D  
                 LNSNQD1                   SDN  
                 LNSNQD1                     Q  
                 LNSNQD1                    EN  
                 LNSNQD1                     D  
                 LNSNQD2                   SDN  
                 LNSNQD2                     Q  
                 LNSNQD2                    EN  
                 LNSNQD2                     D  
                 LNSNQD4                   SDN  
                 LNSNQD4                     Q  
                 LNSNQD4                    EN  
                 LNSNQD4                     D  
                 LVLHLD1                     I  
                 LVLHLD1                     Z  
                 LVLHLD2                     I  
                 LVLHLD2                     Z  
                 LVLHLD4                     I  
                 LVLHLD4                     Z  
                 LVLHLD8                     I  
                 LVLHLD8                     Z  
                LVLLHCD1                     I  
                LVLLHCD1                NSLEEP  
                LVLLHCD1                     Z  
                LVLLHCD2                     I  
                LVLLHCD2                NSLEEP  
                LVLLHCD2                     Z  
                LVLLHCD4                     I  
                LVLLHCD4                NSLEEP  
                LVLLHCD4                     Z  
                LVLLHCD8                     I  
                LVLLHCD8                NSLEEP  
                LVLLHCD8                     Z  
                 LVLLHD1                     I  
                 LVLLHD1                     Z  
                 LVLLHD2                     I  
                 LVLLHD2                     Z  
                 LVLLHD4                     I  
                 LVLLHD4                     Z  
                 LVLLHD8                     I  
                 LVLLHD8                     Z  
               MAOI222D0                    ZN  
               MAOI222D0                     C  
               MAOI222D0                     B  
               MAOI222D0                     A  
               MAOI222D1                    ZN  
               MAOI222D1                     C  
               MAOI222D1                     B  
               MAOI222D1                     A  
               MAOI222D2                    ZN  
               MAOI222D2                     C  
               MAOI222D2                     B  
               MAOI222D2                     A  
               MAOI222D4                    ZN  
               MAOI222D4                     C  
               MAOI222D4                     B  
               MAOI222D4                     A  
                MAOI22D0                    ZN  
                MAOI22D0                    B2  
                MAOI22D0                    B1  
                MAOI22D0                    A2  
                MAOI22D0                    A1  
                MAOI22D1                    ZN  
                MAOI22D1                    B2  
                MAOI22D1                    B1  
                MAOI22D1                    A2  
                MAOI22D1                    A1  
                MAOI22D2                    ZN  
                MAOI22D2                    B2  
                MAOI22D2                    B1  
                MAOI22D2                    A2  
                MAOI22D2                    A1  
                MAOI22D4                    ZN  
                MAOI22D4                    B2  
                MAOI22D4                    B1  
                MAOI22D4                    A2  
                MAOI22D4                    A1  
                MOAI22D0                    ZN  
                MOAI22D0                    B2  
                MOAI22D0                    B1  
                MOAI22D0                    A2  
                MOAI22D0                    A1  
                MOAI22D1                    ZN  
                MOAI22D1                    B2  
                MOAI22D1                    B1  
                MOAI22D1                    A2  
                MOAI22D1                    A1  
                MOAI22D2                    ZN  
                MOAI22D2                    B2  
                MOAI22D2                    B1  
                MOAI22D2                    A2  
                MOAI22D2                    A1  
                MOAI22D4                    ZN  
                MOAI22D4                    B2  
                MOAI22D4                    B1  
                MOAI22D4                    A2  
                MOAI22D4                    A1  
                  MUX2D0                     Z  
                  MUX2D0                     S  
                  MUX2D0                    I1  
                  MUX2D0                    I0  
                  MUX2D1                     Z  
                  MUX2D1                     S  
                  MUX2D1                    I1  
                  MUX2D1                    I0  
                  MUX2D2                     Z  
                  MUX2D2                     S  
                  MUX2D2                    I1  
                  MUX2D2                    I0  
                  MUX2D4                     Z  
                  MUX2D4                     S  
                  MUX2D4                    I1  
                  MUX2D4                    I0  
                 MUX2ND0                    ZN  
                 MUX2ND0                     S  
                 MUX2ND0                    I1  
                 MUX2ND0                    I0  
                 MUX2ND1                    ZN  
                 MUX2ND1                     S  
                 MUX2ND1                    I1  
                 MUX2ND1                    I0  
                 MUX2ND2                    ZN  
                 MUX2ND2                     S  
                 MUX2ND2                    I1  
                 MUX2ND2                    I0  
                 MUX2ND4                    ZN  
                 MUX2ND4                     S  
                 MUX2ND4                    I1  
                 MUX2ND4                    I0  
                  MUX3D0                     Z  
                  MUX3D0                    S1  
                  MUX3D0                    S0  
                  MUX3D0                    I2  
                  MUX3D0                    I1  
                  MUX3D0                    I0  
                  MUX3D1                     Z  
                  MUX3D1                    S1  
                  MUX3D1                    S0  
                  MUX3D1                    I2  
                  MUX3D1                    I1  
                  MUX3D1                    I0  
                  MUX3D2                     Z  
                  MUX3D2                    S1  
                  MUX3D2                    S0  
                  MUX3D2                    I2  
                  MUX3D2                    I1  
                  MUX3D2                    I0  
                  MUX3D4                     Z  
                  MUX3D4                    S1  
                  MUX3D4                    S0  
                  MUX3D4                    I2  
                  MUX3D4                    I1  
                  MUX3D4                    I0  
                 MUX3ND0                    ZN  
                 MUX3ND0                    S1  
                 MUX3ND0                    S0  
                 MUX3ND0                    I2  
                 MUX3ND0                    I1  
                 MUX3ND0                    I0  
                 MUX3ND1                    ZN  
                 MUX3ND1                    S1  
                 MUX3ND1                    S0  
                 MUX3ND1                    I2  
                 MUX3ND1                    I1  
                 MUX3ND1                    I0  
                 MUX3ND2                    ZN  
                 MUX3ND2                    S1  
                 MUX3ND2                    S0  
                 MUX3ND2                    I2  
                 MUX3ND2                    I1  
                 MUX3ND2                    I0  
                 MUX3ND4                    ZN  
                 MUX3ND4                    S1  
                 MUX3ND4                    S0  
                 MUX3ND4                    I2  
                 MUX3ND4                    I1  
                 MUX3ND4                    I0  
                  MUX4D0                     Z  
                  MUX4D0                    S1  
                  MUX4D0                    S0  
                  MUX4D0                    I3  
                  MUX4D0                    I2  
                  MUX4D0                    I1  
                  MUX4D0                    I0  
                  MUX4D1                     Z  
                  MUX4D1                    S1  
                  MUX4D1                    S0  
                  MUX4D1                    I3  
                  MUX4D1                    I2  
                  MUX4D1                    I1  
                  MUX4D1                    I0  
                  MUX4D2                     Z  
                  MUX4D2                    S1  
                  MUX4D2                    S0  
                  MUX4D2                    I3  
                  MUX4D2                    I2  
                  MUX4D2                    I1  
                  MUX4D2                    I0  
                  MUX4D4                     Z  
                  MUX4D4                    S1  
                  MUX4D4                    S0  
                  MUX4D4                    I3  
                  MUX4D4                    I2  
                  MUX4D4                    I1  
                  MUX4D4                    I0  
                 MUX4ND0                    ZN  
                 MUX4ND0                    S1  
                 MUX4ND0                    S0  
                 MUX4ND0                    I3  
                 MUX4ND0                    I2  
                 MUX4ND0                    I1  
                 MUX4ND0                    I0  
                 MUX4ND1                    ZN  
                 MUX4ND1                    S1  
                 MUX4ND1                    S0  
                 MUX4ND1                    I3  
                 MUX4ND1                    I2  
                 MUX4ND1                    I1  
                 MUX4ND1                    I0  
                 MUX4ND2                    ZN  
                 MUX4ND2                    S1  
                 MUX4ND2                    S0  
                 MUX4ND2                    I3  
                 MUX4ND2                    I2  
                 MUX4ND2                    I1  
                 MUX4ND2                    I0  
                 MUX4ND4                    ZN  
                 MUX4ND4                    S1  
                 MUX4ND4                    S0  
                 MUX4ND4                    I3  
                 MUX4ND4                    I2  
                 MUX4ND4                    I1  
                 MUX4ND4                    I0  
                   ND2D0                    ZN  
                   ND2D0                    A2  
                   ND2D0                    A1  
                   ND2D1                    ZN  
                   ND2D1                    A2  
                   ND2D1                    A1  
                   ND2D2                    ZN  
                   ND2D2                    A2  
                   ND2D2                    A1  
                   ND2D3                    ZN  
                   ND2D3                    A2  
                   ND2D3                    A1  
                   ND2D4                    ZN  
                   ND2D4                    A2  
                   ND2D4                    A1  
                   ND2D8                    ZN  
                   ND2D8                    A2  
                   ND2D8                    A1  
                   ND3D0                    ZN  
                   ND3D0                    A3  
                   ND3D0                    A2  
                   ND3D0                    A1  
                   ND3D1                    ZN  
                   ND3D1                    A3  
                   ND3D1                    A2  
                   ND3D1                    A1  
                   ND3D2                    ZN  
                   ND3D2                    A3  
                   ND3D2                    A2  
                   ND3D2                    A1  
                   ND3D3                    ZN  
                   ND3D3                    A3  
                   ND3D3                    A2  
                   ND3D3                    A1  
                   ND3D4                    ZN  
                   ND3D4                    A3  
                   ND3D4                    A2  
                   ND3D4                    A1  
                   ND3D8                    ZN  
                   ND3D8                    A3  
                   ND3D8                    A2  
                   ND3D8                    A1  
                   ND4D0                    ZN  
                   ND4D0                    A4  
                   ND4D0                    A3  
                   ND4D0                    A2  
                   ND4D0                    A1  
                   ND4D1                    ZN  
                   ND4D1                    A4  
                   ND4D1                    A3  
                   ND4D1                    A2  
                   ND4D1                    A1  
                   ND4D2                    ZN  
                   ND4D2                    A4  
                   ND4D2                    A3  
                   ND4D2                    A2  
                   ND4D2                    A1  
                   ND4D3                    ZN  
                   ND4D3                    A4  
                   ND4D3                    A3  
                   ND4D3                    A2  
                   ND4D3                    A1  
                   ND4D4                    ZN  
                   ND4D4                    A4  
                   ND4D4                    A3  
                   ND4D4                    A2  
                   ND4D4                    A1  
                   ND4D8                    ZN  
                   ND4D8                    A4  
                   ND4D8                    A3  
                   ND4D8                    A2  
                   ND4D8                    A1  
                   NR2D0                    ZN  
                   NR2D0                    A2  
                   NR2D0                    A1  
                   NR2D1                    ZN  
                   NR2D1                    A2  
                   NR2D1                    A1  
                   NR2D2                    ZN  
                   NR2D2                    A2  
                   NR2D2                    A1  
                   NR2D3                    ZN  
                   NR2D3                    A2  
                   NR2D3                    A1  
                   NR2D4                    ZN  
                   NR2D4                    A2  
                   NR2D4                    A1  
                   NR2D8                    ZN  
                   NR2D8                    A2  
                   NR2D8                    A1  
                  NR2XD0                    ZN  
                  NR2XD0                    A2  
                  NR2XD0                    A1  
                  NR2XD1                    ZN  
                  NR2XD1                    A2  
                  NR2XD1                    A1  
                  NR2XD2                    ZN  
                  NR2XD2                    A2  
                  NR2XD2                    A1  
                  NR2XD3                    ZN  
                  NR2XD3                    A2  
                  NR2XD3                    A1  
                  NR2XD4                    ZN  
                  NR2XD4                    A2  
                  NR2XD4                    A1  
                  NR2XD8                    ZN  
                  NR2XD8                    A2  
                  NR2XD8                    A1  
                   NR3D0                    ZN  
                   NR3D0                    A3  
                   NR3D0                    A2  
                   NR3D0                    A1  
                   NR3D1                    ZN  
                   NR3D1                    A3  
                   NR3D1                    A2  
                   NR3D1                    A1  
                   NR3D2                    ZN  
                   NR3D2                    A3  
                   NR3D2                    A2  
                   NR3D2                    A1  
                   NR3D3                    ZN  
                   NR3D3                    A3  
                   NR3D3                    A2  
                   NR3D3                    A1  
                   NR3D4                    ZN  
                   NR3D4                    A3  
                   NR3D4                    A2  
                   NR3D4                    A1  
                   NR3D8                    ZN  
                   NR3D8                    A3  
                   NR3D8                    A2  
                   NR3D8                    A1  
                   NR4D0                    ZN  
                   NR4D0                    A4  
                   NR4D0                    A3  
                   NR4D0                    A2  
                   NR4D0                    A1  
                   NR4D1                    ZN  
                   NR4D1                    A4  
                   NR4D1                    A3  
                   NR4D1                    A2  
                   NR4D1                    A1  
                   NR4D2                    ZN  
                   NR4D2                    A4  
                   NR4D2                    A3  
                   NR4D2                    A2  
                   NR4D2                    A1  
                   NR4D3                    ZN  
                   NR4D3                    A4  
                   NR4D3                    A3  
                   NR4D3                    A2  
                   NR4D3                    A1  
                   NR4D4                    ZN  
                   NR4D4                    A4  
                   NR4D4                    A3  
                   NR4D4                    A2  
                   NR4D4                    A1  
                   NR4D8                    ZN  
                   NR4D8                    A4  
                   NR4D8                    A3  
                   NR4D8                    A2  
                   NR4D8                    A1  
                 OA211D0                     Z  
                 OA211D0                     C  
                 OA211D0                     B  
                 OA211D0                    A2  
                 OA211D0                    A1  
                 OA211D1                     Z  
                 OA211D1                     C  
                 OA211D1                     B  
                 OA211D1                    A2  
                 OA211D1                    A1  
                 OA211D2                     Z  
                 OA211D2                     C  
                 OA211D2                     B  
                 OA211D2                    A2  
                 OA211D2                    A1  
                 OA211D4                     Z  
                 OA211D4                     C  
                 OA211D4                     B  
                 OA211D4                    A2  
                 OA211D4                    A1  
                  OA21D0                     Z  
                  OA21D0                     B  
                  OA21D0                    A2  
                  OA21D0                    A1  
                  OA21D1                     Z  
                  OA21D1                     B  
                  OA21D1                    A2  
                  OA21D1                    A1  
                  OA21D2                     Z  
                  OA21D2                     B  
                  OA21D2                    A2  
                  OA21D2                    A1  
                  OA21D4                     Z  
                  OA21D4                     B  
                  OA21D4                    A2  
                  OA21D4                    A1  
                 OA221D0                     Z  
                 OA221D0                     C  
                 OA221D0                    B2  
                 OA221D0                    B1  
                 OA221D0                    A2  
                 OA221D0                    A1  
                 OA221D1                     Z  
                 OA221D1                     C  
                 OA221D1                    B2  
                 OA221D1                    B1  
                 OA221D1                    A2  
                 OA221D1                    A1  
                 OA221D2                     Z  
                 OA221D2                     C  
                 OA221D2                    B2  
                 OA221D2                    B1  
                 OA221D2                    A2  
                 OA221D2                    A1  
                 OA221D4                     Z  
                 OA221D4                     C  
                 OA221D4                    B2  
                 OA221D4                    B1  
                 OA221D4                    A2  
                 OA221D4                    A1  
                 OA222D0                     Z  
                 OA222D0                    C2  
                 OA222D0                    C1  
                 OA222D0                    B2  
                 OA222D0                    B1  
                 OA222D0                    A2  
                 OA222D0                    A1  
                 OA222D1                     Z  
                 OA222D1                    C2  
                 OA222D1                    C1  
                 OA222D1                    B2  
                 OA222D1                    B1  
                 OA222D1                    A2  
                 OA222D1                    A1  
                 OA222D2                     Z  
                 OA222D2                    C2  
                 OA222D2                    C1  
                 OA222D2                    B2  
                 OA222D2                    B1  
                 OA222D2                    A2  
                 OA222D2                    A1  
                 OA222D4                     Z  
                 OA222D4                    C2  
                 OA222D4                    C1  
                 OA222D4                    B2  
                 OA222D4                    B1  
                 OA222D4                    A2  
                 OA222D4                    A1  
                  OA22D0                     Z  
                  OA22D0                    B2  
                  OA22D0                    B1  
                  OA22D0                    A2  
                  OA22D0                    A1  
                  OA22D1                     Z  
                  OA22D1                    B2  
                  OA22D1                    B1  
                  OA22D1                    A2  
                  OA22D1                    A1  
                  OA22D2                     Z  
                  OA22D2                    B2  
                  OA22D2                    B1  
                  OA22D2                    A2  
                  OA22D2                    A1  
                  OA22D4                     Z  
                  OA22D4                    B2  
                  OA22D4                    B1  
                  OA22D4                    A2  
                  OA22D4                    A1  
                  OA31D0                     Z  
                  OA31D0                     B  
                  OA31D0                    A3  
                  OA31D0                    A2  
                  OA31D0                    A1  
                  OA31D1                     Z  
                  OA31D1                     B  
                  OA31D1                    A3  
                  OA31D1                    A2  
                  OA31D1                    A1  
                  OA31D2                     Z  
                  OA31D2                     B  
                  OA31D2                    A3  
                  OA31D2                    A2  
                  OA31D2                    A1  
                  OA31D4                     Z  
                  OA31D4                     B  
                  OA31D4                    A3  
                  OA31D4                    A2  
                  OA31D4                    A1  
                  OA32D0                     Z  
                  OA32D0                    B2  
                  OA32D0                    B1  
                  OA32D0                    A3  
                  OA32D0                    A2  
                  OA32D0                    A1  
                  OA32D1                     Z  
                  OA32D1                    B2  
                  OA32D1                    B1  
                  OA32D1                    A3  
                  OA32D1                    A2  
                  OA32D1                    A1  
                  OA32D2                     Z  
                  OA32D2                    B2  
                  OA32D2                    B1  
                  OA32D2                    A3  
                  OA32D2                    A2  
                  OA32D2                    A1  
                  OA32D4                     Z  
                  OA32D4                    B2  
                  OA32D4                    B1  
                  OA32D4                    A3  
                  OA32D4                    A2  
                  OA32D4                    A1  
                  OA33D0                     Z  
                  OA33D0                    B3  
                  OA33D0                    B2  
                  OA33D0                    B1  
                  OA33D0                    A3  
                  OA33D0                    A2  
                  OA33D0                    A1  
                  OA33D1                     Z  
                  OA33D1                    B3  
                  OA33D1                    B2  
                  OA33D1                    B1  
                  OA33D1                    A3  
                  OA33D1                    A2  
                  OA33D1                    A1  
                  OA33D2                     Z  
                  OA33D2                    B3  
                  OA33D2                    B2  
                  OA33D2                    B1  
                  OA33D2                    A3  
                  OA33D2                    A2  
                  OA33D2                    A1  
                  OA33D4                     Z  
                  OA33D4                    B3  
                  OA33D4                    B2  
                  OA33D4                    B1  
                  OA33D4                    A3  
                  OA33D4                    A2  
                  OA33D4                    A1  
                OAI211D0                    ZN  
                OAI211D0                     C  
                OAI211D0                     B  
                OAI211D0                    A2  
                OAI211D0                    A1  
                OAI211D1                    ZN  
                OAI211D1                     C  
                OAI211D1                     B  
                OAI211D1                    A2  
                OAI211D1                    A1  
                OAI211D2                    ZN  
                OAI211D2                     C  
                OAI211D2                     B  
                OAI211D2                    A2  
                OAI211D2                    A1  
                OAI211D4                    ZN  
                OAI211D4                     C  
                OAI211D4                     B  
                OAI211D4                    A2  
                OAI211D4                    A1  
                 OAI21D0                    ZN  
                 OAI21D0                     B  
                 OAI21D0                    A2  
                 OAI21D0                    A1  
                 OAI21D1                    ZN  
                 OAI21D1                     B  
                 OAI21D1                    A2  
                 OAI21D1                    A1  
                 OAI21D2                    ZN  
                 OAI21D2                     B  
                 OAI21D2                    A2  
                 OAI21D2                    A1  
                 OAI21D4                    ZN  
                 OAI21D4                     B  
                 OAI21D4                    A2  
                 OAI21D4                    A1  
                OAI221D0                    ZN  
                OAI221D0                     C  
                OAI221D0                    B2  
                OAI221D0                    B1  
                OAI221D0                    A2  
                OAI221D0                    A1  
                OAI221D1                    ZN  
                OAI221D1                     C  
                OAI221D1                    B2  
                OAI221D1                    B1  
                OAI221D1                    A2  
                OAI221D1                    A1  
                OAI221D2                    ZN  
                OAI221D2                     C  
                OAI221D2                    B2  
                OAI221D2                    B1  
                OAI221D2                    A2  
                OAI221D2                    A1  
                OAI221D4                    ZN  
                OAI221D4                     C  
                OAI221D4                    B2  
                OAI221D4                    B1  
                OAI221D4                    A2  
                OAI221D4                    A1  
               OAI221XD4                    ZN  
               OAI221XD4                     C  
               OAI221XD4                    B2  
               OAI221XD4                    B1  
               OAI221XD4                    A2  
               OAI221XD4                    A1  
                OAI222D0                    ZN  
                OAI222D0                    C2  
                OAI222D0                    C1  
                OAI222D0                    B2  
                OAI222D0                    B1  
                OAI222D0                    A2  
                OAI222D0                    A1  
                OAI222D1                    ZN  
                OAI222D1                    C2  
                OAI222D1                    C1  
                OAI222D1                    B2  
                OAI222D1                    B1  
                OAI222D1                    A2  
                OAI222D1                    A1  
                OAI222D2                    ZN  
                OAI222D2                    C2  
                OAI222D2                    C1  
                OAI222D2                    B2  
                OAI222D2                    B1  
                OAI222D2                    A2  
                OAI222D2                    A1  
                OAI222D4                    ZN  
                OAI222D4                    C2  
                OAI222D4                    C1  
                OAI222D4                    B2  
                OAI222D4                    B1  
                OAI222D4                    A2  
                OAI222D4                    A1  
               OAI222XD4                    ZN  
               OAI222XD4                    C2  
               OAI222XD4                    C1  
               OAI222XD4                    B2  
               OAI222XD4                    B1  
               OAI222XD4                    A2  
               OAI222XD4                    A1  
                 OAI22D0                    ZN  
                 OAI22D0                    B2  
                 OAI22D0                    B1  
                 OAI22D0                    A2  
                 OAI22D0                    A1  
                 OAI22D1                    ZN  
                 OAI22D1                    B2  
                 OAI22D1                    B1  
                 OAI22D1                    A2  
                 OAI22D1                    A1  
                 OAI22D2                    ZN  
                 OAI22D2                    B2  
                 OAI22D2                    B1  
                 OAI22D2                    A2  
                 OAI22D2                    A1  
                 OAI22D4                    ZN  
                 OAI22D4                    B2  
                 OAI22D4                    B1  
                 OAI22D4                    A2  
                 OAI22D4                    A1  
                 OAI31D0                    ZN  
                 OAI31D0                     B  
                 OAI31D0                    A3  
                 OAI31D0                    A2  
                 OAI31D0                    A1  
                 OAI31D1                    ZN  
                 OAI31D1                     B  
                 OAI31D1                    A3  
                 OAI31D1                    A2  
                 OAI31D1                    A1  
                 OAI31D2                    ZN  
                 OAI31D2                     B  
                 OAI31D2                    A3  
                 OAI31D2                    A2  
                 OAI31D2                    A1  
                 OAI31D4                    ZN  
                 OAI31D4                     B  
                 OAI31D4                    A3  
                 OAI31D4                    A2  
                 OAI31D4                    A1  
                 OAI32D0                    ZN  
                 OAI32D0                    B2  
                 OAI32D0                    B1  
                 OAI32D0                    A3  
                 OAI32D0                    A2  
                 OAI32D0                    A1  
                 OAI32D1                    ZN  
                 OAI32D1                    B2  
                 OAI32D1                    B1  
                 OAI32D1                    A3  
                 OAI32D1                    A2  
                 OAI32D1                    A1  
                 OAI32D2                    ZN  
                 OAI32D2                    B2  
                 OAI32D2                    B1  
                 OAI32D2                    A3  
                 OAI32D2                    A2  
                 OAI32D2                    A1  
                 OAI32D4                    ZN  
                 OAI32D4                    B2  
                 OAI32D4                    B1  
                 OAI32D4                    A3  
                 OAI32D4                    A2  
                 OAI32D4                    A1  
                OAI32XD4                    ZN  
                OAI32XD4                    B2  
                OAI32XD4                    B1  
                OAI32XD4                    A3  
                OAI32XD4                    A2  
                OAI32XD4                    A1  
                 OAI33D0                    ZN  
                 OAI33D0                    B3  
                 OAI33D0                    B2  
                 OAI33D0                    B1  
                 OAI33D0                    A3  
                 OAI33D0                    A2  
                 OAI33D0                    A1  
                 OAI33D1                    ZN  
                 OAI33D1                    B3  
                 OAI33D1                    B2  
                 OAI33D1                    B1  
                 OAI33D1                    A3  
                 OAI33D1                    A2  
                 OAI33D1                    A1  
                 OAI33D2                    ZN  
                 OAI33D2                    B3  
                 OAI33D2                    B2  
                 OAI33D2                    B1  
                 OAI33D2                    A3  
                 OAI33D2                    A2  
                 OAI33D2                    A1  
                 OAI33D4                    ZN  
                 OAI33D4                    B3  
                 OAI33D4                    B2  
                 OAI33D4                    B1  
                 OAI33D4                    A3  
                 OAI33D4                    A2  
                 OAI33D4                    A1  
                OAI33XD4                    ZN  
                OAI33XD4                    B3  
                OAI33XD4                    B2  
                OAI33XD4                    B1  
                OAI33XD4                    A3  
                OAI33XD4                    A2  
                OAI33XD4                    A1  
                   OR2D0                     Z  
                   OR2D0                    A2  
                   OR2D0                    A1  
                   OR2D1                     Z  
                   OR2D1                    A2  
                   OR2D1                    A1  
                   OR2D2                     Z  
                   OR2D2                    A2  
                   OR2D2                    A1  
                   OR2D4                     Z  
                   OR2D4                    A2  
                   OR2D4                    A1  
                   OR2D8                     Z  
                   OR2D8                    A2  
                   OR2D8                    A1  
                  OR2XD1                     Z  
                  OR2XD1                    A2  
                  OR2XD1                    A1  
                   OR3D0                     Z  
                   OR3D0                    A3  
                   OR3D0                    A2  
                   OR3D0                    A1  
                   OR3D1                     Z  
                   OR3D1                    A3  
                   OR3D1                    A2  
                   OR3D1                    A1  
                   OR3D2                     Z  
                   OR3D2                    A3  
                   OR3D2                    A2  
                   OR3D2                    A1  
                   OR3D4                     Z  
                   OR3D4                    A3  
                   OR3D4                    A2  
                   OR3D4                    A1  
                   OR3D8                     Z  
                   OR3D8                    A3  
                   OR3D8                    A2  
                   OR3D8                    A1  
                  OR3XD1                     Z  
                  OR3XD1                    A3  
                  OR3XD1                    A2  
                  OR3XD1                    A1  
                   OR4D0                     Z  
                   OR4D0                    A4  
                   OR4D0                    A3  
                   OR4D0                    A2  
                   OR4D0                    A1  
                   OR4D1                     Z  
                   OR4D1                    A4  
                   OR4D1                    A3  
                   OR4D1                    A2  
                   OR4D1                    A1  
                   OR4D2                     Z  
                   OR4D2                    A4  
                   OR4D2                    A3  
                   OR4D2                    A2  
                   OR4D2                    A1  
                   OR4D4                     Z  
                   OR4D4                    A4  
                   OR4D4                    A3  
                   OR4D4                    A2  
                   OR4D4                    A1  
                   OR4D8                     Z  
                   OR4D8                    A4  
                   OR4D8                    A3  
                   OR4D8                    A2  
                   OR4D8                    A1  
                  OR4XD1                     Z  
                  OR4XD1                    A4  
                  OR4XD1                    A3  
                  OR4XD1                    A2  
                  OR4XD1                    A1  
                 SDFCND0                    SI  
                 SDFCND0                    SE  
                 SDFCND0                    QN  
                 SDFCND0                     Q  
                 SDFCND0                     D  
                 SDFCND0                    CP  
                 SDFCND0                   CDN  
                 SDFCND1                    SI  
                 SDFCND1                    SE  
                 SDFCND1                    QN  
                 SDFCND1                     Q  
                 SDFCND1                     D  
                 SDFCND1                    CP  
                 SDFCND1                   CDN  
                 SDFCND2                    SI  
                 SDFCND2                    SE  
                 SDFCND2                    QN  
                 SDFCND2                     Q  
                 SDFCND2                     D  
                 SDFCND2                    CP  
                 SDFCND2                   CDN  
                 SDFCND4                    SI  
                 SDFCND4                    SE  
                 SDFCND4                    QN  
                 SDFCND4                     Q  
                 SDFCND4                     D  
                 SDFCND4                    CP  
                 SDFCND4                   CDN  
                SDFCNQD0                    SI  
                SDFCNQD0                    SE  
                SDFCNQD0                     Q  
                SDFCNQD0                     D  
                SDFCNQD0                    CP  
                SDFCNQD0                   CDN  
                SDFCNQD1                    SI  
                SDFCNQD1                    SE  
                SDFCNQD1                     Q  
                SDFCNQD1                     D  
                SDFCNQD1                    CP  
                SDFCNQD1                   CDN  
                SDFCNQD2                    SI  
                SDFCNQD2                    SE  
                SDFCNQD2                     Q  
                SDFCNQD2                     D  
                SDFCNQD2                    CP  
                SDFCNQD2                   CDN  
                SDFCNQD4                    SI  
                SDFCNQD4                    SE  
                SDFCNQD4                     Q  
                SDFCNQD4                     D  
                SDFCNQD4                    CP  
                SDFCNQD4                   CDN  
                SDFCSND0                    SI  
                SDFCSND0                    SE  
                SDFCSND0                   SDN  
                SDFCSND0                    QN  
                SDFCSND0                     Q  
                SDFCSND0                     D  
                SDFCSND0                    CP  
                SDFCSND0                   CDN  
                SDFCSND1                    SI  
                SDFCSND1                    SE  
                SDFCSND1                   SDN  
                SDFCSND1                    QN  
                SDFCSND1                     Q  
                SDFCSND1                     D  
                SDFCSND1                    CP  
                SDFCSND1                   CDN  
                SDFCSND2                    SI  
                SDFCSND2                    SE  
                SDFCSND2                   SDN  
                SDFCSND2                    QN  
                SDFCSND2                     Q  
                SDFCSND2                     D  
                SDFCSND2                    CP  
                SDFCSND2                   CDN  
                SDFCSND4                    SI  
                SDFCSND4                    SE  
                SDFCSND4                   SDN  
                SDFCSND4                    QN  
                SDFCSND4                     Q  
                SDFCSND4                     D  
                SDFCSND4                    CP  
                SDFCSND4                   CDN  
               SDFCSNQD0                    SI  
               SDFCSNQD0                    SE  
               SDFCSNQD0                   SDN  
               SDFCSNQD0                     Q  
               SDFCSNQD0                     D  
               SDFCSNQD0                    CP  
               SDFCSNQD0                   CDN  
               SDFCSNQD1                    SI  
               SDFCSNQD1                    SE  
               SDFCSNQD1                   SDN  
               SDFCSNQD1                     Q  
               SDFCSNQD1                     D  
               SDFCSNQD1                    CP  
               SDFCSNQD1                   CDN  
               SDFCSNQD2                    SI  
               SDFCSNQD2                    SE  
               SDFCSNQD2                   SDN  
               SDFCSNQD2                     Q  
               SDFCSNQD2                     D  
               SDFCSNQD2                    CP  
               SDFCSNQD2                   CDN  
               SDFCSNQD4                    SI  
               SDFCSNQD4                    SE  
               SDFCSNQD4                   SDN  
               SDFCSNQD4                     Q  
               SDFCSNQD4                     D  
               SDFCSNQD4                    CP  
               SDFCSNQD4                   CDN  
                   SDFD0                    SI  
                   SDFD0                    SE  
                   SDFD0                    QN  
                   SDFD0                     Q  
                   SDFD0                     D  
                   SDFD0                    CP  
                   SDFD1                    SI  
                   SDFD1                    SE  
                   SDFD1                    QN  
                   SDFD1                     Q  
                   SDFD1                     D  
                   SDFD1                    CP  
                   SDFD2                    SI  
                   SDFD2                    SE  
                   SDFD2                    QN  
                   SDFD2                     Q  
                   SDFD2                     D  
                   SDFD2                    CP  
                   SDFD4                    SI  
                   SDFD4                    SE  
                   SDFD4                    QN  
                   SDFD4                     Q  
                   SDFD4                     D  
                   SDFD4                    CP  
                SDFKCND0                    SI  
                SDFKCND0                    SE  
                SDFKCND0                    QN  
                SDFKCND0                     Q  
                SDFKCND0                     D  
                SDFKCND0                    CP  
                SDFKCND0                    CN  
                SDFKCND1                    SI  
                SDFKCND1                    SE  
                SDFKCND1                    QN  
                SDFKCND1                     Q  
                SDFKCND1                     D  
                SDFKCND1                    CP  
                SDFKCND1                    CN  
                SDFKCND2                    SI  
                SDFKCND2                    SE  
                SDFKCND2                    QN  
                SDFKCND2                     Q  
                SDFKCND2                     D  
                SDFKCND2                    CP  
                SDFKCND2                    CN  
                SDFKCND4                    SI  
                SDFKCND4                    SE  
                SDFKCND4                    QN  
                SDFKCND4                     Q  
                SDFKCND4                     D  
                SDFKCND4                    CP  
                SDFKCND4                    CN  
               SDFKCNQD0                    SI  
               SDFKCNQD0                    SE  
               SDFKCNQD0                     Q  
               SDFKCNQD0                     D  
               SDFKCNQD0                    CP  
               SDFKCNQD0                    CN  
               SDFKCNQD1                    SI  
               SDFKCNQD1                    SE  
               SDFKCNQD1                     Q  
               SDFKCNQD1                     D  
               SDFKCNQD1                    CP  
               SDFKCNQD1                    CN  
               SDFKCNQD2                    SI  
               SDFKCNQD2                    SE  
               SDFKCNQD2                     Q  
               SDFKCNQD2                     D  
               SDFKCNQD2                    CP  
               SDFKCNQD2                    CN  
               SDFKCNQD4                    SI  
               SDFKCNQD4                    SE  
               SDFKCNQD4                     Q  
               SDFKCNQD4                     D  
               SDFKCNQD4                    CP  
               SDFKCNQD4                    CN  
               SDFKCSND0                    SN  
               SDFKCSND0                    SI  
               SDFKCSND0                    SE  
               SDFKCSND0                    QN  
               SDFKCSND0                     Q  
               SDFKCSND0                     D  
               SDFKCSND0                    CP  
               SDFKCSND0                    CN  
               SDFKCSND1                    SN  
               SDFKCSND1                    SI  
               SDFKCSND1                    SE  
               SDFKCSND1                    QN  
               SDFKCSND1                     Q  
               SDFKCSND1                     D  
               SDFKCSND1                    CP  
               SDFKCSND1                    CN  
               SDFKCSND2                    SN  
               SDFKCSND2                    SI  
               SDFKCSND2                    SE  
               SDFKCSND2                    QN  
               SDFKCSND2                     Q  
               SDFKCSND2                     D  
               SDFKCSND2                    CP  
               SDFKCSND2                    CN  
               SDFKCSND4                    SN  
               SDFKCSND4                    SI  
               SDFKCSND4                    SE  
               SDFKCSND4                    QN  
               SDFKCSND4                     Q  
               SDFKCSND4                     D  
               SDFKCSND4                    CP  
               SDFKCSND4                    CN  
              SDFKCSNQD0                    SN  
              SDFKCSNQD0                    SI  
              SDFKCSNQD0                    SE  
              SDFKCSNQD0                     Q  
              SDFKCSNQD0                     D  
              SDFKCSNQD0                    CP  
              SDFKCSNQD0                    CN  
              SDFKCSNQD1                    SN  
              SDFKCSNQD1                    SI  
              SDFKCSNQD1                    SE  
              SDFKCSNQD1                     Q  
              SDFKCSNQD1                     D  
              SDFKCSNQD1                    CP  
              SDFKCSNQD1                    CN  
              SDFKCSNQD2                    SN  
              SDFKCSNQD2                    SI  
              SDFKCSNQD2                    SE  
              SDFKCSNQD2                     Q  
              SDFKCSNQD2                     D  
              SDFKCSNQD2                    CP  
              SDFKCSNQD2                    CN  
              SDFKCSNQD4                    SN  
              SDFKCSNQD4                    SI  
              SDFKCSNQD4                    SE  
              SDFKCSNQD4                     Q  
              SDFKCSNQD4                     D  
              SDFKCSNQD4                    CP  
              SDFKCSNQD4                    CN  
                SDFKSND0                    SN  
                SDFKSND0                    SI  
                SDFKSND0                    SE  
                SDFKSND0                    QN  
                SDFKSND0                     Q  
                SDFKSND0                     D  
                SDFKSND0                    CP  
                SDFKSND1                    SN  
                SDFKSND1                    SI  
                SDFKSND1                    SE  
                SDFKSND1                    QN  
                SDFKSND1                     Q  
                SDFKSND1                     D  
                SDFKSND1                    CP  
                SDFKSND2                    SN  
                SDFKSND2                    SI  
                SDFKSND2                    SE  
                SDFKSND2                    QN  
                SDFKSND2                     Q  
                SDFKSND2                     D  
                SDFKSND2                    CP  
                SDFKSND4                    SN  
                SDFKSND4                    SI  
                SDFKSND4                    SE  
                SDFKSND4                    QN  
                SDFKSND4                     Q  
                SDFKSND4                     D  
                SDFKSND4                    CP  
               SDFKSNQD0                    SN  
               SDFKSNQD0                    SI  
               SDFKSNQD0                    SE  
               SDFKSNQD0                     Q  
               SDFKSNQD0                     D  
               SDFKSNQD0                    CP  
               SDFKSNQD1                    SN  
               SDFKSNQD1                    SI  
               SDFKSNQD1                    SE  
               SDFKSNQD1                     Q  
               SDFKSNQD1                     D  
               SDFKSNQD1                    CP  
               SDFKSNQD2                    SN  
               SDFKSNQD2                    SI  
               SDFKSNQD2                    SE  
               SDFKSNQD2                     Q  
               SDFKSNQD2                     D  
               SDFKSNQD2                    CP  
               SDFKSNQD4                    SN  
               SDFKSNQD4                    SI  
               SDFKSNQD4                    SE  
               SDFKSNQD4                     Q  
               SDFKSNQD4                     D  
               SDFKSNQD4                    CP  
                SDFNCND0                    SI  
                SDFNCND0                    SE  
                SDFNCND0                    QN  
                SDFNCND0                     Q  
                SDFNCND0                     D  
                SDFNCND0                   CPN  
                SDFNCND0                   CDN  
                SDFNCND1                    SI  
                SDFNCND1                    SE  
                SDFNCND1                    QN  
                SDFNCND1                     Q  
                SDFNCND1                     D  
                SDFNCND1                   CPN  
                SDFNCND1                   CDN  
                SDFNCND2                    SI  
                SDFNCND2                    SE  
                SDFNCND2                    QN  
                SDFNCND2                     Q  
                SDFNCND2                     D  
                SDFNCND2                   CPN  
                SDFNCND2                   CDN  
                SDFNCND4                    SI  
                SDFNCND4                    SE  
                SDFNCND4                    QN  
                SDFNCND4                     Q  
                SDFNCND4                     D  
                SDFNCND4                   CPN  
                SDFNCND4                   CDN  
               SDFNCSND0                    SI  
               SDFNCSND0                    SE  
               SDFNCSND0                   SDN  
               SDFNCSND0                    QN  
               SDFNCSND0                     Q  
               SDFNCSND0                     D  
               SDFNCSND0                   CPN  
               SDFNCSND0                   CDN  
               SDFNCSND1                    SI  
               SDFNCSND1                    SE  
               SDFNCSND1                   SDN  
               SDFNCSND1                    QN  
               SDFNCSND1                     Q  
               SDFNCSND1                     D  
               SDFNCSND1                   CPN  
               SDFNCSND1                   CDN  
               SDFNCSND2                    SI  
               SDFNCSND2                    SE  
               SDFNCSND2                   SDN  
               SDFNCSND2                    QN  
               SDFNCSND2                     Q  
               SDFNCSND2                     D  
               SDFNCSND2                   CPN  
               SDFNCSND2                   CDN  
               SDFNCSND4                    SI  
               SDFNCSND4                    SE  
               SDFNCSND4                   SDN  
               SDFNCSND4                    QN  
               SDFNCSND4                     Q  
               SDFNCSND4                     D  
               SDFNCSND4                   CPN  
               SDFNCSND4                   CDN  
                  SDFND0                    SI  
                  SDFND0                    SE  
                  SDFND0                    QN  
                  SDFND0                     Q  
                  SDFND0                     D  
                  SDFND0                   CPN  
                  SDFND1                    SI  
                  SDFND1                    SE  
                  SDFND1                    QN  
                  SDFND1                     Q  
                  SDFND1                     D  
                  SDFND1                   CPN  
                  SDFND2                    SI  
                  SDFND2                    SE  
                  SDFND2                    QN  
                  SDFND2                     Q  
                  SDFND2                     D  
                  SDFND2                   CPN  
                  SDFND4                    SI  
                  SDFND4                    SE  
                  SDFND4                    QN  
                  SDFND4                     Q  
                  SDFND4                     D  
                  SDFND4                   CPN  
                SDFNSND0                    SI  
                SDFNSND0                    SE  
                SDFNSND0                   SDN  
                SDFNSND0                    QN  
                SDFNSND0                     Q  
                SDFNSND0                     D  
                SDFNSND0                   CPN  
                SDFNSND1                    SI  
                SDFNSND1                    SE  
                SDFNSND1                   SDN  
                SDFNSND1                    QN  
                SDFNSND1                     Q  
                SDFNSND1                     D  
                SDFNSND1                   CPN  
                SDFNSND2                    SI  
                SDFNSND2                    SE  
                SDFNSND2                   SDN  
                SDFNSND2                    QN  
                SDFNSND2                     Q  
                SDFNSND2                     D  
                SDFNSND2                   CPN  
                SDFNSND4                    SI  
                SDFNSND4                    SE  
                SDFNSND4                   SDN  
                SDFNSND4                    QN  
                SDFNSND4                     Q  
                SDFNSND4                     D  
                SDFNSND4                   CPN  
                  SDFQD0                    SI  
                  SDFQD0                    SE  
                  SDFQD0                     Q  
                  SDFQD0                     D  
                  SDFQD0                    CP  
                  SDFQD1                    SI  
                  SDFQD1                    SE  
                  SDFQD1                     Q  
                  SDFQD1                     D  
                  SDFQD1                    CP  
                  SDFQD2                    SI  
                  SDFQD2                    SE  
                  SDFQD2                     Q  
                  SDFQD2                     D  
                  SDFQD2                    CP  
                  SDFQD4                    SI  
                  SDFQD4                    SE  
                  SDFQD4                     Q  
                  SDFQD4                     D  
                  SDFQD4                    CP  
                 SDFQND0                    SI  
                 SDFQND0                    SE  
                 SDFQND0                    QN  
                 SDFQND0                     D  
                 SDFQND0                    CP  
                 SDFQND1                    SI  
                 SDFQND1                    SE  
                 SDFQND1                    QN  
                 SDFQND1                     D  
                 SDFQND1                    CP  
                 SDFQND2                    SI  
                 SDFQND2                    SE  
                 SDFQND2                    QN  
                 SDFQND2                     D  
                 SDFQND2                    CP  
                 SDFQND4                    SI  
                 SDFQND4                    SE  
                 SDFQND4                    QN  
                 SDFQND4                     D  
                 SDFQND4                    CP  
                 SDFSND0                    SI  
                 SDFSND0                    SE  
                 SDFSND0                   SDN  
                 SDFSND0                    QN  
                 SDFSND0                     Q  
                 SDFSND0                     D  
                 SDFSND0                    CP  
                 SDFSND1                    SI  
                 SDFSND1                    SE  
                 SDFSND1                   SDN  
                 SDFSND1                    QN  
                 SDFSND1                     Q  
                 SDFSND1                     D  
                 SDFSND1                    CP  
                 SDFSND2                    SI  
                 SDFSND2                    SE  
                 SDFSND2                   SDN  
                 SDFSND2                    QN  
                 SDFSND2                     Q  
                 SDFSND2                     D  
                 SDFSND2                    CP  
                 SDFSND4                    SI  
                 SDFSND4                    SE  
                 SDFSND4                   SDN  
                 SDFSND4                    QN  
                 SDFSND4                     Q  
                 SDFSND4                     D  
                 SDFSND4                    CP  
                SDFSNQD0                    SI  
                SDFSNQD0                    SE  
                SDFSNQD0                   SDN  
                SDFSNQD0                     Q  
                SDFSNQD0                     D  
                SDFSNQD0                    CP  
                SDFSNQD1                    SI  
                SDFSNQD1                    SE  
                SDFSNQD1                   SDN  
                SDFSNQD1                     Q  
                SDFSNQD1                     D  
                SDFSNQD1                    CP  
                SDFSNQD2                    SI  
                SDFSNQD2                    SE  
                SDFSNQD2                   SDN  
                SDFSNQD2                     Q  
                SDFSNQD2                     D  
                SDFSNQD2                    CP  
                SDFSNQD4                    SI  
                SDFSNQD4                    SE  
                SDFSNQD4                   SDN  
                SDFSNQD4                     Q  
                SDFSNQD4                     D  
                SDFSNQD4                    CP  
                  SDFXD0                    SI  
                  SDFXD0                    SE  
                  SDFXD0                    SA  
                  SDFXD0                    QN  
                  SDFXD0                     Q  
                  SDFXD0                    DB  
                  SDFXD0                    DA  
                  SDFXD0                    CP  
                  SDFXD1                    SI  
                  SDFXD1                    SE  
                  SDFXD1                    SA  
                  SDFXD1                    QN  
                  SDFXD1                     Q  
                  SDFXD1                    DB  
                  SDFXD1                    DA  
                  SDFXD1                    CP  
                  SDFXD2                    SI  
                  SDFXD2                    SE  
                  SDFXD2                    SA  
                  SDFXD2                    QN  
                  SDFXD2                     Q  
                  SDFXD2                    DB  
                  SDFXD2                    DA  
                  SDFXD2                    CP  
                  SDFXD4                    SI  
                  SDFXD4                    SE  
                  SDFXD4                    SA  
                  SDFXD4                    QN  
                  SDFXD4                     Q  
                  SDFXD4                    DB  
                  SDFXD4                    DA  
                  SDFXD4                    CP  
                 SDFXQD0                    SI  
                 SDFXQD0                    SE  
                 SDFXQD0                    SA  
                 SDFXQD0                     Q  
                 SDFXQD0                    DB  
                 SDFXQD0                    DA  
                 SDFXQD0                    CP  
                 SDFXQD1                    SI  
                 SDFXQD1                    SE  
                 SDFXQD1                    SA  
                 SDFXQD1                     Q  
                 SDFXQD1                    DB  
                 SDFXQD1                    DA  
                 SDFXQD1                    CP  
                 SDFXQD2                    SI  
                 SDFXQD2                    SE  
                 SDFXQD2                    SA  
                 SDFXQD2                     Q  
                 SDFXQD2                    DB  
                 SDFXQD2                    DA  
                 SDFXQD2                    CP  
                 SDFXQD4                    SI  
                 SDFXQD4                    SE  
                 SDFXQD4                    SA  
                 SDFXQD4                     Q  
                 SDFXQD4                    DB  
                 SDFXQD4                    DA  
                 SDFXQD4                    CP  
                SEDFCND0                    SI  
                SEDFCND0                    SE  
                SEDFCND0                    QN  
                SEDFCND0                     Q  
                SEDFCND0                     E  
                SEDFCND0                     D  
                SEDFCND0                    CP  
                SEDFCND0                   CDN  
                SEDFCND1                    SI  
                SEDFCND1                    SE  
                SEDFCND1                    QN  
                SEDFCND1                     Q  
                SEDFCND1                     E  
                SEDFCND1                     D  
                SEDFCND1                    CP  
                SEDFCND1                   CDN  
                SEDFCND2                    SI  
                SEDFCND2                    SE  
                SEDFCND2                    QN  
                SEDFCND2                     Q  
                SEDFCND2                     E  
                SEDFCND2                     D  
                SEDFCND2                    CP  
                SEDFCND2                   CDN  
                SEDFCND4                    SI  
                SEDFCND4                    SE  
                SEDFCND4                    QN  
                SEDFCND4                     Q  
                SEDFCND4                     E  
                SEDFCND4                     D  
                SEDFCND4                    CP  
                SEDFCND4                   CDN  
               SEDFCNQD0                    SI  
               SEDFCNQD0                    SE  
               SEDFCNQD0                     Q  
               SEDFCNQD0                     E  
               SEDFCNQD0                     D  
               SEDFCNQD0                    CP  
               SEDFCNQD0                   CDN  
               SEDFCNQD1                    SI  
               SEDFCNQD1                    SE  
               SEDFCNQD1                     Q  
               SEDFCNQD1                     E  
               SEDFCNQD1                     D  
               SEDFCNQD1                    CP  
               SEDFCNQD1                   CDN  
               SEDFCNQD2                    SI  
               SEDFCNQD2                    SE  
               SEDFCNQD2                     Q  
               SEDFCNQD2                     E  
               SEDFCNQD2                     D  
               SEDFCNQD2                    CP  
               SEDFCNQD2                   CDN  
               SEDFCNQD4                    SI  
               SEDFCNQD4                    SE  
               SEDFCNQD4                     Q  
               SEDFCNQD4                     E  
               SEDFCNQD4                     D  
               SEDFCNQD4                    CP  
               SEDFCNQD4                   CDN  
                  SEDFD0                    SI  
                  SEDFD0                    SE  
                  SEDFD0                    QN  
                  SEDFD0                     Q  
                  SEDFD0                     E  
                  SEDFD0                     D  
                  SEDFD0                    CP  
                  SEDFD1                    SI  
                  SEDFD1                    SE  
                  SEDFD1                    QN  
                  SEDFD1                     Q  
                  SEDFD1                     E  
                  SEDFD1                     D  
                  SEDFD1                    CP  
                  SEDFD2                    SI  
                  SEDFD2                    SE  
                  SEDFD2                    QN  
                  SEDFD2                     Q  
                  SEDFD2                     E  
                  SEDFD2                     D  
                  SEDFD2                    CP  
                  SEDFD4                    SI  
                  SEDFD4                    SE  
                  SEDFD4                    QN  
                  SEDFD4                     Q  
                  SEDFD4                     E  
                  SEDFD4                     D  
                  SEDFD4                    CP  
               SEDFKCND0                    SI  
               SEDFKCND0                    SE  
               SEDFKCND0                    QN  
               SEDFKCND0                     Q  
               SEDFKCND0                     E  
               SEDFKCND0                     D  
               SEDFKCND0                    CP  
               SEDFKCND0                    CN  
               SEDFKCND1                    SI  
               SEDFKCND1                    SE  
               SEDFKCND1                    QN  
               SEDFKCND1                     Q  
               SEDFKCND1                     E  
               SEDFKCND1                     D  
               SEDFKCND1                    CP  
               SEDFKCND1                    CN  
               SEDFKCND2                    SI  
               SEDFKCND2                    SE  
               SEDFKCND2                    QN  
               SEDFKCND2                     Q  
               SEDFKCND2                     E  
               SEDFKCND2                     D  
               SEDFKCND2                    CP  
               SEDFKCND2                    CN  
               SEDFKCND4                    SI  
               SEDFKCND4                    SE  
               SEDFKCND4                    QN  
               SEDFKCND4                     Q  
               SEDFKCND4                     E  
               SEDFKCND4                     D  
               SEDFKCND4                    CP  
               SEDFKCND4                    CN  
              SEDFKCNQD0                    SI  
              SEDFKCNQD0                    SE  
              SEDFKCNQD0                     Q  
              SEDFKCNQD0                     E  
              SEDFKCNQD0                     D  
              SEDFKCNQD0                    CP  
              SEDFKCNQD0                    CN  
              SEDFKCNQD1                    SI  
              SEDFKCNQD1                    SE  
              SEDFKCNQD1                     Q  
              SEDFKCNQD1                     E  
              SEDFKCNQD1                     D  
              SEDFKCNQD1                    CP  
              SEDFKCNQD1                    CN  
              SEDFKCNQD2                    SI  
              SEDFKCNQD2                    SE  
              SEDFKCNQD2                     Q  
              SEDFKCNQD2                     E  
              SEDFKCNQD2                     D  
              SEDFKCNQD2                    CP  
              SEDFKCNQD2                    CN  
              SEDFKCNQD4                    SI  
              SEDFKCNQD4                    SE  
              SEDFKCNQD4                     Q  
              SEDFKCNQD4                     E  
              SEDFKCNQD4                     D  
              SEDFKCNQD4                    CP  
              SEDFKCNQD4                    CN  
                 SEDFQD0                    SI  
                 SEDFQD0                    SE  
                 SEDFQD0                     Q  
                 SEDFQD0                     E  
                 SEDFQD0                     D  
                 SEDFQD0                    CP  
                 SEDFQD1                    SI  
                 SEDFQD1                    SE  
                 SEDFQD1                     Q  
                 SEDFQD1                     E  
                 SEDFQD1                     D  
                 SEDFQD1                    CP  
                 SEDFQD2                    SI  
                 SEDFQD2                    SE  
                 SEDFQD2                     Q  
                 SEDFQD2                     E  
                 SEDFQD2                     D  
                 SEDFQD2                    CP  
                 SEDFQD4                    SI  
                 SEDFQD4                    SE  
                 SEDFQD4                     Q  
                 SEDFQD4                     E  
                 SEDFQD4                     D  
                 SEDFQD4                    CP  
                SEDFQND0                    SI  
                SEDFQND0                    SE  
                SEDFQND0                    QN  
                SEDFQND0                     E  
                SEDFQND0                     D  
                SEDFQND0                    CP  
                SEDFQND1                    SI  
                SEDFQND1                    SE  
                SEDFQND1                    QN  
                SEDFQND1                     E  
                SEDFQND1                     D  
                SEDFQND1                    CP  
                SEDFQND2                    SI  
                SEDFQND2                    SE  
                SEDFQND2                    QN  
                SEDFQND2                     E  
                SEDFQND2                     D  
                SEDFQND2                    CP  
                SEDFQND4                    SI  
                SEDFQND4                    SE  
                SEDFQND4                    QN  
                SEDFQND4                     E  
                SEDFQND4                     D  
                SEDFQND4                    CP  
               SEDFQNXD0                    SI  
               SEDFQNXD0                    SE  
               SEDFQNXD0                    QN  
               SEDFQNXD0                     E  
               SEDFQNXD0                     D  
               SEDFQNXD0                    CP  
               SEDFQNXD1                    SI  
               SEDFQNXD1                    SE  
               SEDFQNXD1                    QN  
               SEDFQNXD1                     E  
               SEDFQNXD1                     D  
               SEDFQNXD1                    CP  
               SEDFQNXD2                    SI  
               SEDFQNXD2                    SE  
               SEDFQNXD2                    QN  
               SEDFQNXD2                     E  
               SEDFQNXD2                     D  
               SEDFQNXD2                    CP  
               SEDFQNXD4                    SI  
               SEDFQNXD4                    SE  
               SEDFQNXD4                    QN  
               SEDFQNXD4                     E  
               SEDFQNXD4                     D  
               SEDFQNXD4                    CP  
                SEDFQXD0                    SI  
                SEDFQXD0                    SE  
                SEDFQXD0                     Q  
                SEDFQXD0                     E  
                SEDFQXD0                     D  
                SEDFQXD0                    CP  
                SEDFQXD1                    SI  
                SEDFQXD1                    SE  
                SEDFQXD1                     Q  
                SEDFQXD1                     E  
                SEDFQXD1                     D  
                SEDFQXD1                    CP  
                SEDFQXD2                    SI  
                SEDFQXD2                    SE  
                SEDFQXD2                     Q  
                SEDFQXD2                     E  
                SEDFQXD2                     D  
                SEDFQXD2                    CP  
                SEDFQXD4                    SI  
                SEDFQXD4                    SE  
                SEDFQXD4                     Q  
                SEDFQXD4                     E  
                SEDFQXD4                     D  
                SEDFQXD4                    CP  
                 SEDFXD0                    SI  
                 SEDFXD0                    SE  
                 SEDFXD0                    QN  
                 SEDFXD0                     Q  
                 SEDFXD0                     E  
                 SEDFXD0                     D  
                 SEDFXD0                    CP  
                 SEDFXD1                    SI  
                 SEDFXD1                    SE  
                 SEDFXD1                    QN  
                 SEDFXD1                     Q  
                 SEDFXD1                     E  
                 SEDFXD1                     D  
                 SEDFXD1                    CP  
                 SEDFXD2                    SI  
                 SEDFXD2                    SE  
                 SEDFXD2                    QN  
                 SEDFXD2                     Q  
                 SEDFXD2                     E  
                 SEDFXD2                     D  
                 SEDFXD2                    CP  
                 SEDFXD4                    SI  
                 SEDFXD4                    SE  
                 SEDFXD4                    QN  
                 SEDFXD4                     Q  
                 SEDFXD4                     E  
                 SEDFXD4                     D  
                 SEDFXD4                    CP  
                    TIEH                     Z  
                    TIEL                    ZN  
                  XNR2D0                    ZN  
                  XNR2D0                    A2  
                  XNR2D0                    A1  
                  XNR2D1                    ZN  
                  XNR2D1                    A2  
                  XNR2D1                    A1  
                  XNR2D2                    ZN  
                  XNR2D2                    A2  
                  XNR2D2                    A1  
                  XNR2D4                    ZN  
                  XNR2D4                    A2  
                  XNR2D4                    A1  
                  XNR3D0                    ZN  
                  XNR3D0                    A3  
                  XNR3D0                    A2  
                  XNR3D0                    A1  
                  XNR3D1                    ZN  
                  XNR3D1                    A3  
                  XNR3D1                    A2  
                  XNR3D1                    A1  
                  XNR3D2                    ZN  
                  XNR3D2                    A3  
                  XNR3D2                    A2  
                  XNR3D2                    A1  
                  XNR3D4                    ZN  
                  XNR3D4                    A3  
                  XNR3D4                    A2  
                  XNR3D4                    A1  
                  XNR4D0                    ZN  
                  XNR4D0                    A4  
                  XNR4D0                    A3  
                  XNR4D0                    A2  
                  XNR4D0                    A1  
                  XNR4D1                    ZN  
                  XNR4D1                    A4  
                  XNR4D1                    A3  
                  XNR4D1                    A2  
                  XNR4D1                    A1  
                  XNR4D2                    ZN  
                  XNR4D2                    A4  
                  XNR4D2                    A3  
                  XNR4D2                    A2  
                  XNR4D2                    A1  
                  XNR4D4                    ZN  
                  XNR4D4                    A4  
                  XNR4D4                    A3  
                  XNR4D4                    A2  
                  XNR4D4                    A1  
                  XOR2D0                     Z  
                  XOR2D0                    A2  
                  XOR2D0                    A1  
                  XOR2D1                     Z  
                  XOR2D1                    A2  
                  XOR2D1                    A1  
                  XOR2D2                     Z  
                  XOR2D2                    A2  
                  XOR2D2                    A1  
                  XOR2D4                     Z  
                  XOR2D4                    A2  
                  XOR2D4                    A1  
                  XOR3D0                     Z  
                  XOR3D0                    A3  
                  XOR3D0                    A2  
                  XOR3D0                    A1  
                  XOR3D1                     Z  
                  XOR3D1                    A3  
                  XOR3D1                    A2  
                  XOR3D1                    A1  
                  XOR3D2                     Z  
                  XOR3D2                    A3  
                  XOR3D2                    A2  
                  XOR3D2                    A1  
                  XOR3D4                     Z  
                  XOR3D4                    A3  
                  XOR3D4                    A2  
                  XOR3D4                    A1  
                  XOR4D0                     Z  
                  XOR4D0                    A4  
                  XOR4D0                    A3  
                  XOR4D0                    A2  
                  XOR4D0                    A1  
                  XOR4D1                     Z  
                  XOR4D1                    A4  
                  XOR4D1                    A3  
                  XOR4D1                    A2  
                  XOR4D1                    A1  
                  XOR4D2                     Z  
                  XOR4D2                    A4  
                  XOR4D2                    A3  
                  XOR4D2                    A2  
                  XOR4D2                    A1  
                  XOR4D4                     Z  
                  XOR4D4                    A4  
                  XOR4D4                    A3  
                  XOR4D4                    A2  
                  XOR4D4                    A1  For more information click here  
# Cells Missing LEF Info: 0  
# Cells with Dimension Errors: 0  

==============================
Netlist Information
==============================
# HFO (>200) Nets: 0  
# No-driven Nets: 5463  
    General Caution:
        1) TODO
    No-driven Nets  
    norm_inst/psum_mem_out[128]  
    norm_inst/psum_mem_out[129]  
    norm_inst/psum_mem_out[130]  
    norm_inst/psum_mem_out[131]  
    norm_inst/psum_mem_out[132]  
    norm_inst/psum_mem_out[133]  
    norm_inst/psum_mem_out[134]  
    norm_inst/psum_mem_out[135]  
    norm_inst/psum_mem_out[136]  
    norm_inst/psum_mem_out[137]  
    norm_inst/psum_mem_out[138]  
    norm_inst/psum_mem_out[139]  
    norm_inst/psum_mem_out[140]  
    norm_inst/psum_mem_out[141]  
    norm_inst/psum_mem_out[142]  
    norm_inst/psum_mem_out[143]  
    norm_inst/psum_mem_out[144]  
    norm_inst/psum_mem_out[145]  
    norm_inst/psum_mem_out[146]  
    norm_inst/psum_mem_out[147]  
    norm_inst/psum_mem_out[148]  
    norm_inst/psum_mem_out[149]  
    norm_inst/psum_mem_out[150]  
    norm_inst/psum_mem_out[151]  
    norm_inst/psum_mem_out[152]  
    norm_inst/psum_mem_out[153]  
    norm_inst/psum_mem_out[154]  
    norm_inst/psum_mem_out[155]  
    norm_inst/psum_mem_out[156]  
    norm_inst/psum_mem_out[157]  
    norm_inst/psum_mem_out[158]  
    norm_inst/psum_mem_out[159]  
    norm_inst/div_out[7]  
    norm_inst/div_out[8]  
    norm_inst/n13083  
    norm_inst/n13074  
    norm_inst/n13070  
    norm_inst/n13068  
    norm_inst/n13065  
    norm_inst/n13064  
    norm_inst/n13063  
    norm_inst/n13060  
    norm_inst/n13055  
    norm_inst/n13042  
    norm_inst/n13034  
    norm_inst/n13023  
    norm_inst/n13008  
    norm_inst/n13007  
    norm_inst/n13006  
    norm_inst/n13005  
    norm_inst/n13004  
    norm_inst/n13003  
    norm_inst/n13002  
    norm_inst/n13001  
    norm_inst/n13000  
    norm_inst/n12999  
    norm_inst/n12998  
    norm_inst/n12997  
    norm_inst/n12996  
    norm_inst/n12995  
    norm_inst/n12994  
    norm_inst/n12993  
    norm_inst/n12992  
    norm_inst/n12991  
    norm_inst/n12990  
    norm_inst/n12989  
    norm_inst/n12988  
    norm_inst/n485  
    norm_inst/n480  
    norm_inst/n475  
    norm_inst/n470  
    norm_inst/n465  
    norm_inst/n460  
    norm_inst/n455  
    norm_inst/n450  
    norm_inst/n446  
    norm_inst/n445  
    norm_inst/n441  
    norm_inst/n440  
    norm_inst/n436  
    norm_inst/n435  
    norm_inst/n431  
    norm_inst/n430  
    norm_inst/n426  
    norm_inst/n425  
    norm_inst/n421  
    norm_inst/n420  
    norm_inst/n416  
    norm_inst/n415  
    norm_inst/n411  
    norm_inst/n410  
    norm_inst/n406  
    norm_inst/n405  
    norm_inst/n401  
    norm_inst/n400  
    norm_inst/n396  
    norm_inst/n395  
    norm_inst/n391  
    norm_inst/n390  
    norm_inst/n261  
    norm_inst/n260  
    norm_inst/n259  
    norm_inst/n258  
    norm_inst/n257  
    norm_inst/n256  
    norm_inst/n255  
    norm_inst/n254  
    norm_inst/n253  
    norm_inst/n252  
    norm_inst/n251  
    norm_inst/n250  
    norm_inst/n249  
    norm_inst/n248  
    norm_inst/n247  
    norm_inst/n246  
    norm_inst/n245  
    norm_inst/n244  
    norm_inst/n243  
    norm_inst/n242  
    norm_inst/n241  
    norm_inst/n240  
    norm_inst/n239  
    norm_inst/n238  
    norm_inst/n237  
    norm_inst/n236  
    norm_inst/n235  
    norm_inst/n234  
    norm_inst/n233  
    norm_inst/n232  
    norm_inst/n231  
    norm_inst/n230  
    norm_inst/div_complete  
    fifo_sfp/fifo_mux_16_1a/mux_8_1b/out_sub1_1[128]  
    fifo_sfp/fifo_mux_16_1a/mux_8_1b/out_sub1_1[129]  
    fifo_sfp/fifo_mux_16_1a/mux_8_1b/out_sub1_1[130]  
    fifo_sfp/fifo_mux_16_1a/mux_8_1b/out_sub1_1[131]  
    fifo_sfp/fifo_mux_16_1a/mux_8_1b/out_sub1_1[132]  
    fifo_sfp/fifo_mux_16_1a/mux_8_1b/out_sub1_1[133]  
    fifo_sfp/fifo_mux_16_1a/mux_8_1b/out_sub1_1[134]  
    fifo_sfp/fifo_mux_16_1a/mux_8_1b/out_sub1_1[135]  
    fifo_sfp/fifo_mux_16_1a/mux_8_1b/out_sub1_1[136]  
    fifo_sfp/fifo_mux_16_1a/mux_8_1b/out_sub1_1[137]  
    fifo_sfp/fifo_mux_16_1a/mux_8_1b/out_sub1_1[138]  
    fifo_sfp/fifo_mux_16_1a/mux_8_1b/out_sub1_1[139]  
    fifo_sfp/fifo_mux_16_1a/mux_8_1b/out_sub1_1[140]  
    fifo_sfp/fifo_mux_16_1a/mux_8_1b/out_sub1_1[141]  
    fifo_sfp/fifo_mux_16_1a/mux_8_1b/out_sub1_1[142]  
    fifo_sfp/fifo_mux_16_1a/mux_8_1b/out_sub1_1[143]  
    fifo_sfp/fifo_mux_16_1a/mux_8_1b/out_sub1_1[144]  
    fifo_sfp/fifo_mux_16_1a/mux_8_1b/out_sub1_1[145]  
    fifo_sfp/fifo_mux_16_1a/mux_8_1b/out_sub1_1[146]  
    fifo_sfp/fifo_mux_16_1a/mux_8_1b/out_sub1_1[147]  
    fifo_sfp/fifo_mux_16_1a/mux_8_1b/out_sub1_1[148]  
    fifo_sfp/fifo_mux_16_1a/mux_8_1b/out_sub1_1[149]  
    fifo_sfp/fifo_mux_16_1a/mux_8_1b/out_sub1_1[150]  
    fifo_sfp/fifo_mux_16_1a/mux_8_1b/out_sub1_1[151]  
    fifo_sfp/fifo_mux_16_1a/mux_8_1b/out_sub1_1[152]  
    fifo_sfp/fifo_mux_16_1a/mux_8_1b/out_sub1_1[153]  
    fifo_sfp/fifo_mux_16_1a/mux_8_1b/out_sub1_1[154]  
    fifo_sfp/fifo_mux_16_1a/mux_8_1b/out_sub1_1[155]  
    fifo_sfp/fifo_mux_16_1a/mux_8_1b/out_sub1_1[156]  
    fifo_sfp/fifo_mux_16_1a/mux_8_1b/out_sub1_1[157]  
    fifo_sfp/fifo_mux_16_1a/mux_8_1b/out_sub1_1[158]  
    fifo_sfp/fifo_mux_16_1a/mux_8_1b/out_sub1_1[159]  
    fifo_sfp/fifo_mux_16_1a/mux_8_1b/out_sub1_0[128]  
    fifo_sfp/fifo_mux_16_1a/mux_8_1b/out_sub1_0[129]  
    fifo_sfp/fifo_mux_16_1a/mux_8_1b/out_sub1_0[130]  
    fifo_sfp/fifo_mux_16_1a/mux_8_1b/out_sub1_0[131]  
    fifo_sfp/fifo_mux_16_1a/mux_8_1b/out_sub1_0[132]  
    fifo_sfp/fifo_mux_16_1a/mux_8_1b/out_sub1_0[133]  
    fifo_sfp/fifo_mux_16_1a/mux_8_1b/out_sub1_0[134]  
    fifo_sfp/fifo_mux_16_1a/mux_8_1b/out_sub1_0[135]  
    fifo_sfp/fifo_mux_16_1a/mux_8_1b/out_sub1_0[136]  
    fifo_sfp/fifo_mux_16_1a/mux_8_1b/out_sub1_0[137]  
    fifo_sfp/fifo_mux_16_1a/mux_8_1b/out_sub1_0[138]  
    fifo_sfp/fifo_mux_16_1a/mux_8_1b/out_sub1_0[139]  
    fifo_sfp/fifo_mux_16_1a/mux_8_1b/out_sub1_0[140]  
    fifo_sfp/fifo_mux_16_1a/mux_8_1b/out_sub1_0[141]  
    fifo_sfp/fifo_mux_16_1a/mux_8_1b/out_sub1_0[142]  
    fifo_sfp/fifo_mux_16_1a/mux_8_1b/out_sub1_0[143]  
    fifo_sfp/fifo_mux_16_1a/mux_8_1b/out_sub1_0[144]  
    fifo_sfp/fifo_mux_16_1a/mux_8_1b/out_sub1_0[145]  
    fifo_sfp/fifo_mux_16_1a/mux_8_1b/out_sub1_0[146]  
    fifo_sfp/fifo_mux_16_1a/mux_8_1b/out_sub1_0[147]  
    fifo_sfp/fifo_mux_16_1a/mux_8_1b/out_sub1_0[148]  
    fifo_sfp/fifo_mux_16_1a/mux_8_1b/out_sub1_0[149]  
    fifo_sfp/fifo_mux_16_1a/mux_8_1b/out_sub1_0[150]  
    fifo_sfp/fifo_mux_16_1a/mux_8_1b/out_sub1_0[151]  
    fifo_sfp/fifo_mux_16_1a/mux_8_1b/out_sub1_0[152]  
    fifo_sfp/fifo_mux_16_1a/mux_8_1b/out_sub1_0[153]  
    fifo_sfp/fifo_mux_16_1a/mux_8_1b/out_sub1_0[154]  
    fifo_sfp/fifo_mux_16_1a/mux_8_1b/out_sub1_0[155]  
    fifo_sfp/fifo_mux_16_1a/mux_8_1b/out_sub1_0[156]  
    fifo_sfp/fifo_mux_16_1a/mux_8_1b/out_sub1_0[157]  
    fifo_sfp/fifo_mux_16_1a/mux_8_1b/out_sub1_0[158]  
    fifo_sfp/fifo_mux_16_1a/mux_8_1b/out_sub1_0[159]  
    fifo_sfp/fifo_mux_16_1a/mux_8_1b/out_sub0_3[128]  
    fifo_sfp/fifo_mux_16_1a/mux_8_1b/out_sub0_3[129]  
    fifo_sfp/fifo_mux_16_1a/mux_8_1b/out_sub0_3[130]  
    fifo_sfp/fifo_mux_16_1a/mux_8_1b/out_sub0_3[131]  
    fifo_sfp/fifo_mux_16_1a/mux_8_1b/out_sub0_3[132]  
    fifo_sfp/fifo_mux_16_1a/mux_8_1b/out_sub0_3[133]  
    fifo_sfp/fifo_mux_16_1a/mux_8_1b/out_sub0_3[134]  
    fifo_sfp/fifo_mux_16_1a/mux_8_1b/out_sub0_3[135]  
    fifo_sfp/fifo_mux_16_1a/mux_8_1b/out_sub0_3[136]  
    fifo_sfp/fifo_mux_16_1a/mux_8_1b/out_sub0_3[137]  
    fifo_sfp/fifo_mux_16_1a/mux_8_1b/out_sub0_3[138]  
    fifo_sfp/fifo_mux_16_1a/mux_8_1b/out_sub0_3[139]  
    fifo_sfp/fifo_mux_16_1a/mux_8_1b/out_sub0_3[140]  
    fifo_sfp/fifo_mux_16_1a/mux_8_1b/out_sub0_3[141]  
    fifo_sfp/fifo_mux_16_1a/mux_8_1b/out_sub0_3[142]  
    fifo_sfp/fifo_mux_16_1a/mux_8_1b/out_sub0_3[143]  
    fifo_sfp/fifo_mux_16_1a/mux_8_1b/out_sub0_3[144]  
    fifo_sfp/fifo_mux_16_1a/mux_8_1b/out_sub0_3[145]  
    fifo_sfp/fifo_mux_16_1a/mux_8_1b/out_sub0_3[146]  
    fifo_sfp/fifo_mux_16_1a/mux_8_1b/out_sub0_3[147]  
    fifo_sfp/fifo_mux_16_1a/mux_8_1b/out_sub0_3[148]  
    fifo_sfp/fifo_mux_16_1a/mux_8_1b/out_sub0_3[149]  
    fifo_sfp/fifo_mux_16_1a/mux_8_1b/out_sub0_3[150]  
    fifo_sfp/fifo_mux_16_1a/mux_8_1b/out_sub0_3[151]  
    fifo_sfp/fifo_mux_16_1a/mux_8_1b/out_sub0_3[152]  
    fifo_sfp/fifo_mux_16_1a/mux_8_1b/out_sub0_3[153]  
    fifo_sfp/fifo_mux_16_1a/mux_8_1b/out_sub0_3[154]  
    fifo_sfp/fifo_mux_16_1a/mux_8_1b/out_sub0_3[155]  
    fifo_sfp/fifo_mux_16_1a/mux_8_1b/out_sub0_3[156]  
    fifo_sfp/fifo_mux_16_1a/mux_8_1b/out_sub0_3[157]  
    fifo_sfp/fifo_mux_16_1a/mux_8_1b/out_sub0_3[158]  
    fifo_sfp/fifo_mux_16_1a/mux_8_1b/out_sub0_3[159]  
    fifo_sfp/fifo_mux_16_1a/mux_8_1b/out_sub0_2[128]  
    fifo_sfp/fifo_mux_16_1a/mux_8_1b/out_sub0_2[129]  
    fifo_sfp/fifo_mux_16_1a/mux_8_1b/out_sub0_2[130]  
    fifo_sfp/fifo_mux_16_1a/mux_8_1b/out_sub0_2[131]  
    fifo_sfp/fifo_mux_16_1a/mux_8_1b/out_sub0_2[132]  
    fifo_sfp/fifo_mux_16_1a/mux_8_1b/out_sub0_2[133]  
    fifo_sfp/fifo_mux_16_1a/mux_8_1b/out_sub0_2[134]  
    fifo_sfp/fifo_mux_16_1a/mux_8_1b/out_sub0_2[135]  
    fifo_sfp/fifo_mux_16_1a/mux_8_1b/out_sub0_2[136]  
    fifo_sfp/fifo_mux_16_1a/mux_8_1b/out_sub0_2[137]  
    fifo_sfp/fifo_mux_16_1a/mux_8_1b/out_sub0_2[138]  
    fifo_sfp/fifo_mux_16_1a/mux_8_1b/out_sub0_2[139]  
    fifo_sfp/fifo_mux_16_1a/mux_8_1b/out_sub0_2[140]  
    fifo_sfp/fifo_mux_16_1a/mux_8_1b/out_sub0_2[141]  
    fifo_sfp/fifo_mux_16_1a/mux_8_1b/out_sub0_2[142]  
    fifo_sfp/fifo_mux_16_1a/mux_8_1b/out_sub0_2[143]  
    fifo_sfp/fifo_mux_16_1a/mux_8_1b/out_sub0_2[144]  
    fifo_sfp/fifo_mux_16_1a/mux_8_1b/out_sub0_2[145]  
    fifo_sfp/fifo_mux_16_1a/mux_8_1b/out_sub0_2[146]  
    fifo_sfp/fifo_mux_16_1a/mux_8_1b/out_sub0_2[147]  
    fifo_sfp/fifo_mux_16_1a/mux_8_1b/out_sub0_2[148]  
    fifo_sfp/fifo_mux_16_1a/mux_8_1b/out_sub0_2[149]  
    fifo_sfp/fifo_mux_16_1a/mux_8_1b/out_sub0_2[150]  
    fifo_sfp/fifo_mux_16_1a/mux_8_1b/out_sub0_2[151]  
    fifo_sfp/fifo_mux_16_1a/mux_8_1b/out_sub0_2[152]  
    fifo_sfp/fifo_mux_16_1a/mux_8_1b/out_sub0_2[153]  
    fifo_sfp/fifo_mux_16_1a/mux_8_1b/out_sub0_2[154]  
    fifo_sfp/fifo_mux_16_1a/mux_8_1b/out_sub0_2[155]  
    fifo_sfp/fifo_mux_16_1a/mux_8_1b/out_sub0_2[156]  
    fifo_sfp/fifo_mux_16_1a/mux_8_1b/out_sub0_2[157]  
    fifo_sfp/fifo_mux_16_1a/mux_8_1b/out_sub0_2[158]  
    fifo_sfp/fifo_mux_16_1a/mux_8_1b/out_sub0_2[159]  
    fifo_sfp/fifo_mux_16_1a/mux_8_1b/out_sub0_1[128]  
    fifo_sfp/fifo_mux_16_1a/mux_8_1b/out_sub0_1[129]  
    fifo_sfp/fifo_mux_16_1a/mux_8_1b/out_sub0_1[130]  
    fifo_sfp/fifo_mux_16_1a/mux_8_1b/out_sub0_1[131]  
    fifo_sfp/fifo_mux_16_1a/mux_8_1b/out_sub0_1[132]  
    fifo_sfp/fifo_mux_16_1a/mux_8_1b/out_sub0_1[133]  
    fifo_sfp/fifo_mux_16_1a/mux_8_1b/out_sub0_1[134]  
    fifo_sfp/fifo_mux_16_1a/mux_8_1b/out_sub0_1[135]  
    fifo_sfp/fifo_mux_16_1a/mux_8_1b/out_sub0_1[136]  
    fifo_sfp/fifo_mux_16_1a/mux_8_1b/out_sub0_1[137]  
    fifo_sfp/fifo_mux_16_1a/mux_8_1b/out_sub0_1[138]  
    fifo_sfp/fifo_mux_16_1a/mux_8_1b/out_sub0_1[139]  
    fifo_sfp/fifo_mux_16_1a/mux_8_1b/out_sub0_1[140]  
    fifo_sfp/fifo_mux_16_1a/mux_8_1b/out_sub0_1[141]  
    fifo_sfp/fifo_mux_16_1a/mux_8_1b/out_sub0_1[142]  
    fifo_sfp/fifo_mux_16_1a/mux_8_1b/out_sub0_1[143]  
    fifo_sfp/fifo_mux_16_1a/mux_8_1b/out_sub0_1[144]  
    fifo_sfp/fifo_mux_16_1a/mux_8_1b/out_sub0_1[145]  
    fifo_sfp/fifo_mux_16_1a/mux_8_1b/out_sub0_1[146]  
    fifo_sfp/fifo_mux_16_1a/mux_8_1b/out_sub0_1[147]  
    fifo_sfp/fifo_mux_16_1a/mux_8_1b/out_sub0_1[148]  
    fifo_sfp/fifo_mux_16_1a/mux_8_1b/out_sub0_1[149]  
    fifo_sfp/fifo_mux_16_1a/mux_8_1b/out_sub0_1[150]  
    fifo_sfp/fifo_mux_16_1a/mux_8_1b/out_sub0_1[151]  
    fifo_sfp/fifo_mux_16_1a/mux_8_1b/out_sub0_1[152]  
    fifo_sfp/fifo_mux_16_1a/mux_8_1b/out_sub0_1[153]  
    fifo_sfp/fifo_mux_16_1a/mux_8_1b/out_sub0_1[154]  
    fifo_sfp/fifo_mux_16_1a/mux_8_1b/out_sub0_1[155]  
    fifo_sfp/fifo_mux_16_1a/mux_8_1b/out_sub0_1[156]  
    fifo_sfp/fifo_mux_16_1a/mux_8_1b/out_sub0_1[157]  
    fifo_sfp/fifo_mux_16_1a/mux_8_1b/out_sub0_1[158]  
    fifo_sfp/fifo_mux_16_1a/mux_8_1b/out_sub0_1[159]  
    fifo_sfp/fifo_mux_16_1a/mux_8_1b/out_sub0_0[128]  
    fifo_sfp/fifo_mux_16_1a/mux_8_1b/out_sub0_0[129]  
    fifo_sfp/fifo_mux_16_1a/mux_8_1b/out_sub0_0[130]  
    fifo_sfp/fifo_mux_16_1a/mux_8_1b/out_sub0_0[131]  
    fifo_sfp/fifo_mux_16_1a/mux_8_1b/out_sub0_0[132]  
    fifo_sfp/fifo_mux_16_1a/mux_8_1b/out_sub0_0[133]  
    fifo_sfp/fifo_mux_16_1a/mux_8_1b/out_sub0_0[134]  
    fifo_sfp/fifo_mux_16_1a/mux_8_1b/out_sub0_0[135]  
    fifo_sfp/fifo_mux_16_1a/mux_8_1b/out_sub0_0[136]  
    fifo_sfp/fifo_mux_16_1a/mux_8_1b/out_sub0_0[137]  
    fifo_sfp/fifo_mux_16_1a/mux_8_1b/out_sub0_0[138]  
    fifo_sfp/fifo_mux_16_1a/mux_8_1b/out_sub0_0[139]  
    fifo_sfp/fifo_mux_16_1a/mux_8_1b/out_sub0_0[140]  
    fifo_sfp/fifo_mux_16_1a/mux_8_1b/out_sub0_0[141]  
    fifo_sfp/fifo_mux_16_1a/mux_8_1b/out_sub0_0[142]  
    fifo_sfp/fifo_mux_16_1a/mux_8_1b/out_sub0_0[143]  
    fifo_sfp/fifo_mux_16_1a/mux_8_1b/out_sub0_0[144]  
    fifo_sfp/fifo_mux_16_1a/mux_8_1b/out_sub0_0[145]  
    fifo_sfp/fifo_mux_16_1a/mux_8_1b/out_sub0_0[146]  
    fifo_sfp/fifo_mux_16_1a/mux_8_1b/out_sub0_0[147]  
    fifo_sfp/fifo_mux_16_1a/mux_8_1b/out_sub0_0[148]  
    fifo_sfp/fifo_mux_16_1a/mux_8_1b/out_sub0_0[149]  
    fifo_sfp/fifo_mux_16_1a/mux_8_1b/out_sub0_0[150]  
    fifo_sfp/fifo_mux_16_1a/mux_8_1b/out_sub0_0[151]  
    fifo_sfp/fifo_mux_16_1a/mux_8_1b/out_sub0_0[152]  
    fifo_sfp/fifo_mux_16_1a/mux_8_1b/out_sub0_0[153]  
    fifo_sfp/fifo_mux_16_1a/mux_8_1b/out_sub0_0[154]  
    fifo_sfp/fifo_mux_16_1a/mux_8_1b/out_sub0_0[155]  
    fifo_sfp/fifo_mux_16_1a/mux_8_1b/out_sub0_0[156]  
    fifo_sfp/fifo_mux_16_1a/mux_8_1b/out_sub0_0[157]  
    fifo_sfp/fifo_mux_16_1a/mux_8_1b/out_sub0_0[158]  
    fifo_sfp/fifo_mux_16_1a/mux_8_1b/out_sub0_0[159]  
    fifo_sfp/fifo_mux_16_1a/mux_8_1a/out_sub1_1[128]  
    fifo_sfp/fifo_mux_16_1a/mux_8_1a/out_sub1_1[129]  
    fifo_sfp/fifo_mux_16_1a/mux_8_1a/out_sub1_1[130]  
    fifo_sfp/fifo_mux_16_1a/mux_8_1a/out_sub1_1[131]  
    fifo_sfp/fifo_mux_16_1a/mux_8_1a/out_sub1_1[132]  
    fifo_sfp/fifo_mux_16_1a/mux_8_1a/out_sub1_1[133]  
    fifo_sfp/fifo_mux_16_1a/mux_8_1a/out_sub1_1[134]  
    fifo_sfp/fifo_mux_16_1a/mux_8_1a/out_sub1_1[135]  
    fifo_sfp/fifo_mux_16_1a/mux_8_1a/out_sub1_1[136]  
    fifo_sfp/fifo_mux_16_1a/mux_8_1a/out_sub1_1[137]  
    fifo_sfp/fifo_mux_16_1a/mux_8_1a/out_sub1_1[138]  
    fifo_sfp/fifo_mux_16_1a/mux_8_1a/out_sub1_1[139]  
    fifo_sfp/fifo_mux_16_1a/mux_8_1a/out_sub1_1[140]  
    fifo_sfp/fifo_mux_16_1a/mux_8_1a/out_sub1_1[141]  
    fifo_sfp/fifo_mux_16_1a/mux_8_1a/out_sub1_1[142]  
    fifo_sfp/fifo_mux_16_1a/mux_8_1a/out_sub1_1[143]  
    fifo_sfp/fifo_mux_16_1a/mux_8_1a/out_sub1_1[144]  
    fifo_sfp/fifo_mux_16_1a/mux_8_1a/out_sub1_1[145]  
    fifo_sfp/fifo_mux_16_1a/mux_8_1a/out_sub1_1[146]  
    fifo_sfp/fifo_mux_16_1a/mux_8_1a/out_sub1_1[147]  
    fifo_sfp/fifo_mux_16_1a/mux_8_1a/out_sub1_1[148]  
    fifo_sfp/fifo_mux_16_1a/mux_8_1a/out_sub1_1[149]  
    fifo_sfp/fifo_mux_16_1a/mux_8_1a/out_sub1_1[150]  
    fifo_sfp/fifo_mux_16_1a/mux_8_1a/out_sub1_1[151]  
    fifo_sfp/fifo_mux_16_1a/mux_8_1a/out_sub1_1[152]  
    fifo_sfp/fifo_mux_16_1a/mux_8_1a/out_sub1_1[153]  
    fifo_sfp/fifo_mux_16_1a/mux_8_1a/out_sub1_1[154]  
    fifo_sfp/fifo_mux_16_1a/mux_8_1a/out_sub1_1[155]  
    fifo_sfp/fifo_mux_16_1a/mux_8_1a/out_sub1_1[156]  
    fifo_sfp/fifo_mux_16_1a/mux_8_1a/out_sub1_1[157]  
    fifo_sfp/fifo_mux_16_1a/mux_8_1a/out_sub1_1[158]  
    fifo_sfp/fifo_mux_16_1a/mux_8_1a/out_sub1_1[159]  
    fifo_sfp/fifo_mux_16_1a/mux_8_1a/out_sub1_0[128]  
    fifo_sfp/fifo_mux_16_1a/mux_8_1a/out_sub1_0[129]  
    fifo_sfp/fifo_mux_16_1a/mux_8_1a/out_sub1_0[130]  
    fifo_sfp/fifo_mux_16_1a/mux_8_1a/out_sub1_0[131]  
    fifo_sfp/fifo_mux_16_1a/mux_8_1a/out_sub1_0[132]  
    fifo_sfp/fifo_mux_16_1a/mux_8_1a/out_sub1_0[133]  
    fifo_sfp/fifo_mux_16_1a/mux_8_1a/out_sub1_0[134]  
    fifo_sfp/fifo_mux_16_1a/mux_8_1a/out_sub1_0[135]  
    fifo_sfp/fifo_mux_16_1a/mux_8_1a/out_sub1_0[136]  
    fifo_sfp/fifo_mux_16_1a/mux_8_1a/out_sub1_0[137]  
    fifo_sfp/fifo_mux_16_1a/mux_8_1a/out_sub1_0[138]  
    fifo_sfp/fifo_mux_16_1a/mux_8_1a/out_sub1_0[139]  
    fifo_sfp/fifo_mux_16_1a/mux_8_1a/out_sub1_0[140]  
    fifo_sfp/fifo_mux_16_1a/mux_8_1a/out_sub1_0[141]  
    fifo_sfp/fifo_mux_16_1a/mux_8_1a/out_sub1_0[142]  
    fifo_sfp/fifo_mux_16_1a/mux_8_1a/out_sub1_0[143]  
    fifo_sfp/fifo_mux_16_1a/mux_8_1a/out_sub1_0[144]  
    fifo_sfp/fifo_mux_16_1a/mux_8_1a/out_sub1_0[145]  
    fifo_sfp/fifo_mux_16_1a/mux_8_1a/out_sub1_0[146]  
    fifo_sfp/fifo_mux_16_1a/mux_8_1a/out_sub1_0[147]  
    fifo_sfp/fifo_mux_16_1a/mux_8_1a/out_sub1_0[148]  
    fifo_sfp/fifo_mux_16_1a/mux_8_1a/out_sub1_0[149]  
    fifo_sfp/fifo_mux_16_1a/mux_8_1a/out_sub1_0[150]  
    fifo_sfp/fifo_mux_16_1a/mux_8_1a/out_sub1_0[151]  
    fifo_sfp/fifo_mux_16_1a/mux_8_1a/out_sub1_0[152]  
    fifo_sfp/fifo_mux_16_1a/mux_8_1a/out_sub1_0[153]  
    fifo_sfp/fifo_mux_16_1a/mux_8_1a/out_sub1_0[154]  
    fifo_sfp/fifo_mux_16_1a/mux_8_1a/out_sub1_0[155]  
    fifo_sfp/fifo_mux_16_1a/mux_8_1a/out_sub1_0[156]  
    fifo_sfp/fifo_mux_16_1a/mux_8_1a/out_sub1_0[157]  
    fifo_sfp/fifo_mux_16_1a/mux_8_1a/out_sub1_0[158]  
    fifo_sfp/fifo_mux_16_1a/mux_8_1a/out_sub1_0[159]  
    fifo_sfp/fifo_mux_16_1a/mux_8_1a/out_sub0_3[128]  
    fifo_sfp/fifo_mux_16_1a/mux_8_1a/out_sub0_3[129]  
    fifo_sfp/fifo_mux_16_1a/mux_8_1a/out_sub0_3[130]  
    fifo_sfp/fifo_mux_16_1a/mux_8_1a/out_sub0_3[131]  
    fifo_sfp/fifo_mux_16_1a/mux_8_1a/out_sub0_3[132]  
    fifo_sfp/fifo_mux_16_1a/mux_8_1a/out_sub0_3[133]  
    fifo_sfp/fifo_mux_16_1a/mux_8_1a/out_sub0_3[134]  
    fifo_sfp/fifo_mux_16_1a/mux_8_1a/out_sub0_3[135]  
    fifo_sfp/fifo_mux_16_1a/mux_8_1a/out_sub0_3[136]  
    fifo_sfp/fifo_mux_16_1a/mux_8_1a/out_sub0_3[137]  
    fifo_sfp/fifo_mux_16_1a/mux_8_1a/out_sub0_3[138]  
    fifo_sfp/fifo_mux_16_1a/mux_8_1a/out_sub0_3[139]  
    fifo_sfp/fifo_mux_16_1a/mux_8_1a/out_sub0_3[140]  
    fifo_sfp/fifo_mux_16_1a/mux_8_1a/out_sub0_3[141]  
    fifo_sfp/fifo_mux_16_1a/mux_8_1a/out_sub0_3[142]  
    fifo_sfp/fifo_mux_16_1a/mux_8_1a/out_sub0_3[143]  
    fifo_sfp/fifo_mux_16_1a/mux_8_1a/out_sub0_3[144]  
    fifo_sfp/fifo_mux_16_1a/mux_8_1a/out_sub0_3[145]  
    fifo_sfp/fifo_mux_16_1a/mux_8_1a/out_sub0_3[146]  
    fifo_sfp/fifo_mux_16_1a/mux_8_1a/out_sub0_3[147]  
    fifo_sfp/fifo_mux_16_1a/mux_8_1a/out_sub0_3[148]  
    fifo_sfp/fifo_mux_16_1a/mux_8_1a/out_sub0_3[149]  
    fifo_sfp/fifo_mux_16_1a/mux_8_1a/out_sub0_3[150]  
    fifo_sfp/fifo_mux_16_1a/mux_8_1a/out_sub0_3[151]  
    fifo_sfp/fifo_mux_16_1a/mux_8_1a/out_sub0_3[152]  
    fifo_sfp/fifo_mux_16_1a/mux_8_1a/out_sub0_3[153]  
    fifo_sfp/fifo_mux_16_1a/mux_8_1a/out_sub0_3[154]  
    fifo_sfp/fifo_mux_16_1a/mux_8_1a/out_sub0_3[155]  
    fifo_sfp/fifo_mux_16_1a/mux_8_1a/out_sub0_3[156]  
    fifo_sfp/fifo_mux_16_1a/mux_8_1a/out_sub0_3[157]  
    fifo_sfp/fifo_mux_16_1a/mux_8_1a/out_sub0_3[158]  
    fifo_sfp/fifo_mux_16_1a/mux_8_1a/out_sub0_3[159]  
    fifo_sfp/fifo_mux_16_1a/mux_8_1a/out_sub0_2[128]  
    fifo_sfp/fifo_mux_16_1a/mux_8_1a/out_sub0_2[129]  
    fifo_sfp/fifo_mux_16_1a/mux_8_1a/out_sub0_2[130]  
    fifo_sfp/fifo_mux_16_1a/mux_8_1a/out_sub0_2[131]  
    fifo_sfp/fifo_mux_16_1a/mux_8_1a/out_sub0_2[132]  
    fifo_sfp/fifo_mux_16_1a/mux_8_1a/out_sub0_2[133]  
    fifo_sfp/fifo_mux_16_1a/mux_8_1a/out_sub0_2[134]  
    fifo_sfp/fifo_mux_16_1a/mux_8_1a/out_sub0_2[135]  
    fifo_sfp/fifo_mux_16_1a/mux_8_1a/out_sub0_2[136]  
    fifo_sfp/fifo_mux_16_1a/mux_8_1a/out_sub0_2[137]  
    fifo_sfp/fifo_mux_16_1a/mux_8_1a/out_sub0_2[138]  
    fifo_sfp/fifo_mux_16_1a/mux_8_1a/out_sub0_2[139]  
    fifo_sfp/fifo_mux_16_1a/mux_8_1a/out_sub0_2[140]  
    fifo_sfp/fifo_mux_16_1a/mux_8_1a/out_sub0_2[141]  
    fifo_sfp/fifo_mux_16_1a/mux_8_1a/out_sub0_2[142]  
    fifo_sfp/fifo_mux_16_1a/mux_8_1a/out_sub0_2[143]  
    fifo_sfp/fifo_mux_16_1a/mux_8_1a/out_sub0_2[144]  
    fifo_sfp/fifo_mux_16_1a/mux_8_1a/out_sub0_2[145]  
    fifo_sfp/fifo_mux_16_1a/mux_8_1a/out_sub0_2[146]  
    fifo_sfp/fifo_mux_16_1a/mux_8_1a/out_sub0_2[147]  
    fifo_sfp/fifo_mux_16_1a/mux_8_1a/out_sub0_2[148]  
    fifo_sfp/fifo_mux_16_1a/mux_8_1a/out_sub0_2[149]  
    fifo_sfp/fifo_mux_16_1a/mux_8_1a/out_sub0_2[150]  
    fifo_sfp/fifo_mux_16_1a/mux_8_1a/out_sub0_2[151]  
    fifo_sfp/fifo_mux_16_1a/mux_8_1a/out_sub0_2[152]  
    fifo_sfp/fifo_mux_16_1a/mux_8_1a/out_sub0_2[153]  
    fifo_sfp/fifo_mux_16_1a/mux_8_1a/out_sub0_2[154]  
    fifo_sfp/fifo_mux_16_1a/mux_8_1a/out_sub0_2[155]  
    fifo_sfp/fifo_mux_16_1a/mux_8_1a/out_sub0_2[156]  
    fifo_sfp/fifo_mux_16_1a/mux_8_1a/out_sub0_2[157]  
    fifo_sfp/fifo_mux_16_1a/mux_8_1a/out_sub0_2[158]  
    fifo_sfp/fifo_mux_16_1a/mux_8_1a/out_sub0_2[159]  
    fifo_sfp/fifo_mux_16_1a/mux_8_1a/out_sub0_1[128]  
    fifo_sfp/fifo_mux_16_1a/mux_8_1a/out_sub0_1[129]  
    fifo_sfp/fifo_mux_16_1a/mux_8_1a/out_sub0_1[130]  
    fifo_sfp/fifo_mux_16_1a/mux_8_1a/out_sub0_1[131]  
    fifo_sfp/fifo_mux_16_1a/mux_8_1a/out_sub0_1[132]  
    fifo_sfp/fifo_mux_16_1a/mux_8_1a/out_sub0_1[133]  
    fifo_sfp/fifo_mux_16_1a/mux_8_1a/out_sub0_1[134]  
    fifo_sfp/fifo_mux_16_1a/mux_8_1a/out_sub0_1[135]  
    fifo_sfp/fifo_mux_16_1a/mux_8_1a/out_sub0_1[136]  
    fifo_sfp/fifo_mux_16_1a/mux_8_1a/out_sub0_1[137]  
    fifo_sfp/fifo_mux_16_1a/mux_8_1a/out_sub0_1[138]  
    fifo_sfp/fifo_mux_16_1a/mux_8_1a/out_sub0_1[139]  
    fifo_sfp/fifo_mux_16_1a/mux_8_1a/out_sub0_1[140]  
    fifo_sfp/fifo_mux_16_1a/mux_8_1a/out_sub0_1[141]  
    fifo_sfp/fifo_mux_16_1a/mux_8_1a/out_sub0_1[142]  
    fifo_sfp/fifo_mux_16_1a/mux_8_1a/out_sub0_1[143]  
    fifo_sfp/fifo_mux_16_1a/mux_8_1a/out_sub0_1[144]  
    fifo_sfp/fifo_mux_16_1a/mux_8_1a/out_sub0_1[145]  
    fifo_sfp/fifo_mux_16_1a/mux_8_1a/out_sub0_1[146]  
    fifo_sfp/fifo_mux_16_1a/mux_8_1a/out_sub0_1[147]  
    fifo_sfp/fifo_mux_16_1a/mux_8_1a/out_sub0_1[148]  
    fifo_sfp/fifo_mux_16_1a/mux_8_1a/out_sub0_1[149]  
    fifo_sfp/fifo_mux_16_1a/mux_8_1a/out_sub0_1[150]  
    fifo_sfp/fifo_mux_16_1a/mux_8_1a/out_sub0_1[151]  
    fifo_sfp/fifo_mux_16_1a/mux_8_1a/out_sub0_1[152]  
    fifo_sfp/fifo_mux_16_1a/mux_8_1a/out_sub0_1[153]  
    fifo_sfp/fifo_mux_16_1a/mux_8_1a/out_sub0_1[154]  
    fifo_sfp/fifo_mux_16_1a/mux_8_1a/out_sub0_1[155]  
    fifo_sfp/fifo_mux_16_1a/mux_8_1a/out_sub0_1[156]  
    fifo_sfp/fifo_mux_16_1a/mux_8_1a/out_sub0_1[157]  
    fifo_sfp/fifo_mux_16_1a/mux_8_1a/out_sub0_1[158]  
    fifo_sfp/fifo_mux_16_1a/mux_8_1a/out_sub0_1[159]  
    fifo_sfp/fifo_mux_16_1a/mux_8_1a/out_sub0_0[128]  
    fifo_sfp/fifo_mux_16_1a/mux_8_1a/out_sub0_0[129]  
    fifo_sfp/fifo_mux_16_1a/mux_8_1a/out_sub0_0[130]  
    fifo_sfp/fifo_mux_16_1a/mux_8_1a/out_sub0_0[131]  
    fifo_sfp/fifo_mux_16_1a/mux_8_1a/out_sub0_0[132]  
    fifo_sfp/fifo_mux_16_1a/mux_8_1a/out_sub0_0[133]  
    fifo_sfp/fifo_mux_16_1a/mux_8_1a/out_sub0_0[134]  
    fifo_sfp/fifo_mux_16_1a/mux_8_1a/out_sub0_0[135]  
    fifo_sfp/fifo_mux_16_1a/mux_8_1a/out_sub0_0[136]  
    fifo_sfp/fifo_mux_16_1a/mux_8_1a/out_sub0_0[137]  
    fifo_sfp/fifo_mux_16_1a/mux_8_1a/out_sub0_0[138]  
    fifo_sfp/fifo_mux_16_1a/mux_8_1a/out_sub0_0[139]  
    fifo_sfp/fifo_mux_16_1a/mux_8_1a/out_sub0_0[140]  
    fifo_sfp/fifo_mux_16_1a/mux_8_1a/out_sub0_0[141]  
    fifo_sfp/fifo_mux_16_1a/mux_8_1a/out_sub0_0[142]  
    fifo_sfp/fifo_mux_16_1a/mux_8_1a/out_sub0_0[143]  
    fifo_sfp/fifo_mux_16_1a/mux_8_1a/out_sub0_0[144]  
    fifo_sfp/fifo_mux_16_1a/mux_8_1a/out_sub0_0[145]  
    fifo_sfp/fifo_mux_16_1a/mux_8_1a/out_sub0_0[146]  
    fifo_sfp/fifo_mux_16_1a/mux_8_1a/out_sub0_0[147]  
    fifo_sfp/fifo_mux_16_1a/mux_8_1a/out_sub0_0[148]  
    fifo_sfp/fifo_mux_16_1a/mux_8_1a/out_sub0_0[149]  
    fifo_sfp/fifo_mux_16_1a/mux_8_1a/out_sub0_0[150]  
    fifo_sfp/fifo_mux_16_1a/mux_8_1a/out_sub0_0[151]  
    fifo_sfp/fifo_mux_16_1a/mux_8_1a/out_sub0_0[152]  
    fifo_sfp/fifo_mux_16_1a/mux_8_1a/out_sub0_0[153]  
    fifo_sfp/fifo_mux_16_1a/mux_8_1a/out_sub0_0[154]  
    fifo_sfp/fifo_mux_16_1a/mux_8_1a/out_sub0_0[155]  
    fifo_sfp/fifo_mux_16_1a/mux_8_1a/out_sub0_0[156]  
    fifo_sfp/fifo_mux_16_1a/mux_8_1a/out_sub0_0[157]  
    fifo_sfp/fifo_mux_16_1a/mux_8_1a/out_sub0_0[158]  
    fifo_sfp/fifo_mux_16_1a/mux_8_1a/out_sub0_0[159]  
    fifo_sfp/fifo_mux_16_1a/out_sub1[128]  
    fifo_sfp/fifo_mux_16_1a/out_sub1[129]  
    fifo_sfp/fifo_mux_16_1a/out_sub1[130]  
    fifo_sfp/fifo_mux_16_1a/out_sub1[131]  
    fifo_sfp/fifo_mux_16_1a/out_sub1[132]  
    fifo_sfp/fifo_mux_16_1a/out_sub1[133]  
    fifo_sfp/fifo_mux_16_1a/out_sub1[134]  
    fifo_sfp/fifo_mux_16_1a/out_sub1[135]  
    fifo_sfp/fifo_mux_16_1a/out_sub1[136]  
    fifo_sfp/fifo_mux_16_1a/out_sub1[137]  
    fifo_sfp/fifo_mux_16_1a/out_sub1[138]  
    fifo_sfp/fifo_mux_16_1a/out_sub1[139]  
    fifo_sfp/fifo_mux_16_1a/out_sub1[140]  
    fifo_sfp/fifo_mux_16_1a/out_sub1[141]  
    fifo_sfp/fifo_mux_16_1a/out_sub1[142]  
    fifo_sfp/fifo_mux_16_1a/out_sub1[143]  
    fifo_sfp/fifo_mux_16_1a/out_sub1[144]  
    fifo_sfp/fifo_mux_16_1a/out_sub1[145]  
    fifo_sfp/fifo_mux_16_1a/out_sub1[146]  
    fifo_sfp/fifo_mux_16_1a/out_sub1[147]  
    fifo_sfp/fifo_mux_16_1a/out_sub1[148]  
    fifo_sfp/fifo_mux_16_1a/out_sub1[149]  
    fifo_sfp/fifo_mux_16_1a/out_sub1[150]  
    fifo_sfp/fifo_mux_16_1a/out_sub1[151]  
    fifo_sfp/fifo_mux_16_1a/out_sub1[152]  
    fifo_sfp/fifo_mux_16_1a/out_sub1[153]  
    fifo_sfp/fifo_mux_16_1a/out_sub1[154]  
    fifo_sfp/fifo_mux_16_1a/out_sub1[155]  
    fifo_sfp/fifo_mux_16_1a/out_sub1[156]  
    fifo_sfp/fifo_mux_16_1a/out_sub1[157]  
    fifo_sfp/fifo_mux_16_1a/out_sub1[158]  
    fifo_sfp/fifo_mux_16_1a/out_sub1[159]  
    fifo_sfp/fifo_mux_16_1a/out_sub0[128]  
    fifo_sfp/fifo_mux_16_1a/out_sub0[129]  
    fifo_sfp/fifo_mux_16_1a/out_sub0[130]  
    fifo_sfp/fifo_mux_16_1a/out_sub0[131]  
    fifo_sfp/fifo_mux_16_1a/out_sub0[132]  
    fifo_sfp/fifo_mux_16_1a/out_sub0[133]  
    fifo_sfp/fifo_mux_16_1a/out_sub0[134]  
    fifo_sfp/fifo_mux_16_1a/out_sub0[135]  
    fifo_sfp/fifo_mux_16_1a/out_sub0[136]  
    fifo_sfp/fifo_mux_16_1a/out_sub0[137]  
    fifo_sfp/fifo_mux_16_1a/out_sub0[138]  
    fifo_sfp/fifo_mux_16_1a/out_sub0[139]  
    fifo_sfp/fifo_mux_16_1a/out_sub0[140]  
    fifo_sfp/fifo_mux_16_1a/out_sub0[141]  
    fifo_sfp/fifo_mux_16_1a/out_sub0[142]  
    fifo_sfp/fifo_mux_16_1a/out_sub0[143]  
    fifo_sfp/fifo_mux_16_1a/out_sub0[144]  
    fifo_sfp/fifo_mux_16_1a/out_sub0[145]  
    fifo_sfp/fifo_mux_16_1a/out_sub0[146]  
    fifo_sfp/fifo_mux_16_1a/out_sub0[147]  
    fifo_sfp/fifo_mux_16_1a/out_sub0[148]  
    fifo_sfp/fifo_mux_16_1a/out_sub0[149]  
    fifo_sfp/fifo_mux_16_1a/out_sub0[150]  
    fifo_sfp/fifo_mux_16_1a/out_sub0[151]  
    fifo_sfp/fifo_mux_16_1a/out_sub0[152]  
    fifo_sfp/fifo_mux_16_1a/out_sub0[153]  
    fifo_sfp/fifo_mux_16_1a/out_sub0[154]  
    fifo_sfp/fifo_mux_16_1a/out_sub0[155]  
    fifo_sfp/fifo_mux_16_1a/out_sub0[156]  
    fifo_sfp/fifo_mux_16_1a/out_sub0[157]  
    fifo_sfp/fifo_mux_16_1a/out_sub0[158]  
    fifo_sfp/fifo_mux_16_1a/out_sub0[159]  
    fifo_sfp/q15[128]  
    fifo_sfp/q15[129]  
    fifo_sfp/q15[130]  
    fifo_sfp/q15[131]  
    fifo_sfp/q15[132]  
    fifo_sfp/q15[133]  
    fifo_sfp/q15[134]  
    fifo_sfp/q15[135]  
    fifo_sfp/q15[136]  
    fifo_sfp/q15[137]  
    fifo_sfp/q15[138]  
    fifo_sfp/q15[139]  
    fifo_sfp/q15[140]  
    fifo_sfp/q15[141]  
    fifo_sfp/q15[142]  
    fifo_sfp/q15[143]  
    fifo_sfp/q15[144]  
    fifo_sfp/q15[145]  
    fifo_sfp/q15[146]  
    fifo_sfp/q15[147]  
    fifo_sfp/q15[148]  
    fifo_sfp/q15[149]  
    fifo_sfp/q15[150]  
    fifo_sfp/q15[151]  
    fifo_sfp/q15[152]  
    fifo_sfp/q15[153]  
    fifo_sfp/q15[154]  
    fifo_sfp/q15[155]  
    fifo_sfp/q15[156]  
    fifo_sfp/q15[157]  
    fifo_sfp/q15[158]  
    fifo_sfp/q15[159]  
    fifo_sfp/q14[128]  
    fifo_sfp/q14[129]  
    fifo_sfp/q14[130]  
    fifo_sfp/q14[131]  
    fifo_sfp/q14[132]  
    fifo_sfp/q14[133]  
    fifo_sfp/q14[134]  
    fifo_sfp/q14[135]  
    fifo_sfp/q14[136]  
    fifo_sfp/q14[137]  
    fifo_sfp/q14[138]  
    fifo_sfp/q14[139]  
    fifo_sfp/q14[140]  
    fifo_sfp/q14[141]  
    fifo_sfp/q14[142]  
    fifo_sfp/q14[143]  
    fifo_sfp/q14[144]  
    fifo_sfp/q14[145]  
    fifo_sfp/q14[146]  
    fifo_sfp/q14[147]  
    fifo_sfp/q14[148]  
    fifo_sfp/q14[149]  
    fifo_sfp/q14[150]  
    fifo_sfp/q14[151]  
    fifo_sfp/q14[152]  
    fifo_sfp/q14[153]  
    fifo_sfp/q14[154]  
    fifo_sfp/q14[155]  
    fifo_sfp/q14[156]  
    fifo_sfp/q14[157]  
    fifo_sfp/q14[158]  
    fifo_sfp/q14[159]  
    fifo_sfp/q13[128]  
    fifo_sfp/q13[129]  
    fifo_sfp/q13[130]  
    fifo_sfp/q13[131]  
    fifo_sfp/q13[132]  
    fifo_sfp/q13[133]  
    fifo_sfp/q13[134]  
    fifo_sfp/q13[135]  
    fifo_sfp/q13[136]  
    fifo_sfp/q13[137]  
    fifo_sfp/q13[138]  
    fifo_sfp/q13[139]  
    fifo_sfp/q13[140]  
    fifo_sfp/q13[141]  
    fifo_sfp/q13[142]  
    fifo_sfp/q13[143]  
    fifo_sfp/q13[144]  
    fifo_sfp/q13[145]  
    fifo_sfp/q13[146]  
    fifo_sfp/q13[147]  
    fifo_sfp/q13[148]  
    fifo_sfp/q13[149]  
    fifo_sfp/q13[150]  
    fifo_sfp/q13[151]  
    fifo_sfp/q13[152]  
    fifo_sfp/q13[153]  
    fifo_sfp/q13[154]  
    fifo_sfp/q13[155]  
    fifo_sfp/q13[156]  
    fifo_sfp/q13[157]  
    fifo_sfp/q13[158]  
    fifo_sfp/q13[159]  
    fifo_sfp/q12[128]  
    fifo_sfp/q12[129]  
    fifo_sfp/q12[130]  
    fifo_sfp/q12[131]  
    fifo_sfp/q12[132]  
    fifo_sfp/q12[133]  
    fifo_sfp/q12[134]  
    fifo_sfp/q12[135]  
    fifo_sfp/q12[136]  
    fifo_sfp/q12[137]  
    fifo_sfp/q12[138]  
    fifo_sfp/q12[139]  
    fifo_sfp/q12[140]  
    fifo_sfp/q12[141]  
    fifo_sfp/q12[142]  
    fifo_sfp/q12[143]  
    fifo_sfp/q12[144]  
    fifo_sfp/q12[145]  
    fifo_sfp/q12[146]  
    fifo_sfp/q12[147]  
    fifo_sfp/q12[148]  
    fifo_sfp/q12[149]  
    fifo_sfp/q12[150]  
    fifo_sfp/q12[151]  
    fifo_sfp/q12[152]  
    fifo_sfp/q12[153]  
    fifo_sfp/q12[154]  
    fifo_sfp/q12[155]  
    fifo_sfp/q12[156]  
    fifo_sfp/q12[157]  
    fifo_sfp/q12[158]  
    fifo_sfp/q12[159]  
    fifo_sfp/q11[128]  
    fifo_sfp/q11[129]  
    fifo_sfp/q11[130]  
    fifo_sfp/q11[131]  
    fifo_sfp/q11[132]  
    fifo_sfp/q11[133]  
    fifo_sfp/q11[134]  
    fifo_sfp/q11[135]  
    fifo_sfp/q11[136]  
    fifo_sfp/q11[137]  
    fifo_sfp/q11[138]  
    fifo_sfp/q11[139]  
    fifo_sfp/q11[140]  
    fifo_sfp/q11[141]  
    fifo_sfp/q11[142]  
    fifo_sfp/q11[143]  
    fifo_sfp/q11[144]  
    fifo_sfp/q11[145]  
    fifo_sfp/q11[146]  
    fifo_sfp/q11[147]  
    fifo_sfp/q11[148]  
    fifo_sfp/q11[149]  
    fifo_sfp/q11[150]  
    fifo_sfp/q11[151]  
    fifo_sfp/q11[152]  
    fifo_sfp/q11[153]  
    fifo_sfp/q11[154]  
    fifo_sfp/q11[155]  
    fifo_sfp/q11[156]  
    fifo_sfp/q11[157]  
    fifo_sfp/q11[158]  
    fifo_sfp/q11[159]  
    fifo_sfp/q10[128]  
    fifo_sfp/q10[129]  
    fifo_sfp/q10[130]  
    fifo_sfp/q10[131]  
    fifo_sfp/q10[132]  
    fifo_sfp/q10[133]  
    fifo_sfp/q10[134]  
    fifo_sfp/q10[135]  
    fifo_sfp/q10[136]  
    fifo_sfp/q10[137]  
    fifo_sfp/q10[138]  
    fifo_sfp/q10[139]  
    fifo_sfp/q10[140]  
    fifo_sfp/q10[141]  
    fifo_sfp/q10[142]  
    fifo_sfp/q10[143]  
    fifo_sfp/q10[144]  
    fifo_sfp/q10[145]  
    fifo_sfp/q10[146]  
    fifo_sfp/q10[147]  
    fifo_sfp/q10[148]  
    fifo_sfp/q10[149]  
    fifo_sfp/q10[150]  
    fifo_sfp/q10[151]  
    fifo_sfp/q10[152]  
    fifo_sfp/q10[153]  
    fifo_sfp/q10[154]  
    fifo_sfp/q10[155]  
    fifo_sfp/q10[156]  
    fifo_sfp/q10[157]  
    fifo_sfp/q10[158]  
    fifo_sfp/q10[159]  
    fifo_sfp/q9[128]  
    fifo_sfp/q9[129]  
    fifo_sfp/q9[130]  
    fifo_sfp/q9[131]  
    fifo_sfp/q9[132]  
    fifo_sfp/q9[133]  
    fifo_sfp/q9[134]  
    fifo_sfp/q9[135]  
    fifo_sfp/q9[136]  
    fifo_sfp/q9[137]  
    fifo_sfp/q9[138]  
    fifo_sfp/q9[139]  
    fifo_sfp/q9[140]  
    fifo_sfp/q9[141]  
    fifo_sfp/q9[142]  
    fifo_sfp/q9[143]  
    fifo_sfp/q9[144]  
    fifo_sfp/q9[145]  
    fifo_sfp/q9[146]  
    fifo_sfp/q9[147]  
    fifo_sfp/q9[148]  
    fifo_sfp/q9[149]  
    fifo_sfp/q9[150]  
    fifo_sfp/q9[151]  
    fifo_sfp/q9[152]  
    fifo_sfp/q9[153]  
    fifo_sfp/q9[154]  
    fifo_sfp/q9[155]  
    fifo_sfp/q9[156]  
    fifo_sfp/q9[157]  
    fifo_sfp/q9[158]  
    fifo_sfp/q9[159]  
    fifo_sfp/q8[128]  
    fifo_sfp/q8[129]  
    fifo_sfp/q8[130]  
    fifo_sfp/q8[131]  
    fifo_sfp/q8[132]  
    fifo_sfp/q8[133]  
    fifo_sfp/q8[134]  
    fifo_sfp/q8[135]  
    fifo_sfp/q8[136]  
    fifo_sfp/q8[137]  
    fifo_sfp/q8[138]  
    fifo_sfp/q8[139]  
    fifo_sfp/q8[140]  
    fifo_sfp/q8[141]  
    fifo_sfp/q8[142]  
    fifo_sfp/q8[143]  
    fifo_sfp/q8[144]  
    fifo_sfp/q8[145]  
    fifo_sfp/q8[146]  
    fifo_sfp/q8[147]  
    fifo_sfp/q8[148]  
    fifo_sfp/q8[149]  
    fifo_sfp/q8[150]  
    fifo_sfp/q8[151]  
    fifo_sfp/q8[152]  
    fifo_sfp/q8[153]  
    fifo_sfp/q8[154]  
    fifo_sfp/q8[155]  
    fifo_sfp/q8[156]  
    fifo_sfp/q8[157]  
    fifo_sfp/q8[158]  
    fifo_sfp/q8[159]  
    fifo_sfp/q7[128]  
    fifo_sfp/q7[129]  
    fifo_sfp/q7[130]  
    fifo_sfp/q7[131]  
    fifo_sfp/q7[132]  
    fifo_sfp/q7[133]  
    fifo_sfp/q7[134]  
    fifo_sfp/q7[135]  
    fifo_sfp/q7[136]  
    fifo_sfp/q7[137]  
    fifo_sfp/q7[138]  
    fifo_sfp/q7[139]  
    fifo_sfp/q7[140]  
    fifo_sfp/q7[141]  
    fifo_sfp/q7[142]  
    fifo_sfp/q7[143]  
    fifo_sfp/q7[144]  
    fifo_sfp/q7[145]  
    fifo_sfp/q7[146]  
    fifo_sfp/q7[147]  
    fifo_sfp/q7[148]  
    fifo_sfp/q7[149]  
    fifo_sfp/q7[150]  
    fifo_sfp/q7[151]  
    fifo_sfp/q7[152]  
    fifo_sfp/q7[153]  
    fifo_sfp/q7[154]  
    fifo_sfp/q7[155]  
    fifo_sfp/q7[156]  
    fifo_sfp/q7[157]  
    fifo_sfp/q7[158]  
    fifo_sfp/q7[159]  
    fifo_sfp/q6[128]  
    fifo_sfp/q6[129]  
    fifo_sfp/q6[130]  
    fifo_sfp/q6[131]  
    fifo_sfp/q6[132]  
    fifo_sfp/q6[133]  
    fifo_sfp/q6[134]  
    fifo_sfp/q6[135]  
    fifo_sfp/q6[136]  
    fifo_sfp/q6[137]  
    fifo_sfp/q6[138]  
    fifo_sfp/q6[139]  
    fifo_sfp/q6[140]  
    fifo_sfp/q6[141]  
    fifo_sfp/q6[142]  
    fifo_sfp/q6[143]  
    fifo_sfp/q6[144]  
    fifo_sfp/q6[145]  
    fifo_sfp/q6[146]  
    fifo_sfp/q6[147]  
    fifo_sfp/q6[148]  
    fifo_sfp/q6[149]  
    fifo_sfp/q6[150]  
    fifo_sfp/q6[151]  
    fifo_sfp/q6[152]  
    fifo_sfp/q6[153]  
    fifo_sfp/q6[154]  
    fifo_sfp/q6[155]  
    fifo_sfp/q6[156]  
    fifo_sfp/q6[157]  
    fifo_sfp/q6[158]  
    fifo_sfp/q6[159]  
    fifo_sfp/q5[128]  
    fifo_sfp/q5[129]  
    fifo_sfp/q5[130]  
    fifo_sfp/q5[131]  
    fifo_sfp/q5[132]  
    fifo_sfp/q5[133]  
    fifo_sfp/q5[134]  
    fifo_sfp/q5[135]  
    fifo_sfp/q5[136]  
    fifo_sfp/q5[137]  
    fifo_sfp/q5[138]  
    fifo_sfp/q5[139]  
    fifo_sfp/q5[140]  
    fifo_sfp/q5[141]  
    fifo_sfp/q5[142]  
    fifo_sfp/q5[143]  
    fifo_sfp/q5[144]  
    fifo_sfp/q5[145]  
    fifo_sfp/q5[146]  
    fifo_sfp/q5[147]  
    fifo_sfp/q5[148]  
    fifo_sfp/q5[149]  
    fifo_sfp/q5[150]  
    fifo_sfp/q5[151]  
    fifo_sfp/q5[152]  
    fifo_sfp/q5[153]  
    fifo_sfp/q5[154]  
    fifo_sfp/q5[155]  
    fifo_sfp/q5[156]  
    fifo_sfp/q5[157]  
    fifo_sfp/q5[158]  
    fifo_sfp/q5[159]  
    fifo_sfp/q4[128]  
    fifo_sfp/q4[129]  
    fifo_sfp/q4[130]  
    fifo_sfp/q4[131]  
    fifo_sfp/q4[132]  
    fifo_sfp/q4[133]  
    fifo_sfp/q4[134]  
    fifo_sfp/q4[135]  
    fifo_sfp/q4[136]  
    fifo_sfp/q4[137]  
    fifo_sfp/q4[138]  
    fifo_sfp/q4[139]  
    fifo_sfp/q4[140]  
    fifo_sfp/q4[141]  
    fifo_sfp/q4[142]  
    fifo_sfp/q4[143]  
    fifo_sfp/q4[144]  
    fifo_sfp/q4[145]  
    fifo_sfp/q4[146]  
    fifo_sfp/q4[147]  
    fifo_sfp/q4[148]  
    fifo_sfp/q4[149]  
    fifo_sfp/q4[150]  
    fifo_sfp/q4[151]  
    fifo_sfp/q4[152]  
    fifo_sfp/q4[153]  
    fifo_sfp/q4[154]  
    fifo_sfp/q4[155]  
    fifo_sfp/q4[156]  
    fifo_sfp/q4[157]  
    fifo_sfp/q4[158]  
    fifo_sfp/q4[159]  
    fifo_sfp/q3[128]  
    fifo_sfp/q3[129]  
    fifo_sfp/q3[130]  
    fifo_sfp/q3[131]  
    fifo_sfp/q3[132]  
    fifo_sfp/q3[133]  
    fifo_sfp/q3[134]  
    fifo_sfp/q3[135]  
    fifo_sfp/q3[136]  
    fifo_sfp/q3[137]  
    fifo_sfp/q3[138]  
    fifo_sfp/q3[139]  
    fifo_sfp/q3[140]  
    fifo_sfp/q3[141]  
    fifo_sfp/q3[142]  
    fifo_sfp/q3[143]  
    fifo_sfp/q3[144]  
    fifo_sfp/q3[145]  
    fifo_sfp/q3[146]  
    fifo_sfp/q3[147]  
    fifo_sfp/q3[148]  
    fifo_sfp/q3[149]  
    fifo_sfp/q3[150]  
    fifo_sfp/q3[151]  
    fifo_sfp/q3[152]  
    fifo_sfp/q3[153]  
    fifo_sfp/q3[154]  
    fifo_sfp/q3[155]  
    fifo_sfp/q3[156]  
    fifo_sfp/q3[157]  
    fifo_sfp/q3[158]  
    fifo_sfp/q3[159]  
    fifo_sfp/q2[128]  
    fifo_sfp/q2[129]  
    fifo_sfp/q2[130]  
    fifo_sfp/q2[131]  
    fifo_sfp/q2[132]  
    fifo_sfp/q2[133]  
    fifo_sfp/q2[134]  
    fifo_sfp/q2[135]  
    fifo_sfp/q2[136]  
    fifo_sfp/q2[137]  
    fifo_sfp/q2[138]  
    fifo_sfp/q2[139]  
    fifo_sfp/q2[140]  
    fifo_sfp/q2[141]  
    fifo_sfp/q2[142]  
    fifo_sfp/q2[143]  
    fifo_sfp/q2[144]  
    fifo_sfp/q2[145]  
    fifo_sfp/q2[146]  
    fifo_sfp/q2[147]  
    fifo_sfp/q2[148]  
    fifo_sfp/q2[149]  
    fifo_sfp/q2[150]  
    fifo_sfp/q2[151]  
    fifo_sfp/q2[152]  
    fifo_sfp/q2[153]  
    fifo_sfp/q2[154]  
    fifo_sfp/q2[155]  
    fifo_sfp/q2[156]  
    fifo_sfp/q2[157]  
    fifo_sfp/q2[158]  
    fifo_sfp/q2[159]  
    fifo_sfp/q1[128]  
    fifo_sfp/q1[129]  
    fifo_sfp/q1[130]  
    fifo_sfp/q1[131]  
    fifo_sfp/q1[132]  
    fifo_sfp/q1[133]  
    fifo_sfp/q1[134]  
    fifo_sfp/q1[135]  
    fifo_sfp/q1[136]  
    fifo_sfp/q1[137]  
    fifo_sfp/q1[138]  
    fifo_sfp/q1[139]  
    fifo_sfp/q1[140]  
    fifo_sfp/q1[141]  
    fifo_sfp/q1[142]  
    fifo_sfp/q1[143]  
    fifo_sfp/q1[144]  
    fifo_sfp/q1[145]  
    fifo_sfp/q1[146]  
    fifo_sfp/q1[147]  
    fifo_sfp/q1[148]  
    fifo_sfp/q1[149]  
    fifo_sfp/q1[150]  
    fifo_sfp/q1[151]  
    fifo_sfp/q1[152]  
    fifo_sfp/q1[153]  
    fifo_sfp/q1[154]  
    fifo_sfp/q1[155]  
    fifo_sfp/q1[156]  
    fifo_sfp/q1[157]  
    fifo_sfp/q1[158]  
    fifo_sfp/q1[159]  
    fifo_sfp/q0[128]  
    fifo_sfp/q0[129]  
    fifo_sfp/q0[130]  
    fifo_sfp/q0[131]  
    fifo_sfp/q0[132]  
    fifo_sfp/q0[133]  
    fifo_sfp/q0[134]  
    fifo_sfp/q0[135]  
    fifo_sfp/q0[136]  
    fifo_sfp/q0[137]  
    fifo_sfp/q0[138]  
    fifo_sfp/q0[139]  
    fifo_sfp/q0[140]  
    fifo_sfp/q0[141]  
    fifo_sfp/q0[142]  
    fifo_sfp/q0[143]  
    fifo_sfp/q0[144]  
    fifo_sfp/q0[145]  
    fifo_sfp/q0[146]  
    fifo_sfp/q0[147]  
    fifo_sfp/q0[148]  
    fifo_sfp/q0[149]  
    fifo_sfp/q0[150]  
    fifo_sfp/q0[151]  
    fifo_sfp/q0[152]  
    fifo_sfp/q0[153]  
    fifo_sfp/q0[154]  
    fifo_sfp/q0[155]  
    fifo_sfp/q0[156]  
    fifo_sfp/q0[157]  
    fifo_sfp/q0[158]  
    fifo_sfp/q0[159]  
    fifo_sfp/n1341  
    fifo_sfp/n1340  
    fifo_sfp/n1339  
    fifo_sfp/n1338  
    fifo_sfp/n1337  
    fifo_sfp/n1336  
    fifo_sfp/n1335  
    fifo_sfp/n1334  
    fifo_sfp/n1333  
    fifo_sfp/n1332  
    fifo_sfp/n1331  
    fifo_sfp/n1330  
    fifo_sfp/n1329  
    fifo_sfp/n1328  
    fifo_sfp/n1327  
    fifo_sfp/n1326  
    fifo_sfp/n1325  
    fifo_sfp/n1324  
    fifo_sfp/n1323  
    fifo_sfp/n1322  
    fifo_sfp/n1321  
    fifo_sfp/n1320  
    fifo_sfp/n1319  
    fifo_sfp/n1318  
    fifo_sfp/n1317  
    fifo_sfp/n1316  
    fifo_sfp/n1315  
    fifo_sfp/n1314  
    fifo_sfp/n1313  
    fifo_sfp/n1312  
    fifo_sfp/n1311  
    fifo_sfp/n1310  
    fifo_sfp/n1175  
    fifo_sfp/n1174  
    fifo_sfp/n1173  
    fifo_sfp/n1172  
    fifo_sfp/n1171  
    fifo_sfp/n1170  
    fifo_sfp/n1169  
    fifo_sfp/n1168  
    fifo_sfp/n1167  
    fifo_sfp/n1166  
    fifo_sfp/n1165  
    fifo_sfp/n1164  
    fifo_sfp/n1163  
    fifo_sfp/n1162  
    fifo_sfp/n1161  
    fifo_sfp/n1160  
    fifo_sfp/n1159  
    fifo_sfp/n1158  
    fifo_sfp/n1157  
    fifo_sfp/n1156  
    fifo_sfp/n1155  
    fifo_sfp/n1154  
    fifo_sfp/n1153  
    fifo_sfp/n1152  
    fifo_sfp/n1151  
    fifo_sfp/n1150  
    fifo_sfp/n1149  
    fifo_sfp/n1148  
    fifo_sfp/n1147  
    fifo_sfp/n1146  
    fifo_sfp/n1145  
    fifo_sfp/n1144  
    fifo_sfp/n1016  
    fifo_sfp/n1015  
    fifo_sfp/n1014  
    fifo_sfp/n1013  
    fifo_sfp/n1012  
    fifo_sfp/n1011  
    fifo_sfp/n1010  
    fifo_sfp/n1009  
    fifo_sfp/n1008  
    fifo_sfp/n1007  
    fifo_sfp/n1006  
    fifo_sfp/n1005  
    fifo_sfp/n1004  
    fifo_sfp/n1003  
    fifo_sfp/n1002  
    fifo_sfp/n1001  
    fifo_sfp/n1000  
    fifo_sfp/n999  
    fifo_sfp/n998  
    fifo_sfp/n997  
    fifo_sfp/n996  
    fifo_sfp/n995  
    fifo_sfp/n994  
    fifo_sfp/n993  
    fifo_sfp/n992  
    fifo_sfp/n991  
    fifo_sfp/n990  
    fifo_sfp/n989  
    fifo_sfp/n988  
    fifo_sfp/n987  
    fifo_sfp/n986  
    fifo_sfp/n985  
    fifo_sfp/n856  
    fifo_sfp/n855  
    fifo_sfp/n854  
    fifo_sfp/n853  
    fifo_sfp/n852  
    fifo_sfp/n851  
    fifo_sfp/n850  
    fifo_sfp/n849  
    fifo_sfp/n848  
    fifo_sfp/n847  
    fifo_sfp/n846  
    fifo_sfp/n845  
    fifo_sfp/n844  
    fifo_sfp/n843  
    fifo_sfp/n842  
    fifo_sfp/n841  
    fifo_sfp/n840  
    fifo_sfp/n839  
    fifo_sfp/n838  
    fifo_sfp/n837  
    fifo_sfp/n836  
    fifo_sfp/n835  
    fifo_sfp/n834  
    fifo_sfp/n833  
    fifo_sfp/n832  
    fifo_sfp/n831  
    fifo_sfp/n830  
    fifo_sfp/n829  
    fifo_sfp/n828  
    fifo_sfp/n827  
    fifo_sfp/n826  
    fifo_sfp/n825  
    fifo_sfp/n696  
    fifo_sfp/n695  
    fifo_sfp/n694  
    fifo_sfp/n693  
    fifo_sfp/n692  
    fifo_sfp/n691  
    fifo_sfp/n690  
    fifo_sfp/n689  
    fifo_sfp/n688  
    fifo_sfp/n687  
    fifo_sfp/n686  
    fifo_sfp/n685  
    fifo_sfp/n684  
    fifo_sfp/n683  
    fifo_sfp/n682  
    fifo_sfp/n681  
    fifo_sfp/n680  
    fifo_sfp/n679  
    fifo_sfp/n678  
    fifo_sfp/n677  
    fifo_sfp/n676  
    fifo_sfp/n675  
    fifo_sfp/n674  
    fifo_sfp/n673  
    fifo_sfp/n672  
    fifo_sfp/n671  
    fifo_sfp/n670  
    fifo_sfp/n669  
    fifo_sfp/n668  
    fifo_sfp/n667  
    fifo_sfp/n666  
    fifo_sfp/n665  
    fifo_sfp/n536  
    fifo_sfp/n535  
    fifo_sfp/n534  
    fifo_sfp/n533  
    fifo_sfp/n532  
    fifo_sfp/n531  
    fifo_sfp/n530  
    fifo_sfp/n529  
    fifo_sfp/n528  
    fifo_sfp/n527  
    fifo_sfp/n526  
    fifo_sfp/n525  
    fifo_sfp/n524  
    fifo_sfp/n523  
    fifo_sfp/n522  
    fifo_sfp/n521  
    fifo_sfp/n520  
    fifo_sfp/n519  
    fifo_sfp/n518  
    fifo_sfp/n517  
    fifo_sfp/n516  
    fifo_sfp/n515  
    fifo_sfp/n514  
    fifo_sfp/n513  
    fifo_sfp/n512  
    fifo_sfp/n511  
    fifo_sfp/n510  
    fifo_sfp/n509  
    fifo_sfp/n508  
    fifo_sfp/n507  
    fifo_sfp/n506  
    fifo_sfp/n505  
    fifo_sfp/n376  
    fifo_sfp/n375  
    fifo_sfp/n374  
    fifo_sfp/n373  
    fifo_sfp/n372  
    fifo_sfp/n371  
    fifo_sfp/n370  
    fifo_sfp/n369  
    fifo_sfp/n368  
    fifo_sfp/n367  
    fifo_sfp/n366  
    fifo_sfp/n365  
    fifo_sfp/n364  
    fifo_sfp/n363  
    fifo_sfp/n362  
    fifo_sfp/n361  
    fifo_sfp/n360  
    fifo_sfp/n359  
    fifo_sfp/n358  
    fifo_sfp/n357  
    fifo_sfp/n356  
    fifo_sfp/n355  
    fifo_sfp/n354  
    fifo_sfp/n353  
    fifo_sfp/n352  
    fifo_sfp/n351  
    fifo_sfp/n350  
    fifo_sfp/n349  
    fifo_sfp/n348  
    fifo_sfp/n347  
    fifo_sfp/n346  
    fifo_sfp/n345  
    fifo_sfp/n216  
    fifo_sfp/n215  
    fifo_sfp/n214  
    fifo_sfp/n213  
    fifo_sfp/n212  
    fifo_sfp/n211  
    fifo_sfp/n210  
    fifo_sfp/n209  
    fifo_sfp/n208  
    fifo_sfp/n207  
    fifo_sfp/n206  
    fifo_sfp/n205  
    fifo_sfp/n204  
    fifo_sfp/n203  
    fifo_sfp/n202  
    fifo_sfp/n201  
    fifo_sfp/n200  
    fifo_sfp/n199  
    fifo_sfp/n198  
    fifo_sfp/n197  
    fifo_sfp/n196  
    fifo_sfp/n195  
    fifo_sfp/n194  
    fifo_sfp/n193  
    fifo_sfp/n192  
    fifo_sfp/n191  
    fifo_sfp/n190  
    fifo_sfp/n189  
    fifo_sfp/n188  
    fifo_sfp/n187  
    fifo_sfp/n186  
    fifo_sfp/n185  
    fifo_sfp/o_empty  
    fifo_sfp/o_full  
    ofifo_inst/col_idx_7__fifo_instance/fifo_mux_16_1a/mux_8_1b/out_sub1_1[0]  
    ofifo_inst/col_idx_7__fifo_instance/fifo_mux_16_1a/mux_8_1b/out_sub1_1[1]  
    ofifo_inst/col_idx_7__fifo_instance/fifo_mux_16_1a/mux_8_1b/out_sub1_1[2]  
    ofifo_inst/col_idx_7__fifo_instance/fifo_mux_16_1a/mux_8_1b/out_sub1_1[3]  
    ofifo_inst/col_idx_7__fifo_instance/fifo_mux_16_1a/mux_8_1b/out_sub1_1[4]  
    ofifo_inst/col_idx_7__fifo_instance/fifo_mux_16_1a/mux_8_1b/out_sub1_1[5]  
    ofifo_inst/col_idx_7__fifo_instance/fifo_mux_16_1a/mux_8_1b/out_sub1_1[6]  
    ofifo_inst/col_idx_7__fifo_instance/fifo_mux_16_1a/mux_8_1b/out_sub1_1[7]  
    ofifo_inst/col_idx_7__fifo_instance/fifo_mux_16_1a/mux_8_1b/out_sub1_1[8]  
    ofifo_inst/col_idx_7__fifo_instance/fifo_mux_16_1a/mux_8_1b/out_sub1_1[9]  
    ofifo_inst/col_idx_7__fifo_instance/fifo_mux_16_1a/mux_8_1b/out_sub1_1[10]  
    ofifo_inst/col_idx_7__fifo_instance/fifo_mux_16_1a/mux_8_1b/out_sub1_1[11]  
    ofifo_inst/col_idx_7__fifo_instance/fifo_mux_16_1a/mux_8_1b/out_sub1_1[12]  
    ofifo_inst/col_idx_7__fifo_instance/fifo_mux_16_1a/mux_8_1b/out_sub1_1[13]  
    ofifo_inst/col_idx_7__fifo_instance/fifo_mux_16_1a/mux_8_1b/out_sub1_1[14]  
    ofifo_inst/col_idx_7__fifo_instance/fifo_mux_16_1a/mux_8_1b/out_sub1_1[15]  
    ofifo_inst/col_idx_7__fifo_instance/fifo_mux_16_1a/mux_8_1b/out_sub1_1[16]  
    ofifo_inst/col_idx_7__fifo_instance/fifo_mux_16_1a/mux_8_1b/out_sub1_1[17]  
    ofifo_inst/col_idx_7__fifo_instance/fifo_mux_16_1a/mux_8_1b/out_sub1_1[18]  
    ofifo_inst/col_idx_7__fifo_instance/fifo_mux_16_1a/mux_8_1b/out_sub1_1[19]  
    ofifo_inst/col_idx_7__fifo_instance/fifo_mux_16_1a/mux_8_1b/out_sub1_0[0]  
    ofifo_inst/col_idx_7__fifo_instance/fifo_mux_16_1a/mux_8_1b/out_sub1_0[1]  
    ofifo_inst/col_idx_7__fifo_instance/fifo_mux_16_1a/mux_8_1b/out_sub1_0[2]  
    ofifo_inst/col_idx_7__fifo_instance/fifo_mux_16_1a/mux_8_1b/out_sub1_0[3]  
    ofifo_inst/col_idx_7__fifo_instance/fifo_mux_16_1a/mux_8_1b/out_sub1_0[4]  
    ofifo_inst/col_idx_7__fifo_instance/fifo_mux_16_1a/mux_8_1b/out_sub1_0[5]  
    ofifo_inst/col_idx_7__fifo_instance/fifo_mux_16_1a/mux_8_1b/out_sub1_0[6]  
    ofifo_inst/col_idx_7__fifo_instance/fifo_mux_16_1a/mux_8_1b/out_sub1_0[7]  
    ofifo_inst/col_idx_7__fifo_instance/fifo_mux_16_1a/mux_8_1b/out_sub1_0[8]  
    ofifo_inst/col_idx_7__fifo_instance/fifo_mux_16_1a/mux_8_1b/out_sub1_0[9]  
    ofifo_inst/col_idx_7__fifo_instance/fifo_mux_16_1a/mux_8_1b/out_sub1_0[10]  
    ofifo_inst/col_idx_7__fifo_instance/fifo_mux_16_1a/mux_8_1b/out_sub1_0[11]  
    ofifo_inst/col_idx_7__fifo_instance/fifo_mux_16_1a/mux_8_1b/out_sub1_0[12]  
    ofifo_inst/col_idx_7__fifo_instance/fifo_mux_16_1a/mux_8_1b/out_sub1_0[13]  
    ofifo_inst/col_idx_7__fifo_instance/fifo_mux_16_1a/mux_8_1b/out_sub1_0[14]  
    ofifo_inst/col_idx_7__fifo_instance/fifo_mux_16_1a/mux_8_1b/out_sub1_0[15]  
    ofifo_inst/col_idx_7__fifo_instance/fifo_mux_16_1a/mux_8_1b/out_sub1_0[16]  
    ofifo_inst/col_idx_7__fifo_instance/fifo_mux_16_1a/mux_8_1b/out_sub1_0[17]  
    ofifo_inst/col_idx_7__fifo_instance/fifo_mux_16_1a/mux_8_1b/out_sub1_0[18]  
    ofifo_inst/col_idx_7__fifo_instance/fifo_mux_16_1a/mux_8_1b/out_sub1_0[19]  
    ofifo_inst/col_idx_7__fifo_instance/fifo_mux_16_1a/mux_8_1b/out_sub0_3[0]  
    ofifo_inst/col_idx_7__fifo_instance/fifo_mux_16_1a/mux_8_1b/out_sub0_3[1]  
    ofifo_inst/col_idx_7__fifo_instance/fifo_mux_16_1a/mux_8_1b/out_sub0_3[2]  
    ofifo_inst/col_idx_7__fifo_instance/fifo_mux_16_1a/mux_8_1b/out_sub0_3[3]  
    ofifo_inst/col_idx_7__fifo_instance/fifo_mux_16_1a/mux_8_1b/out_sub0_3[4]  
    ofifo_inst/col_idx_7__fifo_instance/fifo_mux_16_1a/mux_8_1b/out_sub0_3[5]  
    ofifo_inst/col_idx_7__fifo_instance/fifo_mux_16_1a/mux_8_1b/out_sub0_3[6]  
    ofifo_inst/col_idx_7__fifo_instance/fifo_mux_16_1a/mux_8_1b/out_sub0_3[7]  
    ofifo_inst/col_idx_7__fifo_instance/fifo_mux_16_1a/mux_8_1b/out_sub0_3[8]  
    ofifo_inst/col_idx_7__fifo_instance/fifo_mux_16_1a/mux_8_1b/out_sub0_3[9]  
    ofifo_inst/col_idx_7__fifo_instance/fifo_mux_16_1a/mux_8_1b/out_sub0_3[10]  
    ofifo_inst/col_idx_7__fifo_instance/fifo_mux_16_1a/mux_8_1b/out_sub0_3[11]  
    ofifo_inst/col_idx_7__fifo_instance/fifo_mux_16_1a/mux_8_1b/out_sub0_3[12]  
    ofifo_inst/col_idx_7__fifo_instance/fifo_mux_16_1a/mux_8_1b/out_sub0_3[13]  
    ofifo_inst/col_idx_7__fifo_instance/fifo_mux_16_1a/mux_8_1b/out_sub0_3[14]  
    ofifo_inst/col_idx_7__fifo_instance/fifo_mux_16_1a/mux_8_1b/out_sub0_3[15]  
    ofifo_inst/col_idx_7__fifo_instance/fifo_mux_16_1a/mux_8_1b/out_sub0_3[16]  
    ofifo_inst/col_idx_7__fifo_instance/fifo_mux_16_1a/mux_8_1b/out_sub0_3[17]  
    ofifo_inst/col_idx_7__fifo_instance/fifo_mux_16_1a/mux_8_1b/out_sub0_3[18]  
    ofifo_inst/col_idx_7__fifo_instance/fifo_mux_16_1a/mux_8_1b/out_sub0_3[19]  
    ofifo_inst/col_idx_7__fifo_instance/fifo_mux_16_1a/mux_8_1b/out_sub0_2[0]  
    ofifo_inst/col_idx_7__fifo_instance/fifo_mux_16_1a/mux_8_1b/out_sub0_2[1]  
    ofifo_inst/col_idx_7__fifo_instance/fifo_mux_16_1a/mux_8_1b/out_sub0_2[2]  
    ofifo_inst/col_idx_7__fifo_instance/fifo_mux_16_1a/mux_8_1b/out_sub0_2[3]  
    ofifo_inst/col_idx_7__fifo_instance/fifo_mux_16_1a/mux_8_1b/out_sub0_2[4]  
    ofifo_inst/col_idx_7__fifo_instance/fifo_mux_16_1a/mux_8_1b/out_sub0_2[5]  
    ofifo_inst/col_idx_7__fifo_instance/fifo_mux_16_1a/mux_8_1b/out_sub0_2[6]  
    ofifo_inst/col_idx_7__fifo_instance/fifo_mux_16_1a/mux_8_1b/out_sub0_2[7]  
    ofifo_inst/col_idx_7__fifo_instance/fifo_mux_16_1a/mux_8_1b/out_sub0_2[8]  
    ofifo_inst/col_idx_7__fifo_instance/fifo_mux_16_1a/mux_8_1b/out_sub0_2[9]  
    ofifo_inst/col_idx_7__fifo_instance/fifo_mux_16_1a/mux_8_1b/out_sub0_2[10]  
    ofifo_inst/col_idx_7__fifo_instance/fifo_mux_16_1a/mux_8_1b/out_sub0_2[11]  
    ofifo_inst/col_idx_7__fifo_instance/fifo_mux_16_1a/mux_8_1b/out_sub0_2[12]  
    ofifo_inst/col_idx_7__fifo_instance/fifo_mux_16_1a/mux_8_1b/out_sub0_2[13]  
    ofifo_inst/col_idx_7__fifo_instance/fifo_mux_16_1a/mux_8_1b/out_sub0_2[14]  
    ofifo_inst/col_idx_7__fifo_instance/fifo_mux_16_1a/mux_8_1b/out_sub0_2[15]  
    ofifo_inst/col_idx_7__fifo_instance/fifo_mux_16_1a/mux_8_1b/out_sub0_2[16]  
    ofifo_inst/col_idx_7__fifo_instance/fifo_mux_16_1a/mux_8_1b/out_sub0_2[17]  
    ofifo_inst/col_idx_7__fifo_instance/fifo_mux_16_1a/mux_8_1b/out_sub0_2[18]  
    ofifo_inst/col_idx_7__fifo_instance/fifo_mux_16_1a/mux_8_1b/out_sub0_2[19]  
    ofifo_inst/col_idx_7__fifo_instance/fifo_mux_16_1a/mux_8_1b/out_sub0_1[0]  
    ofifo_inst/col_idx_7__fifo_instance/fifo_mux_16_1a/mux_8_1b/out_sub0_1[1]  
    ofifo_inst/col_idx_7__fifo_instance/fifo_mux_16_1a/mux_8_1b/out_sub0_1[2]  
    ofifo_inst/col_idx_7__fifo_instance/fifo_mux_16_1a/mux_8_1b/out_sub0_1[3]  
    ofifo_inst/col_idx_7__fifo_instance/fifo_mux_16_1a/mux_8_1b/out_sub0_1[4]  
    ofifo_inst/col_idx_7__fifo_instance/fifo_mux_16_1a/mux_8_1b/out_sub0_1[5]  
    ofifo_inst/col_idx_7__fifo_instance/fifo_mux_16_1a/mux_8_1b/out_sub0_1[6]  
    ofifo_inst/col_idx_7__fifo_instance/fifo_mux_16_1a/mux_8_1b/out_sub0_1[7]  
    ofifo_inst/col_idx_7__fifo_instance/fifo_mux_16_1a/mux_8_1b/out_sub0_1[8]  
    ofifo_inst/col_idx_7__fifo_instance/fifo_mux_16_1a/mux_8_1b/out_sub0_1[9]  
    ofifo_inst/col_idx_7__fifo_instance/fifo_mux_16_1a/mux_8_1b/out_sub0_1[10]  
    ofifo_inst/col_idx_7__fifo_instance/fifo_mux_16_1a/mux_8_1b/out_sub0_1[11]  
    ofifo_inst/col_idx_7__fifo_instance/fifo_mux_16_1a/mux_8_1b/out_sub0_1[12]  
    ofifo_inst/col_idx_7__fifo_instance/fifo_mux_16_1a/mux_8_1b/out_sub0_1[13]  
    ofifo_inst/col_idx_7__fifo_instance/fifo_mux_16_1a/mux_8_1b/out_sub0_1[14]  
    ofifo_inst/col_idx_7__fifo_instance/fifo_mux_16_1a/mux_8_1b/out_sub0_1[15]  
    ofifo_inst/col_idx_7__fifo_instance/fifo_mux_16_1a/mux_8_1b/out_sub0_1[16]  
    ofifo_inst/col_idx_7__fifo_instance/fifo_mux_16_1a/mux_8_1b/out_sub0_1[17]  
    ofifo_inst/col_idx_7__fifo_instance/fifo_mux_16_1a/mux_8_1b/out_sub0_1[18]  
    ofifo_inst/col_idx_7__fifo_instance/fifo_mux_16_1a/mux_8_1b/out_sub0_1[19]  
    ofifo_inst/col_idx_7__fifo_instance/fifo_mux_16_1a/mux_8_1b/out_sub0_0[0]  
    ofifo_inst/col_idx_7__fifo_instance/fifo_mux_16_1a/mux_8_1b/out_sub0_0[1]  
    ofifo_inst/col_idx_7__fifo_instance/fifo_mux_16_1a/mux_8_1b/out_sub0_0[2]  
    ofifo_inst/col_idx_7__fifo_instance/fifo_mux_16_1a/mux_8_1b/out_sub0_0[3]  
    ofifo_inst/col_idx_7__fifo_instance/fifo_mux_16_1a/mux_8_1b/out_sub0_0[4]  
    ofifo_inst/col_idx_7__fifo_instance/fifo_mux_16_1a/mux_8_1b/out_sub0_0[5]  
    ofifo_inst/col_idx_7__fifo_instance/fifo_mux_16_1a/mux_8_1b/out_sub0_0[6]  
    ofifo_inst/col_idx_7__fifo_instance/fifo_mux_16_1a/mux_8_1b/out_sub0_0[7]  
    ofifo_inst/col_idx_7__fifo_instance/fifo_mux_16_1a/mux_8_1b/out_sub0_0[8]  
    ofifo_inst/col_idx_7__fifo_instance/fifo_mux_16_1a/mux_8_1b/out_sub0_0[9]  
    ofifo_inst/col_idx_7__fifo_instance/fifo_mux_16_1a/mux_8_1b/out_sub0_0[10]  
    ofifo_inst/col_idx_7__fifo_instance/fifo_mux_16_1a/mux_8_1b/out_sub0_0[11]  
    ofifo_inst/col_idx_7__fifo_instance/fifo_mux_16_1a/mux_8_1b/out_sub0_0[12]  
    ofifo_inst/col_idx_7__fifo_instance/fifo_mux_16_1a/mux_8_1b/out_sub0_0[13]  
    ofifo_inst/col_idx_7__fifo_instance/fifo_mux_16_1a/mux_8_1b/out_sub0_0[14]  
    ofifo_inst/col_idx_7__fifo_instance/fifo_mux_16_1a/mux_8_1b/out_sub0_0[15]  
    ofifo_inst/col_idx_7__fifo_instance/fifo_mux_16_1a/mux_8_1b/out_sub0_0[16]  
    ofifo_inst/col_idx_7__fifo_instance/fifo_mux_16_1a/mux_8_1b/out_sub0_0[17]  
    ofifo_inst/col_idx_7__fifo_instance/fifo_mux_16_1a/mux_8_1b/out_sub0_0[18]  
    ofifo_inst/col_idx_7__fifo_instance/fifo_mux_16_1a/mux_8_1b/out_sub0_0[19]  
    ofifo_inst/col_idx_7__fifo_instance/fifo_mux_16_1a/mux_8_1a/out_sub1_1[0]  
    ofifo_inst/col_idx_7__fifo_instance/fifo_mux_16_1a/mux_8_1a/out_sub1_1[1]  
    ofifo_inst/col_idx_7__fifo_instance/fifo_mux_16_1a/mux_8_1a/out_sub1_1[2]  
    ofifo_inst/col_idx_7__fifo_instance/fifo_mux_16_1a/mux_8_1a/out_sub1_1[3]  
    ofifo_inst/col_idx_7__fifo_instance/fifo_mux_16_1a/mux_8_1a/out_sub1_1[4]  
    ofifo_inst/col_idx_7__fifo_instance/fifo_mux_16_1a/mux_8_1a/out_sub1_1[5]  
    ofifo_inst/col_idx_7__fifo_instance/fifo_mux_16_1a/mux_8_1a/out_sub1_1[6]  
    ofifo_inst/col_idx_7__fifo_instance/fifo_mux_16_1a/mux_8_1a/out_sub1_1[7]  
    ofifo_inst/col_idx_7__fifo_instance/fifo_mux_16_1a/mux_8_1a/out_sub1_1[8]  
    ofifo_inst/col_idx_7__fifo_instance/fifo_mux_16_1a/mux_8_1a/out_sub1_1[9]  
    ofifo_inst/col_idx_7__fifo_instance/fifo_mux_16_1a/mux_8_1a/out_sub1_1[10]  
    ofifo_inst/col_idx_7__fifo_instance/fifo_mux_16_1a/mux_8_1a/out_sub1_1[11]  
    ofifo_inst/col_idx_7__fifo_instance/fifo_mux_16_1a/mux_8_1a/out_sub1_1[12]  
    ofifo_inst/col_idx_7__fifo_instance/fifo_mux_16_1a/mux_8_1a/out_sub1_1[13]  
    ofifo_inst/col_idx_7__fifo_instance/fifo_mux_16_1a/mux_8_1a/out_sub1_1[14]  
    ofifo_inst/col_idx_7__fifo_instance/fifo_mux_16_1a/mux_8_1a/out_sub1_1[15]  
    ofifo_inst/col_idx_7__fifo_instance/fifo_mux_16_1a/mux_8_1a/out_sub1_1[16]  
    ofifo_inst/col_idx_7__fifo_instance/fifo_mux_16_1a/mux_8_1a/out_sub1_1[17]  
    ofifo_inst/col_idx_7__fifo_instance/fifo_mux_16_1a/mux_8_1a/out_sub1_1[18]  
    ofifo_inst/col_idx_7__fifo_instance/fifo_mux_16_1a/mux_8_1a/out_sub1_1[19]  
    ofifo_inst/col_idx_7__fifo_instance/fifo_mux_16_1a/mux_8_1a/out_sub1_0[0]  
    ofifo_inst/col_idx_7__fifo_instance/fifo_mux_16_1a/mux_8_1a/out_sub1_0[1]  
    ofifo_inst/col_idx_7__fifo_instance/fifo_mux_16_1a/mux_8_1a/out_sub1_0[2]  
    ofifo_inst/col_idx_7__fifo_instance/fifo_mux_16_1a/mux_8_1a/out_sub1_0[3]  
    ofifo_inst/col_idx_7__fifo_instance/fifo_mux_16_1a/mux_8_1a/out_sub1_0[4]  
    ofifo_inst/col_idx_7__fifo_instance/fifo_mux_16_1a/mux_8_1a/out_sub1_0[5]  
    ofifo_inst/col_idx_7__fifo_instance/fifo_mux_16_1a/mux_8_1a/out_sub1_0[6]  
    ofifo_inst/col_idx_7__fifo_instance/fifo_mux_16_1a/mux_8_1a/out_sub1_0[7]  
    ofifo_inst/col_idx_7__fifo_instance/fifo_mux_16_1a/mux_8_1a/out_sub1_0[8]  
    ofifo_inst/col_idx_7__fifo_instance/fifo_mux_16_1a/mux_8_1a/out_sub1_0[9]  
    ofifo_inst/col_idx_7__fifo_instance/fifo_mux_16_1a/mux_8_1a/out_sub1_0[10]  
    ofifo_inst/col_idx_7__fifo_instance/fifo_mux_16_1a/mux_8_1a/out_sub1_0[11]  
    ofifo_inst/col_idx_7__fifo_instance/fifo_mux_16_1a/mux_8_1a/out_sub1_0[12]  
    ofifo_inst/col_idx_7__fifo_instance/fifo_mux_16_1a/mux_8_1a/out_sub1_0[13]  
    ofifo_inst/col_idx_7__fifo_instance/fifo_mux_16_1a/mux_8_1a/out_sub1_0[14]  
    ofifo_inst/col_idx_7__fifo_instance/fifo_mux_16_1a/mux_8_1a/out_sub1_0[15]  
    ofifo_inst/col_idx_7__fifo_instance/fifo_mux_16_1a/mux_8_1a/out_sub1_0[16]  
    ofifo_inst/col_idx_7__fifo_instance/fifo_mux_16_1a/mux_8_1a/out_sub1_0[17]  
    ofifo_inst/col_idx_7__fifo_instance/fifo_mux_16_1a/mux_8_1a/out_sub1_0[18]  
    ofifo_inst/col_idx_7__fifo_instance/fifo_mux_16_1a/mux_8_1a/out_sub1_0[19]  
    ofifo_inst/col_idx_7__fifo_instance/fifo_mux_16_1a/mux_8_1a/out_sub0_3[0]  
    ofifo_inst/col_idx_7__fifo_instance/fifo_mux_16_1a/mux_8_1a/out_sub0_3[1]  
    ofifo_inst/col_idx_7__fifo_instance/fifo_mux_16_1a/mux_8_1a/out_sub0_3[2]  
    ofifo_inst/col_idx_7__fifo_instance/fifo_mux_16_1a/mux_8_1a/out_sub0_3[3]  
    ofifo_inst/col_idx_7__fifo_instance/fifo_mux_16_1a/mux_8_1a/out_sub0_3[4]  
    ofifo_inst/col_idx_7__fifo_instance/fifo_mux_16_1a/mux_8_1a/out_sub0_3[5]  
    ofifo_inst/col_idx_7__fifo_instance/fifo_mux_16_1a/mux_8_1a/out_sub0_3[6]  
    ofifo_inst/col_idx_7__fifo_instance/fifo_mux_16_1a/mux_8_1a/out_sub0_3[7]  
    ofifo_inst/col_idx_7__fifo_instance/fifo_mux_16_1a/mux_8_1a/out_sub0_3[8]  
    ofifo_inst/col_idx_7__fifo_instance/fifo_mux_16_1a/mux_8_1a/out_sub0_3[9]  
    ofifo_inst/col_idx_7__fifo_instance/fifo_mux_16_1a/mux_8_1a/out_sub0_3[10]  
    ofifo_inst/col_idx_7__fifo_instance/fifo_mux_16_1a/mux_8_1a/out_sub0_3[11]  
    ofifo_inst/col_idx_7__fifo_instance/fifo_mux_16_1a/mux_8_1a/out_sub0_3[12]  
    ofifo_inst/col_idx_7__fifo_instance/fifo_mux_16_1a/mux_8_1a/out_sub0_3[13]  
    ofifo_inst/col_idx_7__fifo_instance/fifo_mux_16_1a/mux_8_1a/out_sub0_3[14]  
    ofifo_inst/col_idx_7__fifo_instance/fifo_mux_16_1a/mux_8_1a/out_sub0_3[15]  
    ofifo_inst/col_idx_7__fifo_instance/fifo_mux_16_1a/mux_8_1a/out_sub0_3[16]  
    ofifo_inst/col_idx_7__fifo_instance/fifo_mux_16_1a/mux_8_1a/out_sub0_3[17]  
    ofifo_inst/col_idx_7__fifo_instance/fifo_mux_16_1a/mux_8_1a/out_sub0_3[18]  
    ofifo_inst/col_idx_7__fifo_instance/fifo_mux_16_1a/mux_8_1a/out_sub0_3[19]  
    ofifo_inst/col_idx_7__fifo_instance/fifo_mux_16_1a/mux_8_1a/out_sub0_2[0]  
    ofifo_inst/col_idx_7__fifo_instance/fifo_mux_16_1a/mux_8_1a/out_sub0_2[1]  
    ofifo_inst/col_idx_7__fifo_instance/fifo_mux_16_1a/mux_8_1a/out_sub0_2[2]  
    ofifo_inst/col_idx_7__fifo_instance/fifo_mux_16_1a/mux_8_1a/out_sub0_2[3]  
    ofifo_inst/col_idx_7__fifo_instance/fifo_mux_16_1a/mux_8_1a/out_sub0_2[4]  
    ofifo_inst/col_idx_7__fifo_instance/fifo_mux_16_1a/mux_8_1a/out_sub0_2[5]  
    ofifo_inst/col_idx_7__fifo_instance/fifo_mux_16_1a/mux_8_1a/out_sub0_2[6]  
    ofifo_inst/col_idx_7__fifo_instance/fifo_mux_16_1a/mux_8_1a/out_sub0_2[7]  
    ofifo_inst/col_idx_7__fifo_instance/fifo_mux_16_1a/mux_8_1a/out_sub0_2[8]  
    ofifo_inst/col_idx_7__fifo_instance/fifo_mux_16_1a/mux_8_1a/out_sub0_2[9]  
    ofifo_inst/col_idx_7__fifo_instance/fifo_mux_16_1a/mux_8_1a/out_sub0_2[10]  
    ofifo_inst/col_idx_7__fifo_instance/fifo_mux_16_1a/mux_8_1a/out_sub0_2[11]  
    ofifo_inst/col_idx_7__fifo_instance/fifo_mux_16_1a/mux_8_1a/out_sub0_2[12]  
    ofifo_inst/col_idx_7__fifo_instance/fifo_mux_16_1a/mux_8_1a/out_sub0_2[13]  
    ofifo_inst/col_idx_7__fifo_instance/fifo_mux_16_1a/mux_8_1a/out_sub0_2[14]  
    ofifo_inst/col_idx_7__fifo_instance/fifo_mux_16_1a/mux_8_1a/out_sub0_2[15]  
    ofifo_inst/col_idx_7__fifo_instance/fifo_mux_16_1a/mux_8_1a/out_sub0_2[16]  
    ofifo_inst/col_idx_7__fifo_instance/fifo_mux_16_1a/mux_8_1a/out_sub0_2[17]  
    ofifo_inst/col_idx_7__fifo_instance/fifo_mux_16_1a/mux_8_1a/out_sub0_2[18]  
    ofifo_inst/col_idx_7__fifo_instance/fifo_mux_16_1a/mux_8_1a/out_sub0_2[19]  
    ofifo_inst/col_idx_7__fifo_instance/fifo_mux_16_1a/mux_8_1a/out_sub0_1[0]  
    ofifo_inst/col_idx_7__fifo_instance/fifo_mux_16_1a/mux_8_1a/out_sub0_1[1]  
    ofifo_inst/col_idx_7__fifo_instance/fifo_mux_16_1a/mux_8_1a/out_sub0_1[2]  
    ofifo_inst/col_idx_7__fifo_instance/fifo_mux_16_1a/mux_8_1a/out_sub0_1[3]  
    ofifo_inst/col_idx_7__fifo_instance/fifo_mux_16_1a/mux_8_1a/out_sub0_1[4]  
    ofifo_inst/col_idx_7__fifo_instance/fifo_mux_16_1a/mux_8_1a/out_sub0_1[5]  
    ofifo_inst/col_idx_7__fifo_instance/fifo_mux_16_1a/mux_8_1a/out_sub0_1[6]  
    ofifo_inst/col_idx_7__fifo_instance/fifo_mux_16_1a/mux_8_1a/out_sub0_1[7]  
    ofifo_inst/col_idx_7__fifo_instance/fifo_mux_16_1a/mux_8_1a/out_sub0_1[8]  
    ofifo_inst/col_idx_7__fifo_instance/fifo_mux_16_1a/mux_8_1a/out_sub0_1[9]  
    ofifo_inst/col_idx_7__fifo_instance/fifo_mux_16_1a/mux_8_1a/out_sub0_1[10]  
    ofifo_inst/col_idx_7__fifo_instance/fifo_mux_16_1a/mux_8_1a/out_sub0_1[11]  
    ofifo_inst/col_idx_7__fifo_instance/fifo_mux_16_1a/mux_8_1a/out_sub0_1[12]  
    ofifo_inst/col_idx_7__fifo_instance/fifo_mux_16_1a/mux_8_1a/out_sub0_1[13]  
    ofifo_inst/col_idx_7__fifo_instance/fifo_mux_16_1a/mux_8_1a/out_sub0_1[14]  
    ofifo_inst/col_idx_7__fifo_instance/fifo_mux_16_1a/mux_8_1a/out_sub0_1[15]  
    ofifo_inst/col_idx_7__fifo_instance/fifo_mux_16_1a/mux_8_1a/out_sub0_1[16]  
    ofifo_inst/col_idx_7__fifo_instance/fifo_mux_16_1a/mux_8_1a/out_sub0_1[17]  
    ofifo_inst/col_idx_7__fifo_instance/fifo_mux_16_1a/mux_8_1a/out_sub0_1[18]  
    ofifo_inst/col_idx_7__fifo_instance/fifo_mux_16_1a/mux_8_1a/out_sub0_1[19]  
    ofifo_inst/col_idx_7__fifo_instance/fifo_mux_16_1a/mux_8_1a/out_sub0_0[0]  
    ofifo_inst/col_idx_7__fifo_instance/fifo_mux_16_1a/mux_8_1a/out_sub0_0[1]  
    ofifo_inst/col_idx_7__fifo_instance/fifo_mux_16_1a/mux_8_1a/out_sub0_0[2]  
    ofifo_inst/col_idx_7__fifo_instance/fifo_mux_16_1a/mux_8_1a/out_sub0_0[3]  
    ofifo_inst/col_idx_7__fifo_instance/fifo_mux_16_1a/mux_8_1a/out_sub0_0[4]  
    ofifo_inst/col_idx_7__fifo_instance/fifo_mux_16_1a/mux_8_1a/out_sub0_0[5]  
    ofifo_inst/col_idx_7__fifo_instance/fifo_mux_16_1a/mux_8_1a/out_sub0_0[6]  
    ofifo_inst/col_idx_7__fifo_instance/fifo_mux_16_1a/mux_8_1a/out_sub0_0[7]  
    ofifo_inst/col_idx_7__fifo_instance/fifo_mux_16_1a/mux_8_1a/out_sub0_0[8]  
    ofifo_inst/col_idx_7__fifo_instance/fifo_mux_16_1a/mux_8_1a/out_sub0_0[9]  
    ofifo_inst/col_idx_7__fifo_instance/fifo_mux_16_1a/mux_8_1a/out_sub0_0[10]  
    ofifo_inst/col_idx_7__fifo_instance/fifo_mux_16_1a/mux_8_1a/out_sub0_0[11]  
    ofifo_inst/col_idx_7__fifo_instance/fifo_mux_16_1a/mux_8_1a/out_sub0_0[12]  
    ofifo_inst/col_idx_7__fifo_instance/fifo_mux_16_1a/mux_8_1a/out_sub0_0[13]  
    ofifo_inst/col_idx_7__fifo_instance/fifo_mux_16_1a/mux_8_1a/out_sub0_0[14]  
    ofifo_inst/col_idx_7__fifo_instance/fifo_mux_16_1a/mux_8_1a/out_sub0_0[15]  
    ofifo_inst/col_idx_7__fifo_instance/fifo_mux_16_1a/mux_8_1a/out_sub0_0[16]  
    ofifo_inst/col_idx_7__fifo_instance/fifo_mux_16_1a/mux_8_1a/out_sub0_0[17]  
    ofifo_inst/col_idx_7__fifo_instance/fifo_mux_16_1a/mux_8_1a/out_sub0_0[18]  
    ofifo_inst/col_idx_7__fifo_instance/fifo_mux_16_1a/mux_8_1a/out_sub0_0[19]  
    ofifo_inst/col_idx_7__fifo_instance/fifo_mux_16_1a/out_sub1[0]  
    ofifo_inst/col_idx_7__fifo_instance/fifo_mux_16_1a/out_sub1[1]  
    ofifo_inst/col_idx_7__fifo_instance/fifo_mux_16_1a/out_sub1[2]  
    ofifo_inst/col_idx_7__fifo_instance/fifo_mux_16_1a/out_sub1[3]  
    ofifo_inst/col_idx_7__fifo_instance/fifo_mux_16_1a/out_sub1[4]  
    ofifo_inst/col_idx_7__fifo_instance/fifo_mux_16_1a/out_sub1[5]  
    ofifo_inst/col_idx_7__fifo_instance/fifo_mux_16_1a/out_sub1[6]  
    ofifo_inst/col_idx_7__fifo_instance/fifo_mux_16_1a/out_sub1[7]  
    ofifo_inst/col_idx_7__fifo_instance/fifo_mux_16_1a/out_sub1[8]  
    ofifo_inst/col_idx_7__fifo_instance/fifo_mux_16_1a/out_sub1[9]  
    ofifo_inst/col_idx_7__fifo_instance/fifo_mux_16_1a/out_sub1[10]  
    ofifo_inst/col_idx_7__fifo_instance/fifo_mux_16_1a/out_sub1[11]  
    ofifo_inst/col_idx_7__fifo_instance/fifo_mux_16_1a/out_sub1[12]  
    ofifo_inst/col_idx_7__fifo_instance/fifo_mux_16_1a/out_sub1[13]  
    ofifo_inst/col_idx_7__fifo_instance/fifo_mux_16_1a/out_sub1[14]  
    ofifo_inst/col_idx_7__fifo_instance/fifo_mux_16_1a/out_sub1[15]  
    ofifo_inst/col_idx_7__fifo_instance/fifo_mux_16_1a/out_sub1[16]  
    ofifo_inst/col_idx_7__fifo_instance/fifo_mux_16_1a/out_sub1[17]  
    ofifo_inst/col_idx_7__fifo_instance/fifo_mux_16_1a/out_sub1[18]  
    ofifo_inst/col_idx_7__fifo_instance/fifo_mux_16_1a/out_sub1[19]  
    ofifo_inst/col_idx_7__fifo_instance/fifo_mux_16_1a/out_sub0[0]  
    ofifo_inst/col_idx_7__fifo_instance/fifo_mux_16_1a/out_sub0[1]  
    ofifo_inst/col_idx_7__fifo_instance/fifo_mux_16_1a/out_sub0[2]  
    ofifo_inst/col_idx_7__fifo_instance/fifo_mux_16_1a/out_sub0[3]  
    ofifo_inst/col_idx_7__fifo_instance/fifo_mux_16_1a/out_sub0[4]  
    ofifo_inst/col_idx_7__fifo_instance/fifo_mux_16_1a/out_sub0[5]  
    ofifo_inst/col_idx_7__fifo_instance/fifo_mux_16_1a/out_sub0[6]  
    ofifo_inst/col_idx_7__fifo_instance/fifo_mux_16_1a/out_sub0[7]  
    ofifo_inst/col_idx_7__fifo_instance/fifo_mux_16_1a/out_sub0[8]  
    ofifo_inst/col_idx_7__fifo_instance/fifo_mux_16_1a/out_sub0[9]  
    ofifo_inst/col_idx_7__fifo_instance/fifo_mux_16_1a/out_sub0[10]  
    ofifo_inst/col_idx_7__fifo_instance/fifo_mux_16_1a/out_sub0[11]  
    ofifo_inst/col_idx_7__fifo_instance/fifo_mux_16_1a/out_sub0[12]  
    ofifo_inst/col_idx_7__fifo_instance/fifo_mux_16_1a/out_sub0[13]  
    ofifo_inst/col_idx_7__fifo_instance/fifo_mux_16_1a/out_sub0[14]  
    ofifo_inst/col_idx_7__fifo_instance/fifo_mux_16_1a/out_sub0[15]  
    ofifo_inst/col_idx_7__fifo_instance/fifo_mux_16_1a/out_sub0[16]  
    ofifo_inst/col_idx_7__fifo_instance/fifo_mux_16_1a/out_sub0[17]  
    ofifo_inst/col_idx_7__fifo_instance/fifo_mux_16_1a/out_sub0[18]  
    ofifo_inst/col_idx_7__fifo_instance/fifo_mux_16_1a/out_sub0[19]  
    ofifo_inst/col_idx_7__fifo_instance/q15[0]  
    ofifo_inst/col_idx_7__fifo_instance/q15[1]  
    ofifo_inst/col_idx_7__fifo_instance/q15[2]  
    ofifo_inst/col_idx_7__fifo_instance/q15[3]  
    ofifo_inst/col_idx_7__fifo_instance/q15[4]  
    ofifo_inst/col_idx_7__fifo_instance/q15[5]  
    ofifo_inst/col_idx_7__fifo_instance/q15[6]  
    ofifo_inst/col_idx_7__fifo_instance/q15[7]  
    ofifo_inst/col_idx_7__fifo_instance/q15[8]  
    ofifo_inst/col_idx_7__fifo_instance/q15[9]  
    ofifo_inst/col_idx_7__fifo_instance/q15[10]  
    ofifo_inst/col_idx_7__fifo_instance/q15[11]  
    ofifo_inst/col_idx_7__fifo_instance/q15[12]  
    ofifo_inst/col_idx_7__fifo_instance/q15[13]  
    ofifo_inst/col_idx_7__fifo_instance/q15[14]  
    ofifo_inst/col_idx_7__fifo_instance/q15[15]  
    ofifo_inst/col_idx_7__fifo_instance/q15[16]  
    ofifo_inst/col_idx_7__fifo_instance/q15[17]  
    ofifo_inst/col_idx_7__fifo_instance/q15[18]  
    ofifo_inst/col_idx_7__fifo_instance/q15[19]  
    ofifo_inst/col_idx_7__fifo_instance/q14[0]  
    ofifo_inst/col_idx_7__fifo_instance/q14[1]  
    ofifo_inst/col_idx_7__fifo_instance/q14[2]  
    ofifo_inst/col_idx_7__fifo_instance/q14[3]  
    ofifo_inst/col_idx_7__fifo_instance/q14[4]  
    ofifo_inst/col_idx_7__fifo_instance/q14[5]  
    ofifo_inst/col_idx_7__fifo_instance/q14[6]  
    ofifo_inst/col_idx_7__fifo_instance/q14[7]  
    ofifo_inst/col_idx_7__fifo_instance/q14[8]  
    ofifo_inst/col_idx_7__fifo_instance/q14[9]  
    ofifo_inst/col_idx_7__fifo_instance/q14[10]  
    ofifo_inst/col_idx_7__fifo_instance/q14[11]  
    ofifo_inst/col_idx_7__fifo_instance/q14[12]  
    ofifo_inst/col_idx_7__fifo_instance/q14[13]  
    ofifo_inst/col_idx_7__fifo_instance/q14[14]  
    ofifo_inst/col_idx_7__fifo_instance/q14[15]  
    ofifo_inst/col_idx_7__fifo_instance/q14[16]  
    ofifo_inst/col_idx_7__fifo_instance/q14[17]  
    ofifo_inst/col_idx_7__fifo_instance/q14[18]  
    ofifo_inst/col_idx_7__fifo_instance/q14[19]  
    ofifo_inst/col_idx_7__fifo_instance/q13[0]  
    ofifo_inst/col_idx_7__fifo_instance/q13[1]  
    ofifo_inst/col_idx_7__fifo_instance/q13[2]  
    ofifo_inst/col_idx_7__fifo_instance/q13[3]  
    ofifo_inst/col_idx_7__fifo_instance/q13[4]  
    ofifo_inst/col_idx_7__fifo_instance/q13[5]  
    ofifo_inst/col_idx_7__fifo_instance/q13[6]  
    ofifo_inst/col_idx_7__fifo_instance/q13[7]  
    ofifo_inst/col_idx_7__fifo_instance/q13[8]  
    ofifo_inst/col_idx_7__fifo_instance/q13[9]  
    ofifo_inst/col_idx_7__fifo_instance/q13[10]  
    ofifo_inst/col_idx_7__fifo_instance/q13[11]  
    ofifo_inst/col_idx_7__fifo_instance/q13[12]  
    ofifo_inst/col_idx_7__fifo_instance/q13[13]  
    ofifo_inst/col_idx_7__fifo_instance/q13[14]  
    ofifo_inst/col_idx_7__fifo_instance/q13[15]  
    ofifo_inst/col_idx_7__fifo_instance/q13[16]  
    ofifo_inst/col_idx_7__fifo_instance/q13[17]  
    ofifo_inst/col_idx_7__fifo_instance/q13[18]  
    ofifo_inst/col_idx_7__fifo_instance/q13[19]  
    ofifo_inst/col_idx_7__fifo_instance/q12[0]  
    ofifo_inst/col_idx_7__fifo_instance/q12[1]  
    ofifo_inst/col_idx_7__fifo_instance/q12[2]  
    ofifo_inst/col_idx_7__fifo_instance/q12[3]  
    ofifo_inst/col_idx_7__fifo_instance/q12[4]  
    ofifo_inst/col_idx_7__fifo_instance/q12[5]  
    ofifo_inst/col_idx_7__fifo_instance/q12[6]  
    ofifo_inst/col_idx_7__fifo_instance/q12[7]  
    ofifo_inst/col_idx_7__fifo_instance/q12[8]  
    ofifo_inst/col_idx_7__fifo_instance/q12[9]  
    ofifo_inst/col_idx_7__fifo_instance/q12[10]  
    ofifo_inst/col_idx_7__fifo_instance/q12[11]  
    ofifo_inst/col_idx_7__fifo_instance/q12[12]  
    ofifo_inst/col_idx_7__fifo_instance/q12[13]  
    ofifo_inst/col_idx_7__fifo_instance/q12[14]  
    ofifo_inst/col_idx_7__fifo_instance/q12[15]  
    ofifo_inst/col_idx_7__fifo_instance/q12[16]  
    ofifo_inst/col_idx_7__fifo_instance/q12[17]  
    ofifo_inst/col_idx_7__fifo_instance/q12[18]  
    ofifo_inst/col_idx_7__fifo_instance/q12[19]  
    ofifo_inst/col_idx_7__fifo_instance/q11[0]  
    ofifo_inst/col_idx_7__fifo_instance/q11[1]  
    ofifo_inst/col_idx_7__fifo_instance/q11[2]  
    ofifo_inst/col_idx_7__fifo_instance/q11[3]  
    ofifo_inst/col_idx_7__fifo_instance/q11[4]  
    ofifo_inst/col_idx_7__fifo_instance/q11[5]  
    ofifo_inst/col_idx_7__fifo_instance/q11[6]  
    ofifo_inst/col_idx_7__fifo_instance/q11[7]  
    ofifo_inst/col_idx_7__fifo_instance/q11[8]  
    ofifo_inst/col_idx_7__fifo_instance/q11[9]  
    ofifo_inst/col_idx_7__fifo_instance/q11[10]  
    ofifo_inst/col_idx_7__fifo_instance/q11[11]  
    ofifo_inst/col_idx_7__fifo_instance/q11[12]  
    ofifo_inst/col_idx_7__fifo_instance/q11[13]  
    ofifo_inst/col_idx_7__fifo_instance/q11[14]  
    ofifo_inst/col_idx_7__fifo_instance/q11[15]  
    ofifo_inst/col_idx_7__fifo_instance/q11[16]  
    ofifo_inst/col_idx_7__fifo_instance/q11[17]  
    ofifo_inst/col_idx_7__fifo_instance/q11[18]  
    ofifo_inst/col_idx_7__fifo_instance/q11[19]  
    ofifo_inst/col_idx_7__fifo_instance/q10[0]  
    ofifo_inst/col_idx_7__fifo_instance/q10[1]  
    ofifo_inst/col_idx_7__fifo_instance/q10[2]  
    ofifo_inst/col_idx_7__fifo_instance/q10[3]  
    ofifo_inst/col_idx_7__fifo_instance/q10[4]  
    ofifo_inst/col_idx_7__fifo_instance/q10[5]  
    ofifo_inst/col_idx_7__fifo_instance/q10[6]  
    ofifo_inst/col_idx_7__fifo_instance/q10[7]  
    ofifo_inst/col_idx_7__fifo_instance/q10[8]  
    ofifo_inst/col_idx_7__fifo_instance/q10[9]  
    ofifo_inst/col_idx_7__fifo_instance/q10[10]  
    ofifo_inst/col_idx_7__fifo_instance/q10[11]  
    ofifo_inst/col_idx_7__fifo_instance/q10[12]  
    ofifo_inst/col_idx_7__fifo_instance/q10[13]  
    ofifo_inst/col_idx_7__fifo_instance/q10[14]  
    ofifo_inst/col_idx_7__fifo_instance/q10[15]  
    ofifo_inst/col_idx_7__fifo_instance/q10[16]  
    ofifo_inst/col_idx_7__fifo_instance/q10[17]  
    ofifo_inst/col_idx_7__fifo_instance/q10[18]  
    ofifo_inst/col_idx_7__fifo_instance/q10[19]  
    ofifo_inst/col_idx_7__fifo_instance/q9[0]  
    ofifo_inst/col_idx_7__fifo_instance/q9[1]  
    ofifo_inst/col_idx_7__fifo_instance/q9[2]  
    ofifo_inst/col_idx_7__fifo_instance/q9[3]  
    ofifo_inst/col_idx_7__fifo_instance/q9[4]  
    ofifo_inst/col_idx_7__fifo_instance/q9[5]  
    ofifo_inst/col_idx_7__fifo_instance/q9[6]  
    ofifo_inst/col_idx_7__fifo_instance/q9[7]  
    ofifo_inst/col_idx_7__fifo_instance/q9[8]  
    ofifo_inst/col_idx_7__fifo_instance/q9[9]  
    ofifo_inst/col_idx_7__fifo_instance/q9[10]  
    ofifo_inst/col_idx_7__fifo_instance/q9[11]  
    ofifo_inst/col_idx_7__fifo_instance/q9[12]  
    ofifo_inst/col_idx_7__fifo_instance/q9[13]  
    ofifo_inst/col_idx_7__fifo_instance/q9[14]  
    ofifo_inst/col_idx_7__fifo_instance/q9[15]  
    ofifo_inst/col_idx_7__fifo_instance/q9[16]  
    ofifo_inst/col_idx_7__fifo_instance/q9[17]  
    ofifo_inst/col_idx_7__fifo_instance/q9[18]  
    ofifo_inst/col_idx_7__fifo_instance/q9[19]  
    ofifo_inst/col_idx_7__fifo_instance/q8[0]  
    ofifo_inst/col_idx_7__fifo_instance/q8[1]  
    ofifo_inst/col_idx_7__fifo_instance/q8[2]  
    ofifo_inst/col_idx_7__fifo_instance/q8[3]  
    ofifo_inst/col_idx_7__fifo_instance/q8[4]  
    ofifo_inst/col_idx_7__fifo_instance/q8[5]  
    ofifo_inst/col_idx_7__fifo_instance/q8[6]  
    ofifo_inst/col_idx_7__fifo_instance/q8[7]  
    ofifo_inst/col_idx_7__fifo_instance/q8[8]  
    ofifo_inst/col_idx_7__fifo_instance/q8[9]  
    ofifo_inst/col_idx_7__fifo_instance/q8[10]  
    ofifo_inst/col_idx_7__fifo_instance/q8[11]  
    ofifo_inst/col_idx_7__fifo_instance/q8[12]  
    ofifo_inst/col_idx_7__fifo_instance/q8[13]  
    ofifo_inst/col_idx_7__fifo_instance/q8[14]  
    ofifo_inst/col_idx_7__fifo_instance/q8[15]  
    ofifo_inst/col_idx_7__fifo_instance/q8[16]  
    ofifo_inst/col_idx_7__fifo_instance/q8[17]  
    ofifo_inst/col_idx_7__fifo_instance/q8[18]  
    ofifo_inst/col_idx_7__fifo_instance/q8[19]  
    ofifo_inst/col_idx_7__fifo_instance/q7[0]  
    ofifo_inst/col_idx_7__fifo_instance/q7[1]  
    ofifo_inst/col_idx_7__fifo_instance/q7[2]  
    ofifo_inst/col_idx_7__fifo_instance/q7[3]  
    ofifo_inst/col_idx_7__fifo_instance/q7[4]  
    ofifo_inst/col_idx_7__fifo_instance/q7[5]  
    ofifo_inst/col_idx_7__fifo_instance/q7[6]  
    ofifo_inst/col_idx_7__fifo_instance/q7[7]  
    ofifo_inst/col_idx_7__fifo_instance/q7[8]  
    ofifo_inst/col_idx_7__fifo_instance/q7[9]  
    ofifo_inst/col_idx_7__fifo_instance/q7[10]  
    ofifo_inst/col_idx_7__fifo_instance/q7[11]  
    ofifo_inst/col_idx_7__fifo_instance/q7[12]  
    ofifo_inst/col_idx_7__fifo_instance/q7[13]  
    ofifo_inst/col_idx_7__fifo_instance/q7[14]  
    ofifo_inst/col_idx_7__fifo_instance/q7[15]  
    ofifo_inst/col_idx_7__fifo_instance/q7[16]  
    ofifo_inst/col_idx_7__fifo_instance/q7[17]  
    ofifo_inst/col_idx_7__fifo_instance/q7[18]  
    ofifo_inst/col_idx_7__fifo_instance/q7[19]  
    ofifo_inst/col_idx_7__fifo_instance/q6[0]  
    ofifo_inst/col_idx_7__fifo_instance/q6[1]  
    ofifo_inst/col_idx_7__fifo_instance/q6[2]  
    ofifo_inst/col_idx_7__fifo_instance/q6[3]  
    ofifo_inst/col_idx_7__fifo_instance/q6[4]  
    ofifo_inst/col_idx_7__fifo_instance/q6[5]  
    ofifo_inst/col_idx_7__fifo_instance/q6[6]  
    ofifo_inst/col_idx_7__fifo_instance/q6[7]  
    ofifo_inst/col_idx_7__fifo_instance/q6[8]  
    ofifo_inst/col_idx_7__fifo_instance/q6[9]  
    ofifo_inst/col_idx_7__fifo_instance/q6[10]  
    ofifo_inst/col_idx_7__fifo_instance/q6[11]  
    ofifo_inst/col_idx_7__fifo_instance/q6[12]  
    ofifo_inst/col_idx_7__fifo_instance/q6[13]  
    ofifo_inst/col_idx_7__fifo_instance/q6[14]  
    ofifo_inst/col_idx_7__fifo_instance/q6[15]  
    ofifo_inst/col_idx_7__fifo_instance/q6[16]  
    ofifo_inst/col_idx_7__fifo_instance/q6[17]  
    ofifo_inst/col_idx_7__fifo_instance/q6[18]  
    ofifo_inst/col_idx_7__fifo_instance/q6[19]  
    ofifo_inst/col_idx_7__fifo_instance/q5[0]  
    ofifo_inst/col_idx_7__fifo_instance/q5[1]  
    ofifo_inst/col_idx_7__fifo_instance/q5[2]  
    ofifo_inst/col_idx_7__fifo_instance/q5[3]  
    ofifo_inst/col_idx_7__fifo_instance/q5[4]  
    ofifo_inst/col_idx_7__fifo_instance/q5[5]  
    ofifo_inst/col_idx_7__fifo_instance/q5[6]  
    ofifo_inst/col_idx_7__fifo_instance/q5[7]  
    ofifo_inst/col_idx_7__fifo_instance/q5[8]  
    ofifo_inst/col_idx_7__fifo_instance/q5[9]  
    ofifo_inst/col_idx_7__fifo_instance/q5[10]  
    ofifo_inst/col_idx_7__fifo_instance/q5[11]  
    ofifo_inst/col_idx_7__fifo_instance/q5[12]  
    ofifo_inst/col_idx_7__fifo_instance/q5[13]  
    ofifo_inst/col_idx_7__fifo_instance/q5[14]  
    ofifo_inst/col_idx_7__fifo_instance/q5[15]  
    ofifo_inst/col_idx_7__fifo_instance/q5[16]  
    ofifo_inst/col_idx_7__fifo_instance/q5[17]  
    ofifo_inst/col_idx_7__fifo_instance/q5[18]  
    ofifo_inst/col_idx_7__fifo_instance/q5[19]  
    ofifo_inst/col_idx_7__fifo_instance/q4[0]  
    ofifo_inst/col_idx_7__fifo_instance/q4[1]  
    ofifo_inst/col_idx_7__fifo_instance/q4[2]  
    ofifo_inst/col_idx_7__fifo_instance/q4[3]  
    ofifo_inst/col_idx_7__fifo_instance/q4[4]  
    ofifo_inst/col_idx_7__fifo_instance/q4[5]  
    ofifo_inst/col_idx_7__fifo_instance/q4[6]  
    ofifo_inst/col_idx_7__fifo_instance/q4[7]  
    ofifo_inst/col_idx_7__fifo_instance/q4[8]  
    ofifo_inst/col_idx_7__fifo_instance/q4[9]  
    ofifo_inst/col_idx_7__fifo_instance/q4[10]  
    ofifo_inst/col_idx_7__fifo_instance/q4[11]  
    ofifo_inst/col_idx_7__fifo_instance/q4[12]  
    ofifo_inst/col_idx_7__fifo_instance/q4[13]  
    ofifo_inst/col_idx_7__fifo_instance/q4[14]  
    ofifo_inst/col_idx_7__fifo_instance/q4[15]  
    ofifo_inst/col_idx_7__fifo_instance/q4[16]  
    ofifo_inst/col_idx_7__fifo_instance/q4[17]  
    ofifo_inst/col_idx_7__fifo_instance/q4[18]  
    ofifo_inst/col_idx_7__fifo_instance/q4[19]  
    ofifo_inst/col_idx_7__fifo_instance/q3[0]  
    ofifo_inst/col_idx_7__fifo_instance/q3[1]  
    ofifo_inst/col_idx_7__fifo_instance/q3[2]  
    ofifo_inst/col_idx_7__fifo_instance/q3[3]  
    ofifo_inst/col_idx_7__fifo_instance/q3[4]  
    ofifo_inst/col_idx_7__fifo_instance/q3[5]  
    ofifo_inst/col_idx_7__fifo_instance/q3[6]  
    ofifo_inst/col_idx_7__fifo_instance/q3[7]  
    ofifo_inst/col_idx_7__fifo_instance/q3[8]  
    ofifo_inst/col_idx_7__fifo_instance/q3[9]  
    ofifo_inst/col_idx_7__fifo_instance/q3[10]  
    ofifo_inst/col_idx_7__fifo_instance/q3[11]  
    ofifo_inst/col_idx_7__fifo_instance/q3[12]  
    ofifo_inst/col_idx_7__fifo_instance/q3[13]  
    ofifo_inst/col_idx_7__fifo_instance/q3[14]  
    ofifo_inst/col_idx_7__fifo_instance/q3[15]  
    ofifo_inst/col_idx_7__fifo_instance/q3[16]  
    ofifo_inst/col_idx_7__fifo_instance/q3[17]  
    ofifo_inst/col_idx_7__fifo_instance/q3[18]  
    ofifo_inst/col_idx_7__fifo_instance/q3[19]  
    ofifo_inst/col_idx_7__fifo_instance/q2[0]  
    ofifo_inst/col_idx_7__fifo_instance/q2[1]  
    ofifo_inst/col_idx_7__fifo_instance/q2[2]  
    ofifo_inst/col_idx_7__fifo_instance/q2[3]  
    ofifo_inst/col_idx_7__fifo_instance/q2[4]  
    ofifo_inst/col_idx_7__fifo_instance/q2[5]  
    ofifo_inst/col_idx_7__fifo_instance/q2[6]  
    ofifo_inst/col_idx_7__fifo_instance/q2[7]  
    ofifo_inst/col_idx_7__fifo_instance/q2[8]  
    ofifo_inst/col_idx_7__fifo_instance/q2[9]  
    ofifo_inst/col_idx_7__fifo_instance/q2[10]  
    ofifo_inst/col_idx_7__fifo_instance/q2[11]  
    ofifo_inst/col_idx_7__fifo_instance/q2[12]  
    ofifo_inst/col_idx_7__fifo_instance/q2[13]  
    ofifo_inst/col_idx_7__fifo_instance/q2[14]  
    ofifo_inst/col_idx_7__fifo_instance/q2[15]  
    ofifo_inst/col_idx_7__fifo_instance/q2[16]  
    ofifo_inst/col_idx_7__fifo_instance/q2[17]  
    ofifo_inst/col_idx_7__fifo_instance/q2[18]  
    ofifo_inst/col_idx_7__fifo_instance/q2[19]  
    ofifo_inst/col_idx_7__fifo_instance/q1[0]  
    ofifo_inst/col_idx_7__fifo_instance/q1[1]  
    ofifo_inst/col_idx_7__fifo_instance/q1[2]  
    ofifo_inst/col_idx_7__fifo_instance/q1[3]  
    ofifo_inst/col_idx_7__fifo_instance/q1[4]  
    ofifo_inst/col_idx_7__fifo_instance/q1[5]  
    ofifo_inst/col_idx_7__fifo_instance/q1[6]  
    ofifo_inst/col_idx_7__fifo_instance/q1[7]  
    ofifo_inst/col_idx_7__fifo_instance/q1[8]  
    ofifo_inst/col_idx_7__fifo_instance/q1[9]  
    ofifo_inst/col_idx_7__fifo_instance/q1[10]  
    ofifo_inst/col_idx_7__fifo_instance/q1[11]  
    ofifo_inst/col_idx_7__fifo_instance/q1[12]  
    ofifo_inst/col_idx_7__fifo_instance/q1[13]  
    ofifo_inst/col_idx_7__fifo_instance/q1[14]  
    ofifo_inst/col_idx_7__fifo_instance/q1[15]  
    ofifo_inst/col_idx_7__fifo_instance/q1[16]  
    ofifo_inst/col_idx_7__fifo_instance/q1[17]  
    ofifo_inst/col_idx_7__fifo_instance/q1[18]  
    ofifo_inst/col_idx_7__fifo_instance/q1[19]  
    ofifo_inst/col_idx_7__fifo_instance/q0[0]  
    ofifo_inst/col_idx_7__fifo_instance/q0[1]  
    ofifo_inst/col_idx_7__fifo_instance/q0[2]  
    ofifo_inst/col_idx_7__fifo_instance/q0[3]  
    ofifo_inst/col_idx_7__fifo_instance/q0[4]  
    ofifo_inst/col_idx_7__fifo_instance/q0[5]  
    ofifo_inst/col_idx_7__fifo_instance/q0[6]  
    ofifo_inst/col_idx_7__fifo_instance/q0[7]  
    ofifo_inst/col_idx_7__fifo_instance/q0[8]  
    ofifo_inst/col_idx_7__fifo_instance/q0[9]  
    ofifo_inst/col_idx_7__fifo_instance/q0[10]  
    ofifo_inst/col_idx_7__fifo_instance/q0[11]  
    ofifo_inst/col_idx_7__fifo_instance/q0[12]  
    ofifo_inst/col_idx_7__fifo_instance/q0[13]  
    ofifo_inst/col_idx_7__fifo_instance/q0[14]  
    ofifo_inst/col_idx_7__fifo_instance/q0[15]  
    ofifo_inst/col_idx_7__fifo_instance/q0[16]  
    ofifo_inst/col_idx_7__fifo_instance/q0[17]  
    ofifo_inst/col_idx_7__fifo_instance/q0[18]  
    ofifo_inst/col_idx_7__fifo_instance/q0[19]  
    ofifo_inst/col_idx_7__fifo_instance/rd_ptr[0]  
    ofifo_inst/col_idx_7__fifo_instance/rd_ptr[1]  
    ofifo_inst/col_idx_7__fifo_instance/rd_ptr[2]  
    ofifo_inst/col_idx_7__fifo_instance/rd_ptr[3]  
    ofifo_inst/col_idx_7__fifo_instance/rd_ptr[4]  
    ofifo_inst/col_idx_7__fifo_instance/wr_ptr[0]  
    ofifo_inst/col_idx_7__fifo_instance/wr_ptr[1]  
    ofifo_inst/col_idx_7__fifo_instance/wr_ptr[2]  
    ofifo_inst/col_idx_7__fifo_instance/wr_ptr[3]  
    ofifo_inst/col_idx_7__fifo_instance/wr_ptr[4]  
    ofifo_inst/col_idx_7__fifo_instance/n411  
    ofifo_inst/col_idx_7__fifo_instance/n410  
    ofifo_inst/col_idx_7__fifo_instance/n409  
    ofifo_inst/col_idx_7__fifo_instance/n408  
    ofifo_inst/col_idx_7__fifo_instance/n407  
    ofifo_inst/col_idx_7__fifo_instance/n406  
    ofifo_inst/col_idx_7__fifo_instance/n405  
    ofifo_inst/col_idx_7__fifo_instance/n404  
    ofifo_inst/col_idx_7__fifo_instance/n403  
    ofifo_inst/col_idx_7__fifo_instance/n402  
    ofifo_inst/col_idx_7__fifo_instance/n401  
    ofifo_inst/col_idx_7__fifo_instance/n400  
    ofifo_inst/col_idx_7__fifo_instance/n399  
    ofifo_inst/col_idx_7__fifo_instance/n398  
    ofifo_inst/col_idx_7__fifo_instance/n397  
    ofifo_inst/col_idx_7__fifo_instance/n396  
    ofifo_inst/col_idx_7__fifo_instance/n395  
    ofifo_inst/col_idx_7__fifo_instance/n394  
    ofifo_inst/col_idx_7__fifo_instance/n393  
    ofifo_inst/col_idx_7__fifo_instance/n392  
    ofifo_inst/col_idx_7__fifo_instance/n391  
    ofifo_inst/col_idx_7__fifo_instance/n390  
    ofifo_inst/col_idx_7__fifo_instance/n389  
    ofifo_inst/col_idx_7__fifo_instance/n388  
    ofifo_inst/col_idx_7__fifo_instance/n387  
    ofifo_inst/col_idx_7__fifo_instance/n386  
    ofifo_inst/col_idx_7__fifo_instance/n385  
    ofifo_inst/col_idx_7__fifo_instance/n384  
    ofifo_inst/col_idx_7__fifo_instance/n383  
    ofifo_inst/col_idx_7__fifo_instance/n382  
    ofifo_inst/col_idx_7__fifo_instance/n381  
    ofifo_inst/col_idx_7__fifo_instance/n380  
    ofifo_inst/col_idx_7__fifo_instance/n379  
    ofifo_inst/col_idx_7__fifo_instance/n378  
    ofifo_inst/col_idx_7__fifo_instance/n377  
    ofifo_inst/col_idx_7__fifo_instance/n376  
    ofifo_inst/col_idx_7__fifo_instance/n375  
    ofifo_inst/col_idx_7__fifo_instance/n374  
    ofifo_inst/col_idx_7__fifo_instance/n373  
    ofifo_inst/col_idx_7__fifo_instance/n372  
    ofifo_inst/col_idx_7__fifo_instance/n371  
    ofifo_inst/col_idx_7__fifo_instance/n370  
    ofifo_inst/col_idx_7__fifo_instance/n369  
    ofifo_inst/col_idx_7__fifo_instance/n368  
    ofifo_inst/col_idx_7__fifo_instance/n367  
    ofifo_inst/col_idx_7__fifo_instance/n366  
    ofifo_inst/col_idx_7__fifo_instance/n365  
    ofifo_inst/col_idx_7__fifo_instance/n364  
    ofifo_inst/col_idx_7__fifo_instance/n363  
    ofifo_inst/col_idx_7__fifo_instance/n362  
    ofifo_inst/col_idx_7__fifo_instance/n361  
    ofifo_inst/col_idx_7__fifo_instance/n360  
    ofifo_inst/col_idx_7__fifo_instance/n359  
    ofifo_inst/col_idx_7__fifo_instance/n358  
    ofifo_inst/col_idx_7__fifo_instance/n357  
    ofifo_inst/col_idx_7__fifo_instance/n356  
    ofifo_inst/col_idx_7__fifo_instance/n355  
    ofifo_inst/col_idx_7__fifo_instance/n354  
    ofifo_inst/col_idx_7__fifo_instance/n353  
    ofifo_inst/col_idx_7__fifo_instance/n352  
    ofifo_inst/col_idx_7__fifo_instance/n351  
    ofifo_inst/col_idx_7__fifo_instance/n350  
    ofifo_inst/col_idx_7__fifo_instance/n349  
    ofifo_inst/col_idx_7__fifo_instance/n348  
    ofifo_inst/col_idx_7__fifo_instance/n347  
    ofifo_inst/col_idx_7__fifo_instance/n346  
    ofifo_inst/col_idx_7__fifo_instance/n345  
    ofifo_inst/col_idx_7__fifo_instance/n344  
    ofifo_inst/col_idx_7__fifo_instance/n343  
    ofifo_inst/col_idx_7__fifo_instance/n342  
    ofifo_inst/col_idx_7__fifo_instance/n341  
    ofifo_inst/col_idx_7__fifo_instance/n340  
    ofifo_inst/col_idx_7__fifo_instance/n339  
    ofifo_inst/col_idx_7__fifo_instance/n338  
    ofifo_inst/col_idx_7__fifo_instance/n337  
    ofifo_inst/col_idx_7__fifo_instance/n336  
    ofifo_inst/col_idx_7__fifo_instance/n335  
    ofifo_inst/col_idx_7__fifo_instance/n334  
    ofifo_inst/col_idx_7__fifo_instance/n333  
    ofifo_inst/col_idx_7__fifo_instance/n332  
    ofifo_inst/col_idx_7__fifo_instance/n331  
    ofifo_inst/col_idx_7__fifo_instance/n330  
    ofifo_inst/col_idx_7__fifo_instance/n329  
    ofifo_inst/col_idx_7__fifo_instance/n328  
    ofifo_inst/col_idx_7__fifo_instance/n327  
    ofifo_inst/col_idx_7__fifo_instance/n326  
    ofifo_inst/col_idx_7__fifo_instance/n325  
    ofifo_inst/col_idx_7__fifo_instance/n324  
    ofifo_inst/col_idx_7__fifo_instance/n323  
    ofifo_inst/col_idx_7__fifo_instance/n322  
    ofifo_inst/col_idx_7__fifo_instance/n321  
    ofifo_inst/col_idx_7__fifo_instance/n320  
    ofifo_inst/col_idx_7__fifo_instance/n319  
    ofifo_inst/col_idx_7__fifo_instance/n318  
    ofifo_inst/col_idx_7__fifo_instance/n317  
    ofifo_inst/col_idx_7__fifo_instance/n316  
    ofifo_inst/col_idx_7__fifo_instance/n315  
    ofifo_inst/col_idx_7__fifo_instance/n314  
    ofifo_inst/col_idx_7__fifo_instance/n313  
    ofifo_inst/col_idx_7__fifo_instance/n312  
    ofifo_inst/col_idx_7__fifo_instance/n311  
    ofifo_inst/col_idx_7__fifo_instance/n310  
    ofifo_inst/col_idx_7__fifo_instance/n309  
    ofifo_inst/col_idx_7__fifo_instance/n308  
    ofifo_inst/col_idx_7__fifo_instance/n307  
    ofifo_inst/col_idx_7__fifo_instance/n306  
    ofifo_inst/col_idx_7__fifo_instance/n305  
    ofifo_inst/col_idx_7__fifo_instance/n304  
    ofifo_inst/col_idx_7__fifo_instance/n303  
    ofifo_inst/col_idx_7__fifo_instance/n302  
    ofifo_inst/col_idx_7__fifo_instance/n301  
    ofifo_inst/col_idx_7__fifo_instance/n300  
    ofifo_inst/col_idx_7__fifo_instance/n299  
    ofifo_inst/col_idx_7__fifo_instance/n298  
    ofifo_inst/col_idx_7__fifo_instance/n297  
    ofifo_inst/col_idx_7__fifo_instance/n296  
    ofifo_inst/col_idx_7__fifo_instance/n295  
    ofifo_inst/col_idx_7__fifo_instance/n294  
    ofifo_inst/col_idx_7__fifo_instance/n293  
    ofifo_inst/col_idx_7__fifo_instance/n292  
    ofifo_inst/col_idx_7__fifo_instance/n291  
    ofifo_inst/col_idx_7__fifo_instance/n290  
    ofifo_inst/col_idx_7__fifo_instance/n289  
    ofifo_inst/col_idx_7__fifo_instance/n288  
    ofifo_inst/col_idx_7__fifo_instance/n287  
    ofifo_inst/col_idx_7__fifo_instance/n286  
    ofifo_inst/col_idx_7__fifo_instance/n285  
    ofifo_inst/col_idx_7__fifo_instance/n284  
    ofifo_inst/col_idx_7__fifo_instance/n283  
    ofifo_inst/col_idx_7__fifo_instance/n282  
    ofifo_inst/col_idx_7__fifo_instance/n281  
    ofifo_inst/col_idx_7__fifo_instance/n280  
    ofifo_inst/col_idx_7__fifo_instance/n279  
    ofifo_inst/col_idx_7__fifo_instance/n278  
    ofifo_inst/col_idx_7__fifo_instance/n277  
    ofifo_inst/col_idx_7__fifo_instance/n276  
    ofifo_inst/col_idx_7__fifo_instance/n275  
    ofifo_inst/col_idx_7__fifo_instance/n274  
    ofifo_inst/col_idx_7__fifo_instance/n273  
    ofifo_inst/col_idx_7__fifo_instance/n272  
    ofifo_inst/col_idx_7__fifo_instance/n271  
    ofifo_inst/col_idx_7__fifo_instance/n270  
    ofifo_inst/col_idx_7__fifo_instance/n269  
    ofifo_inst/col_idx_7__fifo_instance/n268  
    ofifo_inst/col_idx_7__fifo_instance/n267  
    ofifo_inst/col_idx_7__fifo_instance/n266  
    ofifo_inst/col_idx_7__fifo_instance/n265  
    ofifo_inst/col_idx_7__fifo_instance/n264  
    ofifo_inst/col_idx_7__fifo_instance/n263  
    ofifo_inst/col_idx_7__fifo_instance/n262  
    ofifo_inst/col_idx_7__fifo_instance/n261  
    ofifo_inst/col_idx_7__fifo_instance/n260  
    ofifo_inst/col_idx_7__fifo_instance/n259  
    ofifo_inst/col_idx_7__fifo_instance/n258  
    ofifo_inst/col_idx_7__fifo_instance/n257  
    ofifo_inst/col_idx_7__fifo_instance/n256  
    ofifo_inst/col_idx_7__fifo_instance/n255  
    ofifo_inst/col_idx_7__fifo_instance/n254  
    ofifo_inst/col_idx_7__fifo_instance/n253  
    ofifo_inst/col_idx_7__fifo_instance/n252  
    ofifo_inst/col_idx_7__fifo_instance/n251  
    ofifo_inst/col_idx_7__fifo_instance/n250  
    ofifo_inst/col_idx_7__fifo_instance/n249  
    ofifo_inst/col_idx_7__fifo_instance/n248  
    ofifo_inst/col_idx_7__fifo_instance/n247  
    ofifo_inst/col_idx_7__fifo_instance/n246  
    ofifo_inst/col_idx_7__fifo_instance/n245  
    ofifo_inst/col_idx_7__fifo_instance/n244  
    ofifo_inst/col_idx_7__fifo_instance/n243  
    ofifo_inst/col_idx_7__fifo_instance/n242  
    ofifo_inst/col_idx_7__fifo_instance/n241  
    ofifo_inst/col_idx_7__fifo_instance/n240  
    ofifo_inst/col_idx_7__fifo_instance/n239  
    ofifo_inst/col_idx_7__fifo_instance/n238  
    ofifo_inst/col_idx_7__fifo_instance/n237  
    ofifo_inst/col_idx_7__fifo_instance/n236  
    ofifo_inst/col_idx_7__fifo_instance/n235  
    ofifo_inst/col_idx_7__fifo_instance/n234  
    ofifo_inst/col_idx_7__fifo_instance/n233  
    ofifo_inst/col_idx_7__fifo_instance/n232  
    ofifo_inst/col_idx_7__fifo_instance/n231  
    ofifo_inst/col_idx_7__fifo_instance/n230  
    ofifo_inst/col_idx_7__fifo_instance/n229  
    ofifo_inst/col_idx_7__fifo_instance/n228  
    ofifo_inst/col_idx_7__fifo_instance/n227  
    ofifo_inst/col_idx_7__fifo_instance/n226  
    ofifo_inst/col_idx_7__fifo_instance/n225  
    ofifo_inst/col_idx_7__fifo_instance/n54  
    ofifo_inst/col_idx_7__fifo_instance/n53  
    ofifo_inst/col_idx_7__fifo_instance/n52  
    ofifo_inst/col_idx_7__fifo_instance/n51  
    ofifo_inst/col_idx_7__fifo_instance/n50  
    ofifo_inst/col_idx_7__fifo_instance/n49  
    ofifo_inst/col_idx_7__fifo_instance/n48  
    ofifo_inst/col_idx_7__fifo_instance/n47  
    ofifo_inst/col_idx_7__fifo_instance/n46  
    ofifo_inst/col_idx_7__fifo_instance/n45  
    ofifo_inst/col_idx_7__fifo_instance/n44  
    ofifo_inst/col_idx_7__fifo_instance/n43  
    ofifo_inst/col_idx_7__fifo_instance/n42  
    ofifo_inst/col_idx_7__fifo_instance/n41  
    ofifo_inst/col_idx_7__fifo_instance/n40  
    ofifo_inst/col_idx_7__fifo_instance/n39  
    ofifo_inst/col_idx_7__fifo_instance/n38  
    ofifo_inst/col_idx_7__fifo_instance/n37  
    ofifo_inst/col_idx_7__fifo_instance/n36  
    ofifo_inst/col_idx_7__fifo_instance/n35  
    ofifo_inst/col_idx_7__fifo_instance/n34  
    ofifo_inst/col_idx_7__fifo_instance/n33  
    ofifo_inst/col_idx_7__fifo_instance/n32  
    ofifo_inst/col_idx_7__fifo_instance/n31  
    ofifo_inst/col_idx_7__fifo_instance/n30  
    ofifo_inst/col_idx_7__fifo_instance/n29  
    ofifo_inst/col_idx_7__fifo_instance/n28  
    ofifo_inst/col_idx_7__fifo_instance/n27  
    ofifo_inst/col_idx_7__fifo_instance/n26  
    ofifo_inst/col_idx_7__fifo_instance/n25  
    ofifo_inst/col_idx_7__fifo_instance/n24  
    ofifo_inst/col_idx_7__fifo_instance/n23  
    ofifo_inst/col_idx_7__fifo_instance/n22  
    ofifo_inst/col_idx_7__fifo_instance/n21  
    ofifo_inst/col_idx_7__fifo_instance/n20  
    ofifo_inst/col_idx_7__fifo_instance/n19  
    ofifo_inst/col_idx_7__fifo_instance/n18  
    ofifo_inst/col_idx_7__fifo_instance/n17  
    ofifo_inst/col_idx_7__fifo_instance/n16  
    ofifo_inst/col_idx_7__fifo_instance/n15  
    ofifo_inst/col_idx_7__fifo_instance/n14  
    ofifo_inst/col_idx_7__fifo_instance/n13  
    ofifo_inst/col_idx_7__fifo_instance/n12  
    ofifo_inst/col_idx_7__fifo_instance/n11  
    ofifo_inst/col_idx_7__fifo_instance/n10  
    ofifo_inst/col_idx_7__fifo_instance/n9  
    ofifo_inst/col_idx_7__fifo_instance/n8  
    ofifo_inst/col_idx_7__fifo_instance/n7  
    ofifo_inst/col_idx_7__fifo_instance/n6  
    ofifo_inst/col_idx_7__fifo_instance/n5  
    ofifo_inst/col_idx_7__fifo_instance/n4  
    ofifo_inst/col_idx_7__fifo_instance/n3  
    ofifo_inst/col_idx_7__fifo_instance/o_empty  
    ofifo_inst/col_idx_7__fifo_instance/o_full  
    ofifo_inst/col_idx_6__fifo_instance/fifo_mux_16_1a/mux_8_1b/out_sub1_1[8]  
    ofifo_inst/col_idx_6__fifo_instance/fifo_mux_16_1a/mux_8_1b/out_sub1_1[9]  
    ofifo_inst/col_idx_6__fifo_instance/fifo_mux_16_1a/mux_8_1b/out_sub1_1[10]  
    ofifo_inst/col_idx_6__fifo_instance/fifo_mux_16_1a/mux_8_1b/out_sub1_1[11]  
    ofifo_inst/col_idx_6__fifo_instance/fifo_mux_16_1a/mux_8_1b/out_sub1_1[12]  
    ofifo_inst/col_idx_6__fifo_instance/fifo_mux_16_1a/mux_8_1b/out_sub1_1[13]  
    ofifo_inst/col_idx_6__fifo_instance/fifo_mux_16_1a/mux_8_1b/out_sub1_1[14]  
    ofifo_inst/col_idx_6__fifo_instance/fifo_mux_16_1a/mux_8_1b/out_sub1_1[15]  
    ofifo_inst/col_idx_6__fifo_instance/fifo_mux_16_1a/mux_8_1b/out_sub1_1[16]  
    ofifo_inst/col_idx_6__fifo_instance/fifo_mux_16_1a/mux_8_1b/out_sub1_1[17]  
    ofifo_inst/col_idx_6__fifo_instance/fifo_mux_16_1a/mux_8_1b/out_sub1_1[18]  
    ofifo_inst/col_idx_6__fifo_instance/fifo_mux_16_1a/mux_8_1b/out_sub1_1[19]  
    ofifo_inst/col_idx_6__fifo_instance/fifo_mux_16_1a/mux_8_1b/out_sub1_0[8]  
    ofifo_inst/col_idx_6__fifo_instance/fifo_mux_16_1a/mux_8_1b/out_sub1_0[9]  
    ofifo_inst/col_idx_6__fifo_instance/fifo_mux_16_1a/mux_8_1b/out_sub1_0[10]  
    ofifo_inst/col_idx_6__fifo_instance/fifo_mux_16_1a/mux_8_1b/out_sub1_0[11]  
    ofifo_inst/col_idx_6__fifo_instance/fifo_mux_16_1a/mux_8_1b/out_sub1_0[12]  
    ofifo_inst/col_idx_6__fifo_instance/fifo_mux_16_1a/mux_8_1b/out_sub1_0[13]  
    ofifo_inst/col_idx_6__fifo_instance/fifo_mux_16_1a/mux_8_1b/out_sub1_0[14]  
    ofifo_inst/col_idx_6__fifo_instance/fifo_mux_16_1a/mux_8_1b/out_sub1_0[15]  
    ofifo_inst/col_idx_6__fifo_instance/fifo_mux_16_1a/mux_8_1b/out_sub1_0[16]  
    ofifo_inst/col_idx_6__fifo_instance/fifo_mux_16_1a/mux_8_1b/out_sub1_0[17]  
    ofifo_inst/col_idx_6__fifo_instance/fifo_mux_16_1a/mux_8_1b/out_sub1_0[18]  
    ofifo_inst/col_idx_6__fifo_instance/fifo_mux_16_1a/mux_8_1b/out_sub1_0[19]  
    ofifo_inst/col_idx_6__fifo_instance/fifo_mux_16_1a/mux_8_1b/out_sub0_3[8]  
    ofifo_inst/col_idx_6__fifo_instance/fifo_mux_16_1a/mux_8_1b/out_sub0_3[9]  
    ofifo_inst/col_idx_6__fifo_instance/fifo_mux_16_1a/mux_8_1b/out_sub0_3[10]  
    ofifo_inst/col_idx_6__fifo_instance/fifo_mux_16_1a/mux_8_1b/out_sub0_3[11]  
    ofifo_inst/col_idx_6__fifo_instance/fifo_mux_16_1a/mux_8_1b/out_sub0_3[12]  
    ofifo_inst/col_idx_6__fifo_instance/fifo_mux_16_1a/mux_8_1b/out_sub0_3[13]  
    ofifo_inst/col_idx_6__fifo_instance/fifo_mux_16_1a/mux_8_1b/out_sub0_3[14]  
    ofifo_inst/col_idx_6__fifo_instance/fifo_mux_16_1a/mux_8_1b/out_sub0_3[15]  
    ofifo_inst/col_idx_6__fifo_instance/fifo_mux_16_1a/mux_8_1b/out_sub0_3[16]  
    ofifo_inst/col_idx_6__fifo_instance/fifo_mux_16_1a/mux_8_1b/out_sub0_3[17]  
    ofifo_inst/col_idx_6__fifo_instance/fifo_mux_16_1a/mux_8_1b/out_sub0_3[18]  
    ofifo_inst/col_idx_6__fifo_instance/fifo_mux_16_1a/mux_8_1b/out_sub0_3[19]  
    ofifo_inst/col_idx_6__fifo_instance/fifo_mux_16_1a/mux_8_1b/out_sub0_2[8]  
    ofifo_inst/col_idx_6__fifo_instance/fifo_mux_16_1a/mux_8_1b/out_sub0_2[9]  
    ofifo_inst/col_idx_6__fifo_instance/fifo_mux_16_1a/mux_8_1b/out_sub0_2[10]  
    ofifo_inst/col_idx_6__fifo_instance/fifo_mux_16_1a/mux_8_1b/out_sub0_2[11]  
    ofifo_inst/col_idx_6__fifo_instance/fifo_mux_16_1a/mux_8_1b/out_sub0_2[12]  
    ofifo_inst/col_idx_6__fifo_instance/fifo_mux_16_1a/mux_8_1b/out_sub0_2[13]  
    ofifo_inst/col_idx_6__fifo_instance/fifo_mux_16_1a/mux_8_1b/out_sub0_2[14]  
    ofifo_inst/col_idx_6__fifo_instance/fifo_mux_16_1a/mux_8_1b/out_sub0_2[15]  
    ofifo_inst/col_idx_6__fifo_instance/fifo_mux_16_1a/mux_8_1b/out_sub0_2[16]  
    ofifo_inst/col_idx_6__fifo_instance/fifo_mux_16_1a/mux_8_1b/out_sub0_2[17]  
    ofifo_inst/col_idx_6__fifo_instance/fifo_mux_16_1a/mux_8_1b/out_sub0_2[18]  
    ofifo_inst/col_idx_6__fifo_instance/fifo_mux_16_1a/mux_8_1b/out_sub0_2[19]  
    ofifo_inst/col_idx_6__fifo_instance/fifo_mux_16_1a/mux_8_1b/out_sub0_1[8]  
    ofifo_inst/col_idx_6__fifo_instance/fifo_mux_16_1a/mux_8_1b/out_sub0_1[9]  
    ofifo_inst/col_idx_6__fifo_instance/fifo_mux_16_1a/mux_8_1b/out_sub0_1[10]  
    ofifo_inst/col_idx_6__fifo_instance/fifo_mux_16_1a/mux_8_1b/out_sub0_1[11]  
    ofifo_inst/col_idx_6__fifo_instance/fifo_mux_16_1a/mux_8_1b/out_sub0_1[12]  
    ofifo_inst/col_idx_6__fifo_instance/fifo_mux_16_1a/mux_8_1b/out_sub0_1[13]  
    ofifo_inst/col_idx_6__fifo_instance/fifo_mux_16_1a/mux_8_1b/out_sub0_1[14]  
    ofifo_inst/col_idx_6__fifo_instance/fifo_mux_16_1a/mux_8_1b/out_sub0_1[15]  
    ofifo_inst/col_idx_6__fifo_instance/fifo_mux_16_1a/mux_8_1b/out_sub0_1[16]  
    ofifo_inst/col_idx_6__fifo_instance/fifo_mux_16_1a/mux_8_1b/out_sub0_1[17]  
    ofifo_inst/col_idx_6__fifo_instance/fifo_mux_16_1a/mux_8_1b/out_sub0_1[18]  
    ofifo_inst/col_idx_6__fifo_instance/fifo_mux_16_1a/mux_8_1b/out_sub0_1[19]  
    ofifo_inst/col_idx_6__fifo_instance/fifo_mux_16_1a/mux_8_1b/out_sub0_0[8]  
    ofifo_inst/col_idx_6__fifo_instance/fifo_mux_16_1a/mux_8_1b/out_sub0_0[9]  
    ofifo_inst/col_idx_6__fifo_instance/fifo_mux_16_1a/mux_8_1b/out_sub0_0[10]  
    ofifo_inst/col_idx_6__fifo_instance/fifo_mux_16_1a/mux_8_1b/out_sub0_0[11]  
    ofifo_inst/col_idx_6__fifo_instance/fifo_mux_16_1a/mux_8_1b/out_sub0_0[12]  
    ofifo_inst/col_idx_6__fifo_instance/fifo_mux_16_1a/mux_8_1b/out_sub0_0[13]  
    ofifo_inst/col_idx_6__fifo_instance/fifo_mux_16_1a/mux_8_1b/out_sub0_0[14]  
    ofifo_inst/col_idx_6__fifo_instance/fifo_mux_16_1a/mux_8_1b/out_sub0_0[15]  
    ofifo_inst/col_idx_6__fifo_instance/fifo_mux_16_1a/mux_8_1b/out_sub0_0[16]  
    ofifo_inst/col_idx_6__fifo_instance/fifo_mux_16_1a/mux_8_1b/out_sub0_0[17]  
    ofifo_inst/col_idx_6__fifo_instance/fifo_mux_16_1a/mux_8_1b/out_sub0_0[18]  
    ofifo_inst/col_idx_6__fifo_instance/fifo_mux_16_1a/mux_8_1b/out_sub0_0[19]  
    ofifo_inst/col_idx_6__fifo_instance/fifo_mux_16_1a/mux_8_1a/out_sub1_1[8]  
    ofifo_inst/col_idx_6__fifo_instance/fifo_mux_16_1a/mux_8_1a/out_sub1_1[9]  
    ofifo_inst/col_idx_6__fifo_instance/fifo_mux_16_1a/mux_8_1a/out_sub1_1[10]  
    ofifo_inst/col_idx_6__fifo_instance/fifo_mux_16_1a/mux_8_1a/out_sub1_1[11]  
    ofifo_inst/col_idx_6__fifo_instance/fifo_mux_16_1a/mux_8_1a/out_sub1_1[12]  
    ofifo_inst/col_idx_6__fifo_instance/fifo_mux_16_1a/mux_8_1a/out_sub1_1[13]  
    ofifo_inst/col_idx_6__fifo_instance/fifo_mux_16_1a/mux_8_1a/out_sub1_1[14]  
    ofifo_inst/col_idx_6__fifo_instance/fifo_mux_16_1a/mux_8_1a/out_sub1_1[15]  
    ofifo_inst/col_idx_6__fifo_instance/fifo_mux_16_1a/mux_8_1a/out_sub1_1[16]  
    ofifo_inst/col_idx_6__fifo_instance/fifo_mux_16_1a/mux_8_1a/out_sub1_1[17]  
    ofifo_inst/col_idx_6__fifo_instance/fifo_mux_16_1a/mux_8_1a/out_sub1_1[18]  
    ofifo_inst/col_idx_6__fifo_instance/fifo_mux_16_1a/mux_8_1a/out_sub1_1[19]  
    ofifo_inst/col_idx_6__fifo_instance/fifo_mux_16_1a/mux_8_1a/out_sub1_0[8]  
    ofifo_inst/col_idx_6__fifo_instance/fifo_mux_16_1a/mux_8_1a/out_sub1_0[9]  
    ofifo_inst/col_idx_6__fifo_instance/fifo_mux_16_1a/mux_8_1a/out_sub1_0[10]  
    ofifo_inst/col_idx_6__fifo_instance/fifo_mux_16_1a/mux_8_1a/out_sub1_0[11]  
    ofifo_inst/col_idx_6__fifo_instance/fifo_mux_16_1a/mux_8_1a/out_sub1_0[12]  
    ofifo_inst/col_idx_6__fifo_instance/fifo_mux_16_1a/mux_8_1a/out_sub1_0[13]  
    ofifo_inst/col_idx_6__fifo_instance/fifo_mux_16_1a/mux_8_1a/out_sub1_0[14]  
    ofifo_inst/col_idx_6__fifo_instance/fifo_mux_16_1a/mux_8_1a/out_sub1_0[15]  
    ofifo_inst/col_idx_6__fifo_instance/fifo_mux_16_1a/mux_8_1a/out_sub1_0[16]  
    ofifo_inst/col_idx_6__fifo_instance/fifo_mux_16_1a/mux_8_1a/out_sub1_0[17]  
    ofifo_inst/col_idx_6__fifo_instance/fifo_mux_16_1a/mux_8_1a/out_sub1_0[18]  
    ofifo_inst/col_idx_6__fifo_instance/fifo_mux_16_1a/mux_8_1a/out_sub1_0[19]  
    ofifo_inst/col_idx_6__fifo_instance/fifo_mux_16_1a/mux_8_1a/out_sub0_3[8]  
    ofifo_inst/col_idx_6__fifo_instance/fifo_mux_16_1a/mux_8_1a/out_sub0_3[9]  
    ofifo_inst/col_idx_6__fifo_instance/fifo_mux_16_1a/mux_8_1a/out_sub0_3[10]  
    ofifo_inst/col_idx_6__fifo_instance/fifo_mux_16_1a/mux_8_1a/out_sub0_3[11]  
    ofifo_inst/col_idx_6__fifo_instance/fifo_mux_16_1a/mux_8_1a/out_sub0_3[12]  
    ofifo_inst/col_idx_6__fifo_instance/fifo_mux_16_1a/mux_8_1a/out_sub0_3[13]  
    ofifo_inst/col_idx_6__fifo_instance/fifo_mux_16_1a/mux_8_1a/out_sub0_3[14]  
    ofifo_inst/col_idx_6__fifo_instance/fifo_mux_16_1a/mux_8_1a/out_sub0_3[15]  
    ofifo_inst/col_idx_6__fifo_instance/fifo_mux_16_1a/mux_8_1a/out_sub0_3[16]  
    ofifo_inst/col_idx_6__fifo_instance/fifo_mux_16_1a/mux_8_1a/out_sub0_3[17]  
    ofifo_inst/col_idx_6__fifo_instance/fifo_mux_16_1a/mux_8_1a/out_sub0_3[18]  
    ofifo_inst/col_idx_6__fifo_instance/fifo_mux_16_1a/mux_8_1a/out_sub0_3[19]  
    ofifo_inst/col_idx_6__fifo_instance/fifo_mux_16_1a/mux_8_1a/out_sub0_2[8]  
    ofifo_inst/col_idx_6__fifo_instance/fifo_mux_16_1a/mux_8_1a/out_sub0_2[9]  
    ofifo_inst/col_idx_6__fifo_instance/fifo_mux_16_1a/mux_8_1a/out_sub0_2[10]  
    ofifo_inst/col_idx_6__fifo_instance/fifo_mux_16_1a/mux_8_1a/out_sub0_2[11]  
    ofifo_inst/col_idx_6__fifo_instance/fifo_mux_16_1a/mux_8_1a/out_sub0_2[12]  
    ofifo_inst/col_idx_6__fifo_instance/fifo_mux_16_1a/mux_8_1a/out_sub0_2[13]  
    ofifo_inst/col_idx_6__fifo_instance/fifo_mux_16_1a/mux_8_1a/out_sub0_2[14]  
    ofifo_inst/col_idx_6__fifo_instance/fifo_mux_16_1a/mux_8_1a/out_sub0_2[15]  
    ofifo_inst/col_idx_6__fifo_instance/fifo_mux_16_1a/mux_8_1a/out_sub0_2[16]  
    ofifo_inst/col_idx_6__fifo_instance/fifo_mux_16_1a/mux_8_1a/out_sub0_2[17]  
    ofifo_inst/col_idx_6__fifo_instance/fifo_mux_16_1a/mux_8_1a/out_sub0_2[18]  
    ofifo_inst/col_idx_6__fifo_instance/fifo_mux_16_1a/mux_8_1a/out_sub0_2[19]  
    ofifo_inst/col_idx_6__fifo_instance/fifo_mux_16_1a/mux_8_1a/out_sub0_1[8]  
    ofifo_inst/col_idx_6__fifo_instance/fifo_mux_16_1a/mux_8_1a/out_sub0_1[9]  
    ofifo_inst/col_idx_6__fifo_instance/fifo_mux_16_1a/mux_8_1a/out_sub0_1[10]  
    ofifo_inst/col_idx_6__fifo_instance/fifo_mux_16_1a/mux_8_1a/out_sub0_1[11]  
    ofifo_inst/col_idx_6__fifo_instance/fifo_mux_16_1a/mux_8_1a/out_sub0_1[12]  
    ofifo_inst/col_idx_6__fifo_instance/fifo_mux_16_1a/mux_8_1a/out_sub0_1[13]  
    ofifo_inst/col_idx_6__fifo_instance/fifo_mux_16_1a/mux_8_1a/out_sub0_1[14]  
    ofifo_inst/col_idx_6__fifo_instance/fifo_mux_16_1a/mux_8_1a/out_sub0_1[15]  
    ofifo_inst/col_idx_6__fifo_instance/fifo_mux_16_1a/mux_8_1a/out_sub0_1[16]  
    ofifo_inst/col_idx_6__fifo_instance/fifo_mux_16_1a/mux_8_1a/out_sub0_1[17]  
    ofifo_inst/col_idx_6__fifo_instance/fifo_mux_16_1a/mux_8_1a/out_sub0_1[18]  
    ofifo_inst/col_idx_6__fifo_instance/fifo_mux_16_1a/mux_8_1a/out_sub0_1[19]  
    ofifo_inst/col_idx_6__fifo_instance/fifo_mux_16_1a/mux_8_1a/out_sub0_0[8]  
    ofifo_inst/col_idx_6__fifo_instance/fifo_mux_16_1a/mux_8_1a/out_sub0_0[9]  
    ofifo_inst/col_idx_6__fifo_instance/fifo_mux_16_1a/mux_8_1a/out_sub0_0[10]  
    ofifo_inst/col_idx_6__fifo_instance/fifo_mux_16_1a/mux_8_1a/out_sub0_0[11]  
    ofifo_inst/col_idx_6__fifo_instance/fifo_mux_16_1a/mux_8_1a/out_sub0_0[12]  
    ofifo_inst/col_idx_6__fifo_instance/fifo_mux_16_1a/mux_8_1a/out_sub0_0[13]  
    ofifo_inst/col_idx_6__fifo_instance/fifo_mux_16_1a/mux_8_1a/out_sub0_0[14]  
    ofifo_inst/col_idx_6__fifo_instance/fifo_mux_16_1a/mux_8_1a/out_sub0_0[15]  
    ofifo_inst/col_idx_6__fifo_instance/fifo_mux_16_1a/mux_8_1a/out_sub0_0[16]  
    ofifo_inst/col_idx_6__fifo_instance/fifo_mux_16_1a/mux_8_1a/out_sub0_0[17]  
    ofifo_inst/col_idx_6__fifo_instance/fifo_mux_16_1a/mux_8_1a/out_sub0_0[18]  
    ofifo_inst/col_idx_6__fifo_instance/fifo_mux_16_1a/mux_8_1a/out_sub0_0[19]  
    ofifo_inst/col_idx_6__fifo_instance/fifo_mux_16_1a/out_sub1[8]  
    ofifo_inst/col_idx_6__fifo_instance/fifo_mux_16_1a/out_sub1[9]  
    ofifo_inst/col_idx_6__fifo_instance/fifo_mux_16_1a/out_sub1[10]  
    ofifo_inst/col_idx_6__fifo_instance/fifo_mux_16_1a/out_sub1[11]  
    ofifo_inst/col_idx_6__fifo_instance/fifo_mux_16_1a/out_sub1[12]  
    ofifo_inst/col_idx_6__fifo_instance/fifo_mux_16_1a/out_sub1[13]  
    ofifo_inst/col_idx_6__fifo_instance/fifo_mux_16_1a/out_sub1[14]  
    ofifo_inst/col_idx_6__fifo_instance/fifo_mux_16_1a/out_sub1[15]  
    ofifo_inst/col_idx_6__fifo_instance/fifo_mux_16_1a/out_sub1[16]  
    ofifo_inst/col_idx_6__fifo_instance/fifo_mux_16_1a/out_sub1[17]  
    ofifo_inst/col_idx_6__fifo_instance/fifo_mux_16_1a/out_sub1[18]  
    ofifo_inst/col_idx_6__fifo_instance/fifo_mux_16_1a/out_sub1[19]  
    ofifo_inst/col_idx_6__fifo_instance/fifo_mux_16_1a/out_sub0[8]  
    ofifo_inst/col_idx_6__fifo_instance/fifo_mux_16_1a/out_sub0[9]  
    ofifo_inst/col_idx_6__fifo_instance/fifo_mux_16_1a/out_sub0[10]  
    ofifo_inst/col_idx_6__fifo_instance/fifo_mux_16_1a/out_sub0[11]  
    ofifo_inst/col_idx_6__fifo_instance/fifo_mux_16_1a/out_sub0[12]  
    ofifo_inst/col_idx_6__fifo_instance/fifo_mux_16_1a/out_sub0[13]  
    ofifo_inst/col_idx_6__fifo_instance/fifo_mux_16_1a/out_sub0[14]  
    ofifo_inst/col_idx_6__fifo_instance/fifo_mux_16_1a/out_sub0[15]  
    ofifo_inst/col_idx_6__fifo_instance/fifo_mux_16_1a/out_sub0[16]  
    ofifo_inst/col_idx_6__fifo_instance/fifo_mux_16_1a/out_sub0[17]  
    ofifo_inst/col_idx_6__fifo_instance/fifo_mux_16_1a/out_sub0[18]  
    ofifo_inst/col_idx_6__fifo_instance/fifo_mux_16_1a/out_sub0[19]  
    ofifo_inst/col_idx_6__fifo_instance/q15[8]  
    ofifo_inst/col_idx_6__fifo_instance/q15[9]  
    ofifo_inst/col_idx_6__fifo_instance/q15[10]  
    ofifo_inst/col_idx_6__fifo_instance/q15[11]  
    ofifo_inst/col_idx_6__fifo_instance/q15[12]  
    ofifo_inst/col_idx_6__fifo_instance/q15[13]  
    ofifo_inst/col_idx_6__fifo_instance/q15[14]  
    ofifo_inst/col_idx_6__fifo_instance/q15[15]  
    ofifo_inst/col_idx_6__fifo_instance/q15[16]  
    ofifo_inst/col_idx_6__fifo_instance/q15[17]  
    ofifo_inst/col_idx_6__fifo_instance/q15[18]  
    ofifo_inst/col_idx_6__fifo_instance/q15[19]  
    ofifo_inst/col_idx_6__fifo_instance/q14[8]  
    ofifo_inst/col_idx_6__fifo_instance/q14[9]  
    ofifo_inst/col_idx_6__fifo_instance/q14[10]  
    ofifo_inst/col_idx_6__fifo_instance/q14[11]  
    ofifo_inst/col_idx_6__fifo_instance/q14[12]  
    ofifo_inst/col_idx_6__fifo_instance/q14[13]  
    ofifo_inst/col_idx_6__fifo_instance/q14[14]  
    ofifo_inst/col_idx_6__fifo_instance/q14[15]  
    ofifo_inst/col_idx_6__fifo_instance/q14[16]  
    ofifo_inst/col_idx_6__fifo_instance/q14[17]  
    ofifo_inst/col_idx_6__fifo_instance/q14[18]  
    ofifo_inst/col_idx_6__fifo_instance/q14[19]  
    ofifo_inst/col_idx_6__fifo_instance/q13[8]  
    ofifo_inst/col_idx_6__fifo_instance/q13[9]  
    ofifo_inst/col_idx_6__fifo_instance/q13[10]  
    ofifo_inst/col_idx_6__fifo_instance/q13[11]  
    ofifo_inst/col_idx_6__fifo_instance/q13[12]  
    ofifo_inst/col_idx_6__fifo_instance/q13[13]  
    ofifo_inst/col_idx_6__fifo_instance/q13[14]  
    ofifo_inst/col_idx_6__fifo_instance/q13[15]  
    ofifo_inst/col_idx_6__fifo_instance/q13[16]  
    ofifo_inst/col_idx_6__fifo_instance/q13[17]  
    ofifo_inst/col_idx_6__fifo_instance/q13[18]  
    ofifo_inst/col_idx_6__fifo_instance/q13[19]  
    ofifo_inst/col_idx_6__fifo_instance/q12[8]  
    ofifo_inst/col_idx_6__fifo_instance/q12[9]  
    ofifo_inst/col_idx_6__fifo_instance/q12[10]  
    ofifo_inst/col_idx_6__fifo_instance/q12[11]  
    ofifo_inst/col_idx_6__fifo_instance/q12[12]  
    ofifo_inst/col_idx_6__fifo_instance/q12[13]  
    ofifo_inst/col_idx_6__fifo_instance/q12[14]  
    ofifo_inst/col_idx_6__fifo_instance/q12[15]  
    ofifo_inst/col_idx_6__fifo_instance/q12[16]  
    ofifo_inst/col_idx_6__fifo_instance/q12[17]  
    ofifo_inst/col_idx_6__fifo_instance/q12[18]  
    ofifo_inst/col_idx_6__fifo_instance/q12[19]  
    ofifo_inst/col_idx_6__fifo_instance/q11[8]  
    ofifo_inst/col_idx_6__fifo_instance/q11[9]  
    ofifo_inst/col_idx_6__fifo_instance/q11[10]  
    ofifo_inst/col_idx_6__fifo_instance/q11[11]  
    ofifo_inst/col_idx_6__fifo_instance/q11[12]  
    ofifo_inst/col_idx_6__fifo_instance/q11[13]  
    ofifo_inst/col_idx_6__fifo_instance/q11[14]  
    ofifo_inst/col_idx_6__fifo_instance/q11[15]  
    ofifo_inst/col_idx_6__fifo_instance/q11[16]  
    ofifo_inst/col_idx_6__fifo_instance/q11[17]  
    ofifo_inst/col_idx_6__fifo_instance/q11[18]  
    ofifo_inst/col_idx_6__fifo_instance/q11[19]  
    ofifo_inst/col_idx_6__fifo_instance/q10[8]  
    ofifo_inst/col_idx_6__fifo_instance/q10[9]  
    ofifo_inst/col_idx_6__fifo_instance/q10[10]  
    ofifo_inst/col_idx_6__fifo_instance/q10[11]  
    ofifo_inst/col_idx_6__fifo_instance/q10[12]  
    ofifo_inst/col_idx_6__fifo_instance/q10[13]  
    ofifo_inst/col_idx_6__fifo_instance/q10[14]  
    ofifo_inst/col_idx_6__fifo_instance/q10[15]  
    ofifo_inst/col_idx_6__fifo_instance/q10[16]  
    ofifo_inst/col_idx_6__fifo_instance/q10[17]  
    ofifo_inst/col_idx_6__fifo_instance/q10[18]  
    ofifo_inst/col_idx_6__fifo_instance/q10[19]  
    ofifo_inst/col_idx_6__fifo_instance/q9[8]  
    ofifo_inst/col_idx_6__fifo_instance/q9[9]  
    ofifo_inst/col_idx_6__fifo_instance/q9[10]  
    ofifo_inst/col_idx_6__fifo_instance/q9[11]  
    ofifo_inst/col_idx_6__fifo_instance/q9[12]  
    ofifo_inst/col_idx_6__fifo_instance/q9[13]  
    ofifo_inst/col_idx_6__fifo_instance/q9[14]  
    ofifo_inst/col_idx_6__fifo_instance/q9[15]  
    ofifo_inst/col_idx_6__fifo_instance/q9[16]  
    ofifo_inst/col_idx_6__fifo_instance/q9[17]  
    ofifo_inst/col_idx_6__fifo_instance/q9[18]  
    ofifo_inst/col_idx_6__fifo_instance/q9[19]  
    ofifo_inst/col_idx_6__fifo_instance/q8[8]  
    ofifo_inst/col_idx_6__fifo_instance/q8[9]  
    ofifo_inst/col_idx_6__fifo_instance/q8[10]  
    ofifo_inst/col_idx_6__fifo_instance/q8[11]  
    ofifo_inst/col_idx_6__fifo_instance/q8[12]  
    ofifo_inst/col_idx_6__fifo_instance/q8[13]  
    ofifo_inst/col_idx_6__fifo_instance/q8[14]  
    ofifo_inst/col_idx_6__fifo_instance/q8[15]  
    ofifo_inst/col_idx_6__fifo_instance/q8[16]  
    ofifo_inst/col_idx_6__fifo_instance/q8[17]  
    ofifo_inst/col_idx_6__fifo_instance/q8[18]  
    ofifo_inst/col_idx_6__fifo_instance/q8[19]  
    ofifo_inst/col_idx_6__fifo_instance/q7[8]  
    ofifo_inst/col_idx_6__fifo_instance/q7[9]  
    ofifo_inst/col_idx_6__fifo_instance/q7[10]  
    ofifo_inst/col_idx_6__fifo_instance/q7[11]  
    ofifo_inst/col_idx_6__fifo_instance/q7[12]  
    ofifo_inst/col_idx_6__fifo_instance/q7[13]  
    ofifo_inst/col_idx_6__fifo_instance/q7[14]  
    ofifo_inst/col_idx_6__fifo_instance/q7[15]  
    ofifo_inst/col_idx_6__fifo_instance/q7[16]  
    ofifo_inst/col_idx_6__fifo_instance/q7[17]  
    ofifo_inst/col_idx_6__fifo_instance/q7[18]  
    ofifo_inst/col_idx_6__fifo_instance/q7[19]  
    ofifo_inst/col_idx_6__fifo_instance/q6[8]  
    ofifo_inst/col_idx_6__fifo_instance/q6[9]  
    ofifo_inst/col_idx_6__fifo_instance/q6[10]  
    ofifo_inst/col_idx_6__fifo_instance/q6[11]  
    ofifo_inst/col_idx_6__fifo_instance/q6[12]  
    ofifo_inst/col_idx_6__fifo_instance/q6[13]  
    ofifo_inst/col_idx_6__fifo_instance/q6[14]  
    ofifo_inst/col_idx_6__fifo_instance/q6[15]  
    ofifo_inst/col_idx_6__fifo_instance/q6[16]  
    ofifo_inst/col_idx_6__fifo_instance/q6[17]  
    ofifo_inst/col_idx_6__fifo_instance/q6[18]  
    ofifo_inst/col_idx_6__fifo_instance/q6[19]  
    ofifo_inst/col_idx_6__fifo_instance/q5[8]  
    ofifo_inst/col_idx_6__fifo_instance/q5[9]  
    ofifo_inst/col_idx_6__fifo_instance/q5[10]  
    ofifo_inst/col_idx_6__fifo_instance/q5[11]  
    ofifo_inst/col_idx_6__fifo_instance/q5[12]  
    ofifo_inst/col_idx_6__fifo_instance/q5[13]  
    ofifo_inst/col_idx_6__fifo_instance/q5[14]  
    ofifo_inst/col_idx_6__fifo_instance/q5[15]  
    ofifo_inst/col_idx_6__fifo_instance/q5[16]  
    ofifo_inst/col_idx_6__fifo_instance/q5[17]  
    ofifo_inst/col_idx_6__fifo_instance/q5[18]  
    ofifo_inst/col_idx_6__fifo_instance/q5[19]  
    ofifo_inst/col_idx_6__fifo_instance/q4[8]  
    ofifo_inst/col_idx_6__fifo_instance/q4[9]  
    ofifo_inst/col_idx_6__fifo_instance/q4[10]  
    ofifo_inst/col_idx_6__fifo_instance/q4[11]  
    ofifo_inst/col_idx_6__fifo_instance/q4[12]  
    ofifo_inst/col_idx_6__fifo_instance/q4[13]  
    ofifo_inst/col_idx_6__fifo_instance/q4[14]  
    ofifo_inst/col_idx_6__fifo_instance/q4[15]  
    ofifo_inst/col_idx_6__fifo_instance/q4[16]  
    ofifo_inst/col_idx_6__fifo_instance/q4[17]  
    ofifo_inst/col_idx_6__fifo_instance/q4[18]  
    ofifo_inst/col_idx_6__fifo_instance/q4[19]  
    ofifo_inst/col_idx_6__fifo_instance/q3[8]  
    ofifo_inst/col_idx_6__fifo_instance/q3[9]  
    ofifo_inst/col_idx_6__fifo_instance/q3[10]  
    ofifo_inst/col_idx_6__fifo_instance/q3[11]  
    ofifo_inst/col_idx_6__fifo_instance/q3[12]  
    ofifo_inst/col_idx_6__fifo_instance/q3[13]  
    ofifo_inst/col_idx_6__fifo_instance/q3[14]  
    ofifo_inst/col_idx_6__fifo_instance/q3[15]  
    ofifo_inst/col_idx_6__fifo_instance/q3[16]  
    ofifo_inst/col_idx_6__fifo_instance/q3[17]  
    ofifo_inst/col_idx_6__fifo_instance/q3[18]  
    ofifo_inst/col_idx_6__fifo_instance/q3[19]  
    ofifo_inst/col_idx_6__fifo_instance/q2[8]  
    ofifo_inst/col_idx_6__fifo_instance/q2[9]  
    ofifo_inst/col_idx_6__fifo_instance/q2[10]  
    ofifo_inst/col_idx_6__fifo_instance/q2[11]  
    ofifo_inst/col_idx_6__fifo_instance/q2[12]  
    ofifo_inst/col_idx_6__fifo_instance/q2[13]  
    ofifo_inst/col_idx_6__fifo_instance/q2[14]  
    ofifo_inst/col_idx_6__fifo_instance/q2[15]  
    ofifo_inst/col_idx_6__fifo_instance/q2[16]  
    ofifo_inst/col_idx_6__fifo_instance/q2[17]  
    ofifo_inst/col_idx_6__fifo_instance/q2[18]  
    ofifo_inst/col_idx_6__fifo_instance/q2[19]  
    ofifo_inst/col_idx_6__fifo_instance/q1[8]  
    ofifo_inst/col_idx_6__fifo_instance/q1[9]  
    ofifo_inst/col_idx_6__fifo_instance/q1[10]  
    ofifo_inst/col_idx_6__fifo_instance/q1[11]  
    ofifo_inst/col_idx_6__fifo_instance/q1[12]  
    ofifo_inst/col_idx_6__fifo_instance/q1[13]  
    ofifo_inst/col_idx_6__fifo_instance/q1[14]  
    ofifo_inst/col_idx_6__fifo_instance/q1[15]  
    ofifo_inst/col_idx_6__fifo_instance/q1[16]  
    ofifo_inst/col_idx_6__fifo_instance/q1[17]  
    ofifo_inst/col_idx_6__fifo_instance/q1[18]  
    ofifo_inst/col_idx_6__fifo_instance/q1[19]  
    ofifo_inst/col_idx_6__fifo_instance/q0[8]  
    ofifo_inst/col_idx_6__fifo_instance/q0[9]  
    ofifo_inst/col_idx_6__fifo_instance/q0[10]  
    ofifo_inst/col_idx_6__fifo_instance/q0[11]  
    ofifo_inst/col_idx_6__fifo_instance/q0[12]  
    ofifo_inst/col_idx_6__fifo_instance/q0[13]  
    ofifo_inst/col_idx_6__fifo_instance/q0[14]  
    ofifo_inst/col_idx_6__fifo_instance/q0[15]  
    ofifo_inst/col_idx_6__fifo_instance/q0[16]  
    ofifo_inst/col_idx_6__fifo_instance/q0[17]  
    ofifo_inst/col_idx_6__fifo_instance/q0[18]  
    ofifo_inst/col_idx_6__fifo_instance/q0[19]  
    ofifo_inst/col_idx_6__fifo_instance/n403  
    ofifo_inst/col_idx_6__fifo_instance/n402  
    ofifo_inst/col_idx_6__fifo_instance/n401  
    ofifo_inst/col_idx_6__fifo_instance/n400  
    ofifo_inst/col_idx_6__fifo_instance/n399  
    ofifo_inst/col_idx_6__fifo_instance/n398  
    ofifo_inst/col_idx_6__fifo_instance/n397  
    ofifo_inst/col_idx_6__fifo_instance/n396  
    ofifo_inst/col_idx_6__fifo_instance/n395  
    ofifo_inst/col_idx_6__fifo_instance/n394  
    ofifo_inst/col_idx_6__fifo_instance/n393  
    ofifo_inst/col_idx_6__fifo_instance/n392  
    ofifo_inst/col_idx_6__fifo_instance/n383  
    ofifo_inst/col_idx_6__fifo_instance/n382  
    ofifo_inst/col_idx_6__fifo_instance/n381  
    ofifo_inst/col_idx_6__fifo_instance/n380  
    ofifo_inst/col_idx_6__fifo_instance/n379  
    ofifo_inst/col_idx_6__fifo_instance/n378  
    ofifo_inst/col_idx_6__fifo_instance/n377  
    ofifo_inst/col_idx_6__fifo_instance/n376  
    ofifo_inst/col_idx_6__fifo_instance/n375  
    ofifo_inst/col_idx_6__fifo_instance/n374  
    ofifo_inst/col_idx_6__fifo_instance/n373  
    ofifo_inst/col_idx_6__fifo_instance/n372  
    ofifo_inst/col_idx_6__fifo_instance/n363  
    ofifo_inst/col_idx_6__fifo_instance/n362  
    ofifo_inst/col_idx_6__fifo_instance/n361  
    ofifo_inst/col_idx_6__fifo_instance/n360  
    ofifo_inst/col_idx_6__fifo_instance/n359  
    ofifo_inst/col_idx_6__fifo_instance/n358  
    ofifo_inst/col_idx_6__fifo_instance/n357  
    ofifo_inst/col_idx_6__fifo_instance/n356  
    ofifo_inst/col_idx_6__fifo_instance/n355  
    ofifo_inst/col_idx_6__fifo_instance/n354  
    ofifo_inst/col_idx_6__fifo_instance/n353  
    ofifo_inst/col_idx_6__fifo_instance/n352  
    ofifo_inst/col_idx_6__fifo_instance/n343  
    ofifo_inst/col_idx_6__fifo_instance/n342  
    ofifo_inst/col_idx_6__fifo_instance/n341  
    ofifo_inst/col_idx_6__fifo_instance/n340  
    ofifo_inst/col_idx_6__fifo_instance/n339  
    ofifo_inst/col_idx_6__fifo_instance/n338  
    ofifo_inst/col_idx_6__fifo_instance/n337  
    ofifo_inst/col_idx_6__fifo_instance/n336  
    ofifo_inst/col_idx_6__fifo_instance/n335  
    ofifo_inst/col_idx_6__fifo_instance/n334  
    ofifo_inst/col_idx_6__fifo_instance/n333  
    ofifo_inst/col_idx_6__fifo_instance/n332  
    ofifo_inst/col_idx_6__fifo_instance/n324  
    ofifo_inst/col_idx_6__fifo_instance/n323  
    ofifo_inst/col_idx_6__fifo_instance/n322  
    ofifo_inst/col_idx_6__fifo_instance/n321  
    ofifo_inst/col_idx_6__fifo_instance/n320  
    ofifo_inst/col_idx_6__fifo_instance/n319  
    ofifo_inst/col_idx_6__fifo_instance/n318  
    ofifo_inst/col_idx_6__fifo_instance/n317  
    ofifo_inst/col_idx_6__fifo_instance/n316  
    ofifo_inst/col_idx_6__fifo_instance/n315  
    ofifo_inst/col_idx_6__fifo_instance/n314  
    ofifo_inst/col_idx_6__fifo_instance/n313  
    ofifo_inst/col_idx_6__fifo_instance/n304  
    ofifo_inst/col_idx_6__fifo_instance/n303  
    ofifo_inst/col_idx_6__fifo_instance/n302  
    ofifo_inst/col_idx_6__fifo_instance/n301  
    ofifo_inst/col_idx_6__fifo_instance/n300  
    ofifo_inst/col_idx_6__fifo_instance/n299  
    ofifo_inst/col_idx_6__fifo_instance/n298  
    ofifo_inst/col_idx_6__fifo_instance/n297  
    ofifo_inst/col_idx_6__fifo_instance/n296  
    ofifo_inst/col_idx_6__fifo_instance/n295  
    ofifo_inst/col_idx_6__fifo_instance/n294  
    ofifo_inst/col_idx_6__fifo_instance/n293  
    ofifo_inst/col_idx_6__fifo_instance/n278  
    ofifo_inst/col_idx_6__fifo_instance/n277  
    ofifo_inst/col_idx_6__fifo_instance/n276  
    ofifo_inst/col_idx_6__fifo_instance/n275  
    ofifo_inst/col_idx_6__fifo_instance/n274  
    ofifo_inst/col_idx_6__fifo_instance/n273  
    ofifo_inst/col_idx_6__fifo_instance/n272  
    ofifo_inst/col_idx_6__fifo_instance/n271  
    ofifo_inst/col_idx_6__fifo_instance/n270  
    ofifo_inst/col_idx_6__fifo_instance/n269  
    ofifo_inst/col_idx_6__fifo_instance/n268  
    ofifo_inst/col_idx_6__fifo_instance/n267  
    ofifo_inst/col_idx_6__fifo_instance/n258  
    ofifo_inst/col_idx_6__fifo_instance/n257  
    ofifo_inst/col_idx_6__fifo_instance/n256  
    ofifo_inst/col_idx_6__fifo_instance/n255  
    ofifo_inst/col_idx_6__fifo_instance/n254  
    ofifo_inst/col_idx_6__fifo_instance/n253  
    ofifo_inst/col_idx_6__fifo_instance/n252  
    ofifo_inst/col_idx_6__fifo_instance/n251  
    ofifo_inst/col_idx_6__fifo_instance/n250  
    ofifo_inst/col_idx_6__fifo_instance/n249  
    ofifo_inst/col_idx_6__fifo_instance/n248  
    ofifo_inst/col_idx_6__fifo_instance/n247  
    ofifo_inst/col_idx_6__fifo_instance/o_empty  
    ofifo_inst/col_idx_6__fifo_instance/o_full  
    ofifo_inst/col_idx_5__fifo_instance/o_empty  
    ofifo_inst/col_idx_5__fifo_instance/o_full  
    ofifo_inst/col_idx_4__fifo_instance/o_empty  
    ofifo_inst/col_idx_4__fifo_instance/o_full  
    ofifo_inst/col_idx_3__fifo_instance/o_empty  
    ofifo_inst/col_idx_3__fifo_instance/o_full  
    ofifo_inst/col_idx_2__fifo_instance/o_empty  
    ofifo_inst/col_idx_2__fifo_instance/o_full  
    ofifo_inst/col_idx_1__fifo_instance/o_empty  
    ofifo_inst/col_idx_1__fifo_instance/o_full  
    ofifo_inst/col_idx_0__fifo_instance/o_empty  
    ofifo_inst/col_idx_0__fifo_instance/o_full  
    ofifo_inst/o_full  
    ofifo_inst/o_valid  
    mac_array_instance/genblk1_7__mac_col_inst/mac_8in_instance/product7[0]  
    mac_array_instance/genblk1_7__mac_col_inst/mac_8in_instance/product7[1]  
    mac_array_instance/genblk1_7__mac_col_inst/mac_8in_instance/product7[2]  
    mac_array_instance/genblk1_7__mac_col_inst/mac_8in_instance/product7[3]  
    mac_array_instance/genblk1_7__mac_col_inst/mac_8in_instance/product7[4]  
    mac_array_instance/genblk1_7__mac_col_inst/mac_8in_instance/product7[5]  
    mac_array_instance/genblk1_7__mac_col_inst/mac_8in_instance/product7[6]  
    mac_array_instance/genblk1_7__mac_col_inst/mac_8in_instance/product7[7]  
    mac_array_instance/genblk1_7__mac_col_inst/mac_8in_instance/product7[8]  
    mac_array_instance/genblk1_7__mac_col_inst/mac_8in_instance/product7[9]  
    mac_array_instance/genblk1_7__mac_col_inst/mac_8in_instance/product7[10]  
    mac_array_instance/genblk1_7__mac_col_inst/mac_8in_instance/product7[11]  
    mac_array_instance/genblk1_7__mac_col_inst/mac_8in_instance/product7[12]  
    mac_array_instance/genblk1_7__mac_col_inst/mac_8in_instance/product7[13]  
    mac_array_instance/genblk1_7__mac_col_inst/mac_8in_instance/product7[14]  
    mac_array_instance/genblk1_7__mac_col_inst/mac_8in_instance/product7[15]  
    mac_array_instance/genblk1_7__mac_col_inst/mac_8in_instance/product6[0]  
    mac_array_instance/genblk1_7__mac_col_inst/mac_8in_instance/product6[1]  
    mac_array_instance/genblk1_7__mac_col_inst/mac_8in_instance/product6[2]  
    mac_array_instance/genblk1_7__mac_col_inst/mac_8in_instance/product6[3]  
    mac_array_instance/genblk1_7__mac_col_inst/mac_8in_instance/product6[4]  
    mac_array_instance/genblk1_7__mac_col_inst/mac_8in_instance/product6[5]  
    mac_array_instance/genblk1_7__mac_col_inst/mac_8in_instance/product6[6]  
    mac_array_instance/genblk1_7__mac_col_inst/mac_8in_instance/product6[7]  
    mac_array_instance/genblk1_7__mac_col_inst/mac_8in_instance/product6[8]  
    mac_array_instance/genblk1_7__mac_col_inst/mac_8in_instance/product6[9]  
    mac_array_instance/genblk1_7__mac_col_inst/mac_8in_instance/product6[10]  
    mac_array_instance/genblk1_7__mac_col_inst/mac_8in_instance/product6[11]  
    mac_array_instance/genblk1_7__mac_col_inst/mac_8in_instance/product6[12]  
    mac_array_instance/genblk1_7__mac_col_inst/mac_8in_instance/product6[13]  
    mac_array_instance/genblk1_7__mac_col_inst/mac_8in_instance/product6[14]  
    mac_array_instance/genblk1_7__mac_col_inst/mac_8in_instance/product6[15]  
    mac_array_instance/genblk1_7__mac_col_inst/mac_8in_instance/product5[0]  
    mac_array_instance/genblk1_7__mac_col_inst/mac_8in_instance/product5[1]  
    mac_array_instance/genblk1_7__mac_col_inst/mac_8in_instance/product5[2]  
    mac_array_instance/genblk1_7__mac_col_inst/mac_8in_instance/product5[3]  
    mac_array_instance/genblk1_7__mac_col_inst/mac_8in_instance/product5[4]  
    mac_array_instance/genblk1_7__mac_col_inst/mac_8in_instance/product5[5]  
    mac_array_instance/genblk1_7__mac_col_inst/mac_8in_instance/product5[6]  
    mac_array_instance/genblk1_7__mac_col_inst/mac_8in_instance/product5[7]  
    mac_array_instance/genblk1_7__mac_col_inst/mac_8in_instance/product5[8]  
    mac_array_instance/genblk1_7__mac_col_inst/mac_8in_instance/product5[9]  
    mac_array_instance/genblk1_7__mac_col_inst/mac_8in_instance/product5[10]  
    mac_array_instance/genblk1_7__mac_col_inst/mac_8in_instance/product5[11]  
    mac_array_instance/genblk1_7__mac_col_inst/mac_8in_instance/product5[12]  
    mac_array_instance/genblk1_7__mac_col_inst/mac_8in_instance/product5[13]  
    mac_array_instance/genblk1_7__mac_col_inst/mac_8in_instance/product5[14]  
    mac_array_instance/genblk1_7__mac_col_inst/mac_8in_instance/product5[15]  
    mac_array_instance/genblk1_7__mac_col_inst/mac_8in_instance/product4[0]  
    mac_array_instance/genblk1_7__mac_col_inst/mac_8in_instance/product4[1]  
    mac_array_instance/genblk1_7__mac_col_inst/mac_8in_instance/product4[2]  
    mac_array_instance/genblk1_7__mac_col_inst/mac_8in_instance/product4[3]  
    mac_array_instance/genblk1_7__mac_col_inst/mac_8in_instance/product4[4]  
    mac_array_instance/genblk1_7__mac_col_inst/mac_8in_instance/product4[5]  
    mac_array_instance/genblk1_7__mac_col_inst/mac_8in_instance/product4[6]  
    mac_array_instance/genblk1_7__mac_col_inst/mac_8in_instance/product4[7]  
    mac_array_instance/genblk1_7__mac_col_inst/mac_8in_instance/product4[8]  
    mac_array_instance/genblk1_7__mac_col_inst/mac_8in_instance/product4[9]  
    mac_array_instance/genblk1_7__mac_col_inst/mac_8in_instance/product4[10]  
    mac_array_instance/genblk1_7__mac_col_inst/mac_8in_instance/product4[11]  
    mac_array_instance/genblk1_7__mac_col_inst/mac_8in_instance/product4[12]  
    mac_array_instance/genblk1_7__mac_col_inst/mac_8in_instance/product4[13]  
    mac_array_instance/genblk1_7__mac_col_inst/mac_8in_instance/product4[14]  
    mac_array_instance/genblk1_7__mac_col_inst/mac_8in_instance/product4[15]  
    mac_array_instance/genblk1_7__mac_col_inst/mac_8in_instance/product3[0]  
    mac_array_instance/genblk1_7__mac_col_inst/mac_8in_instance/product3[1]  
    mac_array_instance/genblk1_7__mac_col_inst/mac_8in_instance/product3[2]  
    mac_array_instance/genblk1_7__mac_col_inst/mac_8in_instance/product3[3]  
    mac_array_instance/genblk1_7__mac_col_inst/mac_8in_instance/product3[4]  
    mac_array_instance/genblk1_7__mac_col_inst/mac_8in_instance/product3[5]  
    mac_array_instance/genblk1_7__mac_col_inst/mac_8in_instance/product3[6]  
    mac_array_instance/genblk1_7__mac_col_inst/mac_8in_instance/product3[7]  
    mac_array_instance/genblk1_7__mac_col_inst/mac_8in_instance/product3[8]  
    mac_array_instance/genblk1_7__mac_col_inst/mac_8in_instance/product3[9]  
    mac_array_instance/genblk1_7__mac_col_inst/mac_8in_instance/product3[10]  
    mac_array_instance/genblk1_7__mac_col_inst/mac_8in_instance/product3[11]  
    mac_array_instance/genblk1_7__mac_col_inst/mac_8in_instance/product3[12]  
    mac_array_instance/genblk1_7__mac_col_inst/mac_8in_instance/product3[13]  
    mac_array_instance/genblk1_7__mac_col_inst/mac_8in_instance/product3[14]  
    mac_array_instance/genblk1_7__mac_col_inst/mac_8in_instance/product3[15]  
    mac_array_instance/genblk1_7__mac_col_inst/mac_8in_instance/product2[0]  
    mac_array_instance/genblk1_7__mac_col_inst/mac_8in_instance/product2[1]  
    mac_array_instance/genblk1_7__mac_col_inst/mac_8in_instance/product2[2]  
    mac_array_instance/genblk1_7__mac_col_inst/mac_8in_instance/product2[3]  
    mac_array_instance/genblk1_7__mac_col_inst/mac_8in_instance/product2[4]  
    mac_array_instance/genblk1_7__mac_col_inst/mac_8in_instance/product2[5]  
    mac_array_instance/genblk1_7__mac_col_inst/mac_8in_instance/product2[6]  
    mac_array_instance/genblk1_7__mac_col_inst/mac_8in_instance/product2[7]  
    mac_array_instance/genblk1_7__mac_col_inst/mac_8in_instance/product2[8]  
    mac_array_instance/genblk1_7__mac_col_inst/mac_8in_instance/product2[9]  
    mac_array_instance/genblk1_7__mac_col_inst/mac_8in_instance/product2[10]  
    mac_array_instance/genblk1_7__mac_col_inst/mac_8in_instance/product2[11]  
    mac_array_instance/genblk1_7__mac_col_inst/mac_8in_instance/product2[12]  
    mac_array_instance/genblk1_7__mac_col_inst/mac_8in_instance/product2[13]  
    mac_array_instance/genblk1_7__mac_col_inst/mac_8in_instance/product2[14]  
    mac_array_instance/genblk1_7__mac_col_inst/mac_8in_instance/product2[15]  
    mac_array_instance/genblk1_7__mac_col_inst/mac_8in_instance/product1[0]  
    mac_array_instance/genblk1_7__mac_col_inst/mac_8in_instance/product1[1]  
    mac_array_instance/genblk1_7__mac_col_inst/mac_8in_instance/product1[2]  
    mac_array_instance/genblk1_7__mac_col_inst/mac_8in_instance/product1[3]  
    mac_array_instance/genblk1_7__mac_col_inst/mac_8in_instance/product1[4]  
    mac_array_instance/genblk1_7__mac_col_inst/mac_8in_instance/product1[5]  
    mac_array_instance/genblk1_7__mac_col_inst/mac_8in_instance/product1[6]  
    mac_array_instance/genblk1_7__mac_col_inst/mac_8in_instance/product1[7]  
    mac_array_instance/genblk1_7__mac_col_inst/mac_8in_instance/product1[8]  
    mac_array_instance/genblk1_7__mac_col_inst/mac_8in_instance/product1[9]  
    mac_array_instance/genblk1_7__mac_col_inst/mac_8in_instance/product1[10]  
    mac_array_instance/genblk1_7__mac_col_inst/mac_8in_instance/product1[11]  
    mac_array_instance/genblk1_7__mac_col_inst/mac_8in_instance/product1[12]  
    mac_array_instance/genblk1_7__mac_col_inst/mac_8in_instance/product1[13]  
    mac_array_instance/genblk1_7__mac_col_inst/mac_8in_instance/product1[14]  
    mac_array_instance/genblk1_7__mac_col_inst/mac_8in_instance/product1[15]  
    mac_array_instance/genblk1_7__mac_col_inst/mac_8in_instance/product0[0]  
    mac_array_instance/genblk1_7__mac_col_inst/mac_8in_instance/product0[1]  
    mac_array_instance/genblk1_7__mac_col_inst/mac_8in_instance/product0[2]  
    mac_array_instance/genblk1_7__mac_col_inst/mac_8in_instance/product0[3]  
    mac_array_instance/genblk1_7__mac_col_inst/mac_8in_instance/product0[4]  
    mac_array_instance/genblk1_7__mac_col_inst/mac_8in_instance/product0[5]  
    mac_array_instance/genblk1_7__mac_col_inst/mac_8in_instance/product0[6]  
    mac_array_instance/genblk1_7__mac_col_inst/mac_8in_instance/product0[7]  
    mac_array_instance/genblk1_7__mac_col_inst/mac_8in_instance/product0[8]  
    mac_array_instance/genblk1_7__mac_col_inst/mac_8in_instance/product0[9]  
    mac_array_instance/genblk1_7__mac_col_inst/mac_8in_instance/product0[10]  
    mac_array_instance/genblk1_7__mac_col_inst/mac_8in_instance/product0[11]  
    mac_array_instance/genblk1_7__mac_col_inst/mac_8in_instance/product0[12]  
    mac_array_instance/genblk1_7__mac_col_inst/mac_8in_instance/product0[13]  
    mac_array_instance/genblk1_7__mac_col_inst/mac_8in_instance/product0[14]  
    mac_array_instance/genblk1_7__mac_col_inst/mac_8in_instance/product0[15]  
    mac_array_instance/genblk1_7__mac_col_inst/mac_8in_instance/n867  
    mac_array_instance/genblk1_7__mac_col_inst/mac_8in_instance/n866  
    mac_array_instance/genblk1_7__mac_col_inst/mac_8in_instance/n865  
    mac_array_instance/genblk1_7__mac_col_inst/mac_8in_instance/n864  
    mac_array_instance/genblk1_7__mac_col_inst/mac_8in_instance/n863  
    mac_array_instance/genblk1_7__mac_col_inst/mac_8in_instance/n862  
    mac_array_instance/genblk1_7__mac_col_inst/mac_8in_instance/n861  
    mac_array_instance/genblk1_7__mac_col_inst/mac_8in_instance/n860  
    mac_array_instance/genblk1_7__mac_col_inst/mac_8in_instance/n859  
    mac_array_instance/genblk1_7__mac_col_inst/mac_8in_instance/n858  
    mac_array_instance/genblk1_7__mac_col_inst/mac_8in_instance/n857  
    mac_array_instance/genblk1_7__mac_col_inst/mac_8in_instance/n856  
    mac_array_instance/genblk1_7__mac_col_inst/mac_8in_instance/n855  
    mac_array_instance/genblk1_7__mac_col_inst/mac_8in_instance/n854  
    mac_array_instance/genblk1_7__mac_col_inst/mac_8in_instance/n853  
    mac_array_instance/genblk1_7__mac_col_inst/mac_8in_instance/n852  
    mac_array_instance/genblk1_7__mac_col_inst/mac_8in_instance/n851  
    mac_array_instance/genblk1_7__mac_col_inst/mac_8in_instance/n850  
    mac_array_instance/genblk1_7__mac_col_inst/mac_8in_instance/n849  
    mac_array_instance/genblk1_7__mac_col_inst/mac_8in_instance/n848  
    mac_array_instance/genblk1_7__mac_col_inst/mac_8in_instance/n847  
    mac_array_instance/genblk1_7__mac_col_inst/mac_8in_instance/n846  
    mac_array_instance/genblk1_7__mac_col_inst/mac_8in_instance/n845  
    mac_array_instance/genblk1_7__mac_col_inst/mac_8in_instance/n844  
    mac_array_instance/genblk1_7__mac_col_inst/mac_8in_instance/n843  
    mac_array_instance/genblk1_7__mac_col_inst/mac_8in_instance/n842  
    mac_array_instance/genblk1_7__mac_col_inst/mac_8in_instance/n841  
    mac_array_instance/genblk1_7__mac_col_inst/mac_8in_instance/n840  
    mac_array_instance/genblk1_7__mac_col_inst/mac_8in_instance/n839  
    mac_array_instance/genblk1_7__mac_col_inst/mac_8in_instance/n838  
    mac_array_instance/genblk1_7__mac_col_inst/mac_8in_instance/n837  
    mac_array_instance/genblk1_7__mac_col_inst/mac_8in_instance/n836  
    mac_array_instance/genblk1_7__mac_col_inst/mac_8in_instance/n835  
    mac_array_instance/genblk1_7__mac_col_inst/mac_8in_instance/n834  
    mac_array_instance/genblk1_7__mac_col_inst/mac_8in_instance/n833  
    mac_array_instance/genblk1_7__mac_col_inst/mac_8in_instance/n832  
    mac_array_instance/genblk1_7__mac_col_inst/mac_8in_instance/n831  
    mac_array_instance/genblk1_7__mac_col_inst/mac_8in_instance/n830  
    mac_array_instance/genblk1_7__mac_col_inst/mac_8in_instance/n829  
    mac_array_instance/genblk1_7__mac_col_inst/mac_8in_instance/n828  
    mac_array_instance/genblk1_7__mac_col_inst/mac_8in_instance/n827  
    mac_array_instance/genblk1_7__mac_col_inst/mac_8in_instance/n826  
    mac_array_instance/genblk1_7__mac_col_inst/mac_8in_instance/n825  
    mac_array_instance/genblk1_7__mac_col_inst/mac_8in_instance/n824  
    mac_array_instance/genblk1_7__mac_col_inst/mac_8in_instance/n823  
    mac_array_instance/genblk1_7__mac_col_inst/mac_8in_instance/n822  
    mac_array_instance/genblk1_7__mac_col_inst/mac_8in_instance/n821  
    mac_array_instance/genblk1_7__mac_col_inst/mac_8in_instance/n820  
    mac_array_instance/genblk1_7__mac_col_inst/mac_8in_instance/n819  
    mac_array_instance/genblk1_7__mac_col_inst/mac_8in_instance/n818  
    mac_array_instance/genblk1_7__mac_col_inst/mac_8in_instance/n817  
    mac_array_instance/genblk1_7__mac_col_inst/mac_8in_instance/n816  
    mac_array_instance/genblk1_7__mac_col_inst/mac_8in_instance/n815  
    mac_array_instance/genblk1_7__mac_col_inst/mac_8in_instance/n814  
    mac_array_instance/genblk1_7__mac_col_inst/mac_8in_instance/n813  
    mac_array_instance/genblk1_7__mac_col_inst/mac_8in_instance/n812  
    mac_array_instance/genblk1_7__mac_col_inst/mac_8in_instance/n811  
    mac_array_instance/genblk1_7__mac_col_inst/mac_8in_instance/n810  
    mac_array_instance/genblk1_7__mac_col_inst/mac_8in_instance/n809  
    mac_array_instance/genblk1_7__mac_col_inst/mac_8in_instance/n808  
    mac_array_instance/genblk1_7__mac_col_inst/mac_8in_instance/n807  
    mac_array_instance/genblk1_7__mac_col_inst/mac_8in_instance/n806  
    mac_array_instance/genblk1_7__mac_col_inst/mac_8in_instance/n805  
    mac_array_instance/genblk1_7__mac_col_inst/mac_8in_instance/n804  
    mac_array_instance/genblk1_7__mac_col_inst/mac_8in_instance/n803  
    mac_array_instance/genblk1_7__mac_col_inst/mac_8in_instance/n802  
    mac_array_instance/genblk1_7__mac_col_inst/mac_8in_instance/n801  
    mac_array_instance/genblk1_7__mac_col_inst/mac_8in_instance/n800  
    mac_array_instance/genblk1_7__mac_col_inst/mac_8in_instance/n799  
    mac_array_instance/genblk1_7__mac_col_inst/mac_8in_instance/n798  
    mac_array_instance/genblk1_7__mac_col_inst/mac_8in_instance/n797  
    mac_array_instance/genblk1_7__mac_col_inst/mac_8in_instance/n796  
    mac_array_instance/genblk1_7__mac_col_inst/mac_8in_instance/n795  
    mac_array_instance/genblk1_7__mac_col_inst/mac_8in_instance/n794  
    mac_array_instance/genblk1_7__mac_col_inst/mac_8in_instance/n793  
    mac_array_instance/genblk1_7__mac_col_inst/mac_8in_instance/n792  
    mac_array_instance/genblk1_7__mac_col_inst/mac_8in_instance/n791  
    mac_array_instance/genblk1_7__mac_col_inst/mac_8in_instance/n790  
    mac_array_instance/genblk1_7__mac_col_inst/mac_8in_instance/n789  
    mac_array_instance/genblk1_7__mac_col_inst/mac_8in_instance/n788  
    mac_array_instance/genblk1_7__mac_col_inst/mac_8in_instance/n787  
    mac_array_instance/genblk1_7__mac_col_inst/mac_8in_instance/n786  
    mac_array_instance/genblk1_7__mac_col_inst/mac_8in_instance/n785  
    mac_array_instance/genblk1_7__mac_col_inst/mac_8in_instance/n784  
    mac_array_instance/genblk1_7__mac_col_inst/mac_8in_instance/n783  
    mac_array_instance/genblk1_7__mac_col_inst/mac_8in_instance/n782  
    mac_array_instance/genblk1_7__mac_col_inst/mac_8in_instance/n781  
    mac_array_instance/genblk1_7__mac_col_inst/mac_8in_instance/n780  
    mac_array_instance/genblk1_7__mac_col_inst/mac_8in_instance/n779  
    mac_array_instance/genblk1_7__mac_col_inst/mac_8in_instance/n778  
    mac_array_instance/genblk1_7__mac_col_inst/mac_8in_instance/n777  
    mac_array_instance/genblk1_7__mac_col_inst/mac_8in_instance/n776  
    mac_array_instance/genblk1_7__mac_col_inst/mac_8in_instance/n775  
    mac_array_instance/genblk1_7__mac_col_inst/mac_8in_instance/n774  
    mac_array_instance/genblk1_7__mac_col_inst/mac_8in_instance/n773  
    mac_array_instance/genblk1_7__mac_col_inst/mac_8in_instance/n772  
    mac_array_instance/genblk1_7__mac_col_inst/mac_8in_instance/n771  
    mac_array_instance/genblk1_7__mac_col_inst/mac_8in_instance/n770  
    mac_array_instance/genblk1_7__mac_col_inst/mac_8in_instance/n769  
    mac_array_instance/genblk1_7__mac_col_inst/mac_8in_instance/n768  
    mac_array_instance/genblk1_7__mac_col_inst/mac_8in_instance/n767  
    mac_array_instance/genblk1_7__mac_col_inst/mac_8in_instance/n766  
    mac_array_instance/genblk1_7__mac_col_inst/mac_8in_instance/n765  
    mac_array_instance/genblk1_7__mac_col_inst/mac_8in_instance/n764  
    mac_array_instance/genblk1_7__mac_col_inst/mac_8in_instance/n763  
    mac_array_instance/genblk1_7__mac_col_inst/mac_8in_instance/n762  
    mac_array_instance/genblk1_7__mac_col_inst/mac_8in_instance/n761  
    mac_array_instance/genblk1_7__mac_col_inst/mac_8in_instance/n760  
    mac_array_instance/genblk1_7__mac_col_inst/mac_8in_instance/n759  
    mac_array_instance/genblk1_7__mac_col_inst/mac_8in_instance/n758  
    mac_array_instance/genblk1_7__mac_col_inst/mac_8in_instance/n757  
    mac_array_instance/genblk1_7__mac_col_inst/mac_8in_instance/n756  
    mac_array_instance/genblk1_7__mac_col_inst/mac_8in_instance/n755  
    mac_array_instance/genblk1_7__mac_col_inst/mac_8in_instance/n754  
    mac_array_instance/genblk1_7__mac_col_inst/mac_8in_instance/n753  
    mac_array_instance/genblk1_7__mac_col_inst/mac_8in_instance/n752  
    mac_array_instance/genblk1_7__mac_col_inst/mac_8in_instance/n751  
    mac_array_instance/genblk1_7__mac_col_inst/mac_8in_instance/n750  
    mac_array_instance/genblk1_7__mac_col_inst/mac_8in_instance/n749  
    mac_array_instance/genblk1_7__mac_col_inst/mac_8in_instance/n748  
    mac_array_instance/genblk1_7__mac_col_inst/mac_8in_instance/n747  
    mac_array_instance/genblk1_7__mac_col_inst/mac_8in_instance/n746  
    mac_array_instance/genblk1_7__mac_col_inst/mac_8in_instance/n745  
    mac_array_instance/genblk1_7__mac_col_inst/mac_8in_instance/n744  
    mac_array_instance/genblk1_7__mac_col_inst/mac_8in_instance/n743  
    mac_array_instance/genblk1_7__mac_col_inst/mac_8in_instance/n742  
    mac_array_instance/genblk1_7__mac_col_inst/mac_8in_instance/n741  
    mac_array_instance/genblk1_7__mac_col_inst/mac_8in_instance/n740  
    mac_array_instance/genblk1_7__mac_col_inst/mac_8in_instance/n739  
    mac_array_instance/genblk1_7__mac_col_inst/mac_8in_instance/n738  
    mac_array_instance/genblk1_7__mac_col_inst/mac_8in_instance/n737  
    mac_array_instance/genblk1_7__mac_col_inst/mac_8in_instance/n736  
    mac_array_instance/genblk1_7__mac_col_inst/mac_8in_instance/n735  
    mac_array_instance/genblk1_7__mac_col_inst/mac_8in_instance/n734  
    mac_array_instance/genblk1_7__mac_col_inst/mac_8in_instance/n733  
    mac_array_instance/genblk1_7__mac_col_inst/mac_8in_instance/n732  
    mac_array_instance/genblk1_7__mac_col_inst/mac_8in_instance/n731  
    mac_array_instance/genblk1_7__mac_col_inst/mac_8in_instance/n730  
    mac_array_instance/genblk1_7__mac_col_inst/mac_8in_instance/n729  
    mac_array_instance/genblk1_7__mac_col_inst/mac_8in_instance/n728  
    mac_array_instance/genblk1_7__mac_col_inst/mac_8in_instance/n727  
    mac_array_instance/genblk1_7__mac_col_inst/mac_8in_instance/n726  
    mac_array_instance/genblk1_7__mac_col_inst/mac_8in_instance/n725  
    mac_array_instance/genblk1_7__mac_col_inst/mac_8in_instance/n724  
    mac_array_instance/genblk1_7__mac_col_inst/mac_8in_instance/n723  
    mac_array_instance/genblk1_7__mac_col_inst/mac_8in_instance/n722  
    mac_array_instance/genblk1_7__mac_col_inst/mac_8in_instance/n721  
    mac_array_instance/genblk1_7__mac_col_inst/mac_8in_instance/n720  
    mac_array_instance/genblk1_7__mac_col_inst/mac_8in_instance/n719  
    mac_array_instance/genblk1_7__mac_col_inst/mac_8in_instance/n718  
    mac_array_instance/genblk1_7__mac_col_inst/mac_8in_instance/n717  
    mac_array_instance/genblk1_7__mac_col_inst/mac_8in_instance/n716  
    mac_array_instance/genblk1_7__mac_col_inst/mac_8in_instance/n715  
    mac_array_instance/genblk1_7__mac_col_inst/mac_8in_instance/n714  
    mac_array_instance/genblk1_7__mac_col_inst/mac_8in_instance/n713  
    mac_array_instance/genblk1_7__mac_col_inst/mac_8in_instance/n712  
    mac_array_instance/genblk1_7__mac_col_inst/mac_8in_instance/n711  
    mac_array_instance/genblk1_7__mac_col_inst/mac_8in_instance/n710  
    mac_array_instance/genblk1_7__mac_col_inst/mac_8in_instance/n709  
    mac_array_instance/genblk1_7__mac_col_inst/mac_8in_instance/n708  
    mac_array_instance/genblk1_7__mac_col_inst/mac_8in_instance/n707  
    mac_array_instance/genblk1_7__mac_col_inst/mac_8in_instance/n706  
    mac_array_instance/genblk1_7__mac_col_inst/mac_8in_instance/n705  
    mac_array_instance/genblk1_7__mac_col_inst/mac_8in_instance/n704  
    mac_array_instance/genblk1_7__mac_col_inst/mac_8in_instance/n703  
    mac_array_instance/genblk1_7__mac_col_inst/mac_8in_instance/n702  
    mac_array_instance/genblk1_7__mac_col_inst/mac_8in_instance/n701  
    mac_array_instance/genblk1_7__mac_col_inst/mac_8in_instance/n700  
    mac_array_instance/genblk1_7__mac_col_inst/mac_8in_instance/n699  
    mac_array_instance/genblk1_7__mac_col_inst/mac_8in_instance/n698  
    mac_array_instance/genblk1_7__mac_col_inst/mac_8in_instance/n697  
    mac_array_instance/genblk1_7__mac_col_inst/mac_8in_instance/n696  
    mac_array_instance/genblk1_7__mac_col_inst/mac_8in_instance/n695  
    mac_array_instance/genblk1_7__mac_col_inst/mac_8in_instance/n694  
    mac_array_instance/genblk1_7__mac_col_inst/mac_8in_instance/n693  
    mac_array_instance/genblk1_7__mac_col_inst/mac_8in_instance/n692  
    mac_array_instance/genblk1_7__mac_col_inst/mac_8in_instance/n691  
    mac_array_instance/genblk1_7__mac_col_inst/mac_8in_instance/n690  
    mac_array_instance/genblk1_7__mac_col_inst/mac_8in_instance/n689  
    mac_array_instance/genblk1_7__mac_col_inst/mac_8in_instance/n688  
    mac_array_instance/genblk1_7__mac_col_inst/mac_8in_instance/n687  
    mac_array_instance/genblk1_7__mac_col_inst/mac_8in_instance/n686  
    mac_array_instance/genblk1_7__mac_col_inst/mac_8in_instance/n685  
    mac_array_instance/genblk1_7__mac_col_inst/mac_8in_instance/n684  
    mac_array_instance/genblk1_7__mac_col_inst/mac_8in_instance/n683  
    mac_array_instance/genblk1_7__mac_col_inst/mac_8in_instance/n682  
    mac_array_instance/genblk1_7__mac_col_inst/mac_8in_instance/n681  
    mac_array_instance/genblk1_7__mac_col_inst/mac_8in_instance/n680  
    mac_array_instance/genblk1_7__mac_col_inst/mac_8in_instance/n679  
    mac_array_instance/genblk1_7__mac_col_inst/mac_8in_instance/n678  
    mac_array_instance/genblk1_7__mac_col_inst/mac_8in_instance/n677  
    mac_array_instance/genblk1_7__mac_col_inst/mac_8in_instance/n676  
    mac_array_instance/genblk1_7__mac_col_inst/mac_8in_instance/n675  
    mac_array_instance/genblk1_7__mac_col_inst/mac_8in_instance/n674  
    mac_array_instance/genblk1_7__mac_col_inst/mac_8in_instance/n673  
    mac_array_instance/genblk1_7__mac_col_inst/mac_8in_instance/n672  
    mac_array_instance/genblk1_7__mac_col_inst/mac_8in_instance/n671  
    mac_array_instance/genblk1_7__mac_col_inst/mac_8in_instance/n670  
    mac_array_instance/genblk1_7__mac_col_inst/mac_8in_instance/n669  
    mac_array_instance/genblk1_7__mac_col_inst/mac_8in_instance/n668  
    mac_array_instance/genblk1_7__mac_col_inst/mac_8in_instance/n667  
    mac_array_instance/genblk1_7__mac_col_inst/mac_8in_instance/n666  
    mac_array_instance/genblk1_7__mac_col_inst/mac_8in_instance/n665  
    mac_array_instance/genblk1_7__mac_col_inst/mac_8in_instance/n664  
    mac_array_instance/genblk1_7__mac_col_inst/mac_8in_instance/n663  
    mac_array_instance/genblk1_7__mac_col_inst/mac_8in_instance/n662  
    mac_array_instance/genblk1_7__mac_col_inst/mac_8in_instance/n661  
    mac_array_instance/genblk1_7__mac_col_inst/mac_8in_instance/n660  
    mac_array_instance/genblk1_7__mac_col_inst/mac_8in_instance/n659  
    mac_array_instance/genblk1_7__mac_col_inst/mac_8in_instance/n658  
    mac_array_instance/genblk1_7__mac_col_inst/mac_8in_instance/n657  
    mac_array_instance/genblk1_7__mac_col_inst/mac_8in_instance/n656  
    mac_array_instance/genblk1_7__mac_col_inst/mac_8in_instance/n655  
    mac_array_instance/genblk1_7__mac_col_inst/mac_8in_instance/n654  
    mac_array_instance/genblk1_7__mac_col_inst/mac_8in_instance/n653  
    mac_array_instance/genblk1_7__mac_col_inst/mac_8in_instance/n652  
    mac_array_instance/genblk1_7__mac_col_inst/mac_8in_instance/n651  
    mac_array_instance/genblk1_7__mac_col_inst/mac_8in_instance/n650  
    mac_array_instance/genblk1_7__mac_col_inst/mac_8in_instance/n649  
    mac_array_instance/genblk1_7__mac_col_inst/mac_8in_instance/n648  
    mac_array_instance/genblk1_7__mac_col_inst/mac_8in_instance/n647  
    mac_array_instance/genblk1_7__mac_col_inst/mac_8in_instance/n646  
    mac_array_instance/genblk1_7__mac_col_inst/mac_8in_instance/n645  
    mac_array_instance/genblk1_7__mac_col_inst/mac_8in_instance/n644  
    mac_array_instance/genblk1_7__mac_col_inst/mac_8in_instance/n643  
    mac_array_instance/genblk1_7__mac_col_inst/mac_8in_instance/n642  
    mac_array_instance/genblk1_7__mac_col_inst/mac_8in_instance/n641  
    mac_array_instance/genblk1_7__mac_col_inst/mac_8in_instance/n640  
    mac_array_instance/genblk1_7__mac_col_inst/mac_8in_instance/n639  
    mac_array_instance/genblk1_7__mac_col_inst/mac_8in_instance/n638  
    mac_array_instance/genblk1_7__mac_col_inst/mac_8in_instance/n637  
    mac_array_instance/genblk1_7__mac_col_inst/mac_8in_instance/n636  
    mac_array_instance/genblk1_7__mac_col_inst/mac_8in_instance/n635  
    mac_array_instance/genblk1_7__mac_col_inst/mac_8in_instance/n634  
    mac_array_instance/genblk1_7__mac_col_inst/mac_8in_instance/n633  
    mac_array_instance/genblk1_7__mac_col_inst/mac_8in_instance/n632  
    mac_array_instance/genblk1_7__mac_col_inst/mac_8in_instance/n631  
    mac_array_instance/genblk1_7__mac_col_inst/mac_8in_instance/n630  
    mac_array_instance/genblk1_7__mac_col_inst/mac_8in_instance/n629  
    mac_array_instance/genblk1_7__mac_col_inst/mac_8in_instance/n628  
    mac_array_instance/genblk1_7__mac_col_inst/mac_8in_instance/n627  
    mac_array_instance/genblk1_7__mac_col_inst/mac_8in_instance/n626  
    mac_array_instance/genblk1_7__mac_col_inst/mac_8in_instance/n625  
    mac_array_instance/genblk1_7__mac_col_inst/mac_8in_instance/n624  
    mac_array_instance/genblk1_7__mac_col_inst/mac_8in_instance/n623  
    mac_array_instance/genblk1_7__mac_col_inst/mac_8in_instance/n622  
    mac_array_instance/genblk1_7__mac_col_inst/mac_8in_instance/n621  
    mac_array_instance/genblk1_7__mac_col_inst/mac_8in_instance/n620  
    mac_array_instance/genblk1_7__mac_col_inst/mac_8in_instance/n619  
    mac_array_instance/genblk1_7__mac_col_inst/mac_8in_instance/n618  
    mac_array_instance/genblk1_7__mac_col_inst/mac_8in_instance/n617  
    mac_array_instance/genblk1_7__mac_col_inst/mac_8in_instance/n616  
    mac_array_instance/genblk1_7__mac_col_inst/mac_8in_instance/n615  
    mac_array_instance/genblk1_7__mac_col_inst/mac_8in_instance/n614  
    mac_array_instance/genblk1_7__mac_col_inst/mac_8in_instance/n613  
    mac_array_instance/genblk1_7__mac_col_inst/mac_8in_instance/n612  
    mac_array_instance/genblk1_7__mac_col_inst/mac_8in_instance/n611  
    mac_array_instance/genblk1_7__mac_col_inst/mac_8in_instance/n610  
    mac_array_instance/genblk1_7__mac_col_inst/mac_8in_instance/n609  
    mac_array_instance/genblk1_7__mac_col_inst/mac_8in_instance/n608  
    mac_array_instance/genblk1_7__mac_col_inst/mac_8in_instance/n607  
    mac_array_instance/genblk1_7__mac_col_inst/mac_8in_instance/n606  
    mac_array_instance/genblk1_7__mac_col_inst/mac_8in_instance/n605  
    mac_array_instance/genblk1_7__mac_col_inst/mac_8in_instance/n604  
    mac_array_instance/genblk1_7__mac_col_inst/mac_8in_instance/n603  
    mac_array_instance/genblk1_7__mac_col_inst/mac_8in_instance/n602  
    mac_array_instance/genblk1_7__mac_col_inst/mac_8in_instance/n601  
    mac_array_instance/genblk1_7__mac_col_inst/mac_8in_instance/n600  
    mac_array_instance/genblk1_7__mac_col_inst/mac_8in_instance/n599  
    mac_array_instance/genblk1_7__mac_col_inst/mac_8in_instance/n598  
    mac_array_instance/genblk1_7__mac_col_inst/mac_8in_instance/n597  
    mac_array_instance/genblk1_7__mac_col_inst/mac_8in_instance/n596  
    mac_array_instance/genblk1_7__mac_col_inst/mac_8in_instance/n595  
    mac_array_instance/genblk1_7__mac_col_inst/mac_8in_instance/n594  
    mac_array_instance/genblk1_7__mac_col_inst/mac_8in_instance/n593  
    mac_array_instance/genblk1_7__mac_col_inst/mac_8in_instance/n592  
    mac_array_instance/genblk1_7__mac_col_inst/mac_8in_instance/n591  
    mac_array_instance/genblk1_7__mac_col_inst/mac_8in_instance/n590  
    mac_array_instance/genblk1_7__mac_col_inst/mac_8in_instance/n589  
    mac_array_instance/genblk1_7__mac_col_inst/mac_8in_instance/n588  
    mac_array_instance/genblk1_7__mac_col_inst/mac_8in_instance/n587  
    mac_array_instance/genblk1_7__mac_col_inst/mac_8in_instance/n586  
    mac_array_instance/genblk1_7__mac_col_inst/mac_8in_instance/n585  
    mac_array_instance/genblk1_7__mac_col_inst/mac_8in_instance/n584  
    mac_array_instance/genblk1_7__mac_col_inst/mac_8in_instance/n583  
    mac_array_instance/genblk1_7__mac_col_inst/mac_8in_instance/n582  
    mac_array_instance/genblk1_7__mac_col_inst/mac_8in_instance/n581  
    mac_array_instance/genblk1_7__mac_col_inst/mac_8in_instance/n580  
    mac_array_instance/genblk1_7__mac_col_inst/mac_8in_instance/n579  
    mac_array_instance/genblk1_7__mac_col_inst/mac_8in_instance/n578  
    mac_array_instance/genblk1_7__mac_col_inst/mac_8in_instance/n577  
    mac_array_instance/genblk1_7__mac_col_inst/mac_8in_instance/n576  
    mac_array_instance/genblk1_7__mac_col_inst/mac_8in_instance/n575  
    mac_array_instance/genblk1_7__mac_col_inst/mac_8in_instance/n574  
    mac_array_instance/genblk1_7__mac_col_inst/mac_8in_instance/n573  
    mac_array_instance/genblk1_7__mac_col_inst/mac_8in_instance/n572  
    mac_array_instance/genblk1_7__mac_col_inst/mac_8in_instance/n571  
    mac_array_instance/genblk1_7__mac_col_inst/mac_8in_instance/n570  
    mac_array_instance/genblk1_7__mac_col_inst/mac_8in_instance/n569  
    mac_array_instance/genblk1_7__mac_col_inst/mac_8in_instance/n568  
    mac_array_instance/genblk1_7__mac_col_inst/mac_8in_instance/n567  
    mac_array_instance/genblk1_7__mac_col_inst/mac_8in_instance/n566  
    mac_array_instance/genblk1_7__mac_col_inst/mac_8in_instance/n565  
    mac_array_instance/genblk1_7__mac_col_inst/mac_8in_instance/n564  
    mac_array_instance/genblk1_7__mac_col_inst/mac_8in_instance/n563  
    mac_array_instance/genblk1_7__mac_col_inst/mac_8in_instance/n562  
    mac_array_instance/genblk1_7__mac_col_inst/mac_8in_instance/n561  
    mac_array_instance/genblk1_7__mac_col_inst/mac_8in_instance/n560  
    mac_array_instance/genblk1_7__mac_col_inst/mac_8in_instance/n559  
    mac_array_instance/genblk1_7__mac_col_inst/mac_8in_instance/n558  
    mac_array_instance/genblk1_7__mac_col_inst/mac_8in_instance/n557  
    mac_array_instance/genblk1_7__mac_col_inst/mac_8in_instance/n556  
    mac_array_instance/genblk1_7__mac_col_inst/mac_8in_instance/n555  
    mac_array_instance/genblk1_7__mac_col_inst/mac_8in_instance/n554  
    mac_array_instance/genblk1_7__mac_col_inst/mac_8in_instance/n553  
    mac_array_instance/genblk1_7__mac_col_inst/mac_8in_instance/n552  
    mac_array_instance/genblk1_7__mac_col_inst/mac_8in_instance/n551  
    mac_array_instance/genblk1_7__mac_col_inst/mac_8in_instance/n550  
    mac_array_instance/genblk1_7__mac_col_inst/mac_8in_instance/n549  
    mac_array_instance/genblk1_7__mac_col_inst/mac_8in_instance/n548  
    mac_array_instance/genblk1_7__mac_col_inst/mac_8in_instance/n547  
    mac_array_instance/genblk1_7__mac_col_inst/mac_8in_instance/n546  
    mac_array_instance/genblk1_7__mac_col_inst/mac_8in_instance/n545  
    mac_array_instance/genblk1_7__mac_col_inst/mac_8in_instance/n544  
    mac_array_instance/genblk1_7__mac_col_inst/mac_8in_instance/n543  
    mac_array_instance/genblk1_7__mac_col_inst/mac_8in_instance/n542  
    mac_array_instance/genblk1_7__mac_col_inst/mac_8in_instance/n541  
    mac_array_instance/genblk1_7__mac_col_inst/mac_8in_instance/n540  
    mac_array_instance/genblk1_7__mac_col_inst/mac_8in_instance/n539  
    mac_array_instance/genblk1_7__mac_col_inst/mac_8in_instance/n538  
    mac_array_instance/genblk1_7__mac_col_inst/mac_8in_instance/n537  
    mac_array_instance/genblk1_7__mac_col_inst/mac_8in_instance/n536  
    mac_array_instance/genblk1_7__mac_col_inst/mac_8in_instance/n535  
    mac_array_instance/genblk1_7__mac_col_inst/mac_8in_instance/n534  
    mac_array_instance/genblk1_7__mac_col_inst/mac_8in_instance/n533  
    mac_array_instance/genblk1_7__mac_col_inst/mac_8in_instance/n532  
    mac_array_instance/genblk1_7__mac_col_inst/mac_8in_instance/n531  
    mac_array_instance/genblk1_7__mac_col_inst/mac_8in_instance/n530  
    mac_array_instance/genblk1_7__mac_col_inst/mac_8in_instance/n529  
    mac_array_instance/genblk1_7__mac_col_inst/mac_8in_instance/n528  
    mac_array_instance/genblk1_7__mac_col_inst/mac_8in_instance/n527  
    mac_array_instance/genblk1_7__mac_col_inst/mac_8in_instance/n526  
    mac_array_instance/genblk1_7__mac_col_inst/mac_8in_instance/n525  
    mac_array_instance/genblk1_7__mac_col_inst/mac_8in_instance/n524  
    mac_array_instance/genblk1_7__mac_col_inst/mac_8in_instance/n523  
    mac_array_instance/genblk1_7__mac_col_inst/mac_8in_instance/n522  
    mac_array_instance/genblk1_7__mac_col_inst/mac_8in_instance/n521  
    mac_array_instance/genblk1_7__mac_col_inst/mac_8in_instance/n520  
    mac_array_instance/genblk1_7__mac_col_inst/mac_8in_instance/n519  
    mac_array_instance/genblk1_7__mac_col_inst/mac_8in_instance/n518  
    mac_array_instance/genblk1_7__mac_col_inst/mac_8in_instance/n517  
    mac_array_instance/genblk1_7__mac_col_inst/mac_8in_instance/n516  
    mac_array_instance/genblk1_7__mac_col_inst/mac_8in_instance/n515  
    mac_array_instance/genblk1_7__mac_col_inst/mac_8in_instance/n514  
    mac_array_instance/genblk1_7__mac_col_inst/mac_8in_instance/n513  
    mac_array_instance/genblk1_7__mac_col_inst/mac_8in_instance/n512  
    mac_array_instance/genblk1_7__mac_col_inst/mac_8in_instance/n511  
    mac_array_instance/genblk1_7__mac_col_inst/mac_8in_instance/n510  
    mac_array_instance/genblk1_7__mac_col_inst/mac_8in_instance/n509  
    mac_array_instance/genblk1_7__mac_col_inst/mac_8in_instance/n508  
    mac_array_instance/genblk1_7__mac_col_inst/mac_8in_instance/n507  
    mac_array_instance/genblk1_7__mac_col_inst/mac_8in_instance/n506  
    mac_array_instance/genblk1_7__mac_col_inst/mac_8in_instance/n505  
    mac_array_instance/genblk1_7__mac_col_inst/mac_8in_instance/n504  
    mac_array_instance/genblk1_7__mac_col_inst/mac_8in_instance/n503  
    mac_array_instance/genblk1_7__mac_col_inst/mac_8in_instance/n502  
    mac_array_instance/genblk1_7__mac_col_inst/mac_8in_instance/n501  
    mac_array_instance/genblk1_7__mac_col_inst/mac_8in_instance/n500  
    mac_array_instance/genblk1_7__mac_col_inst/mac_8in_instance/n499  
    mac_array_instance/genblk1_7__mac_col_inst/mac_8in_instance/n498  
    mac_array_instance/genblk1_7__mac_col_inst/mac_8in_instance/n497  
    mac_array_instance/genblk1_7__mac_col_inst/mac_8in_instance/n496  
    mac_array_instance/genblk1_7__mac_col_inst/mac_8in_instance/n495  
    mac_array_instance/genblk1_7__mac_col_inst/mac_8in_instance/n494  
    mac_array_instance/genblk1_7__mac_col_inst/mac_8in_instance/n493  
    mac_array_instance/genblk1_7__mac_col_inst/mac_8in_instance/n492  
    mac_array_instance/genblk1_7__mac_col_inst/mac_8in_instance/n491  
    mac_array_instance/genblk1_7__mac_col_inst/mac_8in_instance/n490  
    mac_array_instance/genblk1_7__mac_col_inst/mac_8in_instance/n489  
    mac_array_instance/genblk1_7__mac_col_inst/mac_8in_instance/n488  
    mac_array_instance/genblk1_7__mac_col_inst/mac_8in_instance/n487  
    mac_array_instance/genblk1_7__mac_col_inst/mac_8in_instance/n486  
    mac_array_instance/genblk1_7__mac_col_inst/mac_8in_instance/n485  
    mac_array_instance/genblk1_7__mac_col_inst/mac_8in_instance/n484  
    mac_array_instance/genblk1_7__mac_col_inst/mac_8in_instance/n483  
    mac_array_instance/genblk1_7__mac_col_inst/mac_8in_instance/n482  
    mac_array_instance/genblk1_7__mac_col_inst/mac_8in_instance/n481  
    mac_array_instance/genblk1_7__mac_col_inst/mac_8in_instance/n480  
    mac_array_instance/genblk1_7__mac_col_inst/mac_8in_instance/n479  
    mac_array_instance/genblk1_7__mac_col_inst/mac_8in_instance/n478  
    mac_array_instance/genblk1_7__mac_col_inst/mac_8in_instance/n477  
    mac_array_instance/genblk1_7__mac_col_inst/mac_8in_instance/n476  
    mac_array_instance/genblk1_7__mac_col_inst/mac_8in_instance/n475  
    mac_array_instance/genblk1_7__mac_col_inst/mac_8in_instance/n474  
    mac_array_instance/genblk1_7__mac_col_inst/mac_8in_instance/n473  
    mac_array_instance/genblk1_7__mac_col_inst/mac_8in_instance/n472  
    mac_array_instance/genblk1_7__mac_col_inst/mac_8in_instance/n471  
    mac_array_instance/genblk1_7__mac_col_inst/mac_8in_instance/n470  
    mac_array_instance/genblk1_7__mac_col_inst/mac_8in_instance/n469  
    mac_array_instance/genblk1_7__mac_col_inst/mac_8in_instance/n468  
    mac_array_instance/genblk1_7__mac_col_inst/mac_8in_instance/n467  
    mac_array_instance/genblk1_7__mac_col_inst/mac_8in_instance/n466  
    mac_array_instance/genblk1_7__mac_col_inst/mac_8in_instance/n465  
    mac_array_instance/genblk1_7__mac_col_inst/mac_8in_instance/n464  
    mac_array_instance/genblk1_7__mac_col_inst/mac_8in_instance/n463  
    mac_array_instance/genblk1_7__mac_col_inst/mac_8in_instance/n462  
    mac_array_instance/genblk1_7__mac_col_inst/mac_8in_instance/n461  
    mac_array_instance/genblk1_7__mac_col_inst/mac_8in_instance/n460  
    mac_array_instance/genblk1_7__mac_col_inst/mac_8in_instance/n459  
    mac_array_instance/genblk1_7__mac_col_inst/mac_8in_instance/n458  
    mac_array_instance/genblk1_7__mac_col_inst/mac_8in_instance/n457  
    mac_array_instance/genblk1_7__mac_col_inst/mac_8in_instance/n456  
    mac_array_instance/genblk1_7__mac_col_inst/mac_8in_instance/n455  
    mac_array_instance/genblk1_7__mac_col_inst/mac_8in_instance/n454  
    mac_array_instance/genblk1_7__mac_col_inst/mac_8in_instance/n453  
    mac_array_instance/genblk1_7__mac_col_inst/mac_8in_instance/n452  
    mac_array_instance/genblk1_7__mac_col_inst/mac_8in_instance/n451  
    mac_array_instance/genblk1_7__mac_col_inst/mac_8in_instance/n450  
    mac_array_instance/genblk1_7__mac_col_inst/mac_8in_instance/n449  
    mac_array_instance/genblk1_7__mac_col_inst/mac_8in_instance/n448  
    mac_array_instance/genblk1_7__mac_col_inst/mac_8in_instance/n447  
    mac_array_instance/genblk1_7__mac_col_inst/mac_8in_instance/n446  
    mac_array_instance/genblk1_7__mac_col_inst/mac_8in_instance/n445  
    mac_array_instance/genblk1_7__mac_col_inst/mac_8in_instance/n444  
    mac_array_instance/genblk1_7__mac_col_inst/mac_8in_instance/n443  
    mac_array_instance/genblk1_7__mac_col_inst/mac_8in_instance/n442  
    mac_array_instance/genblk1_7__mac_col_inst/mac_8in_instance/n441  
    mac_array_instance/genblk1_7__mac_col_inst/mac_8in_instance/n440  
    mac_array_instance/genblk1_7__mac_col_inst/mac_8in_instance/n439  
    mac_array_instance/genblk1_7__mac_col_inst/mac_8in_instance/n438  
    mac_array_instance/genblk1_7__mac_col_inst/mac_8in_instance/n437  
    mac_array_instance/genblk1_7__mac_col_inst/mac_8in_instance/n436  
    mac_array_instance/genblk1_7__mac_col_inst/mac_8in_instance/n435  
    mac_array_instance/genblk1_7__mac_col_inst/mac_8in_instance/n434  
    mac_array_instance/genblk1_7__mac_col_inst/mac_8in_instance/n433  
    mac_array_instance/genblk1_7__mac_col_inst/mac_8in_instance/n432  
    mac_array_instance/genblk1_7__mac_col_inst/mac_8in_instance/n431  
    mac_array_instance/genblk1_7__mac_col_inst/mac_8in_instance/n430  
    mac_array_instance/genblk1_7__mac_col_inst/mac_8in_instance/n429  
    mac_array_instance/genblk1_7__mac_col_inst/mac_8in_instance/n428  
    mac_array_instance/genblk1_7__mac_col_inst/mac_8in_instance/n427  
    mac_array_instance/genblk1_7__mac_col_inst/mac_8in_instance/n426  
    mac_array_instance/genblk1_7__mac_col_inst/mac_8in_instance/n425  
    mac_array_instance/genblk1_7__mac_col_inst/mac_8in_instance/n424  
    mac_array_instance/genblk1_7__mac_col_inst/mac_8in_instance/n423  
    mac_array_instance/genblk1_7__mac_col_inst/mac_8in_instance/n422  
    mac_array_instance/genblk1_7__mac_col_inst/mac_8in_instance/n421  
    mac_array_instance/genblk1_7__mac_col_inst/mac_8in_instance/n420  
    mac_array_instance/genblk1_7__mac_col_inst/mac_8in_instance/n419  
    mac_array_instance/genblk1_7__mac_col_inst/mac_8in_instance/n418  
    mac_array_instance/genblk1_7__mac_col_inst/mac_8in_instance/n417  
    mac_array_instance/genblk1_7__mac_col_inst/mac_8in_instance/n416  
    mac_array_instance/genblk1_7__mac_col_inst/mac_8in_instance/n415  
    mac_array_instance/genblk1_7__mac_col_inst/mac_8in_instance/n414  
    mac_array_instance/genblk1_7__mac_col_inst/mac_8in_instance/n413  
    mac_array_instance/genblk1_7__mac_col_inst/mac_8in_instance/n412  
    mac_array_instance/genblk1_7__mac_col_inst/mac_8in_instance/n411  
    mac_array_instance/genblk1_7__mac_col_inst/mac_8in_instance/n410  
    mac_array_instance/genblk1_7__mac_col_inst/mac_8in_instance/n409  
    mac_array_instance/genblk1_7__mac_col_inst/mac_8in_instance/n408  
    mac_array_instance/genblk1_7__mac_col_inst/mac_8in_instance/n407  
    mac_array_instance/genblk1_7__mac_col_inst/mac_8in_instance/n406  
    mac_array_instance/genblk1_7__mac_col_inst/mac_8in_instance/n405  
    mac_array_instance/genblk1_7__mac_col_inst/mac_8in_instance/n404  
    mac_array_instance/genblk1_7__mac_col_inst/mac_8in_instance/n403  
    mac_array_instance/genblk1_7__mac_col_inst/mac_8in_instance/n402  
    mac_array_instance/genblk1_7__mac_col_inst/mac_8in_instance/n401  
    mac_array_instance/genblk1_7__mac_col_inst/mac_8in_instance/n400  
    mac_array_instance/genblk1_7__mac_col_inst/mac_8in_instance/n399  
    mac_array_instance/genblk1_7__mac_col_inst/mac_8in_instance/n398  
    mac_array_instance/genblk1_7__mac_col_inst/mac_8in_instance/n397  
    mac_array_instance/genblk1_7__mac_col_inst/mac_8in_instance/n396  
    mac_array_instance/genblk1_7__mac_col_inst/mac_8in_instance/n395  
    mac_array_instance/genblk1_7__mac_col_inst/mac_8in_instance/n394  
    mac_array_instance/genblk1_7__mac_col_inst/mac_8in_instance/n393  
    mac_array_instance/genblk1_7__mac_col_inst/mac_8in_instance/n392  
    mac_array_instance/genblk1_7__mac_col_inst/mac_8in_instance/n391  
    mac_array_instance/genblk1_7__mac_col_inst/mac_8in_instance/n390  
    mac_array_instance/genblk1_7__mac_col_inst/mac_8in_instance/n389  
    mac_array_instance/genblk1_7__mac_col_inst/mac_8in_instance/n388  
    mac_array_instance/genblk1_7__mac_col_inst/mac_8in_instance/n387  
    mac_array_instance/genblk1_7__mac_col_inst/mac_8in_instance/n386  
    mac_array_instance/genblk1_7__mac_col_inst/mac_8in_instance/n385  
    mac_array_instance/genblk1_7__mac_col_inst/mac_8in_instance/n384  
    mac_array_instance/genblk1_7__mac_col_inst/mac_8in_instance/n383  
    mac_array_instance/genblk1_7__mac_col_inst/mac_8in_instance/n382  
    mac_array_instance/genblk1_7__mac_col_inst/mac_8in_instance/n381  
    mac_array_instance/genblk1_7__mac_col_inst/mac_8in_instance/n380  
    mac_array_instance/genblk1_7__mac_col_inst/mac_8in_instance/n379  
    mac_array_instance/genblk1_7__mac_col_inst/mac_8in_instance/n378  
    mac_array_instance/genblk1_7__mac_col_inst/mac_8in_instance/n377  
    mac_array_instance/genblk1_7__mac_col_inst/mac_8in_instance/n376  
    mac_array_instance/genblk1_7__mac_col_inst/mac_8in_instance/n375  
    mac_array_instance/genblk1_7__mac_col_inst/mac_8in_instance/n374  
    mac_array_instance/genblk1_7__mac_col_inst/mac_8in_instance/n373  
    mac_array_instance/genblk1_7__mac_col_inst/mac_8in_instance/n372  
    mac_array_instance/genblk1_7__mac_col_inst/mac_8in_instance/n371  
    mac_array_instance/genblk1_7__mac_col_inst/mac_8in_instance/n370  
    mac_array_instance/genblk1_7__mac_col_inst/mac_8in_instance/n369  
    mac_array_instance/genblk1_7__mac_col_inst/mac_8in_instance/n368  
    mac_array_instance/genblk1_7__mac_col_inst/mac_8in_instance/n367  
    mac_array_instance/genblk1_7__mac_col_inst/mac_8in_instance/n366  
    mac_array_instance/genblk1_7__mac_col_inst/mac_8in_instance/n365  
    mac_array_instance/genblk1_7__mac_col_inst/mac_8in_instance/n364  
    mac_array_instance/genblk1_7__mac_col_inst/mac_8in_instance/n363  
    mac_array_instance/genblk1_7__mac_col_inst/mac_8in_instance/n362  
    mac_array_instance/genblk1_7__mac_col_inst/mac_8in_instance/n361  
    mac_array_instance/genblk1_7__mac_col_inst/mac_8in_instance/n360  
    mac_array_instance/genblk1_7__mac_col_inst/mac_8in_instance/n359  
    mac_array_instance/genblk1_7__mac_col_inst/mac_8in_instance/n358  
    mac_array_instance/genblk1_7__mac_col_inst/mac_8in_instance/n357  
    mac_array_instance/genblk1_7__mac_col_inst/mac_8in_instance/n356  
    mac_array_instance/genblk1_7__mac_col_inst/mac_8in_instance/n355  
    mac_array_instance/genblk1_7__mac_col_inst/mac_8in_instance/n354  
    mac_array_instance/genblk1_7__mac_col_inst/mac_8in_instance/n353  
    mac_array_instance/genblk1_7__mac_col_inst/mac_8in_instance/n352  
    mac_array_instance/genblk1_7__mac_col_inst/mac_8in_instance/n351  
    mac_array_instance/genblk1_7__mac_col_inst/mac_8in_instance/n350  
    mac_array_instance/genblk1_7__mac_col_inst/mac_8in_instance/n349  
    mac_array_instance/genblk1_7__mac_col_inst/mac_8in_instance/n348  
    mac_array_instance/genblk1_7__mac_col_inst/mac_8in_instance/n347  
    mac_array_instance/genblk1_7__mac_col_inst/mac_8in_instance/n346  
    mac_array_instance/genblk1_7__mac_col_inst/mac_8in_instance/n345  
    mac_array_instance/genblk1_7__mac_col_inst/mac_8in_instance/n344  
    mac_array_instance/genblk1_7__mac_col_inst/mac_8in_instance/n343  
    mac_array_instance/genblk1_7__mac_col_inst/mac_8in_instance/n342  
    mac_array_instance/genblk1_7__mac_col_inst/mac_8in_instance/n341  
    mac_array_instance/genblk1_7__mac_col_inst/mac_8in_instance/n340  
    mac_array_instance/genblk1_7__mac_col_inst/mac_8in_instance/n339  
    mac_array_instance/genblk1_7__mac_col_inst/mac_8in_instance/n338  
    mac_array_instance/genblk1_7__mac_col_inst/mac_8in_instance/n337  
    mac_array_instance/genblk1_7__mac_col_inst/mac_8in_instance/n336  
    mac_array_instance/genblk1_7__mac_col_inst/mac_8in_instance/n335  
    mac_array_instance/genblk1_7__mac_col_inst/mac_8in_instance/n334  
    mac_array_instance/genblk1_7__mac_col_inst/mac_8in_instance/n333  
    mac_array_instance/genblk1_7__mac_col_inst/mac_8in_instance/n332  
    mac_array_instance/genblk1_7__mac_col_inst/mac_8in_instance/n331  
    mac_array_instance/genblk1_7__mac_col_inst/mac_8in_instance/n330  
    mac_array_instance/genblk1_7__mac_col_inst/mac_8in_instance/n329  
    mac_array_instance/genblk1_7__mac_col_inst/mac_8in_instance/n328  
    mac_array_instance/genblk1_7__mac_col_inst/mac_8in_instance/n327  
    mac_array_instance/genblk1_7__mac_col_inst/mac_8in_instance/n326  
    mac_array_instance/genblk1_7__mac_col_inst/mac_8in_instance/n325  
    mac_array_instance/genblk1_7__mac_col_inst/mac_8in_instance/n324  
    mac_array_instance/genblk1_7__mac_col_inst/mac_8in_instance/n323  
    mac_array_instance/genblk1_7__mac_col_inst/mac_8in_instance/n322  
    mac_array_instance/genblk1_7__mac_col_inst/mac_8in_instance/n321  
    mac_array_instance/genblk1_7__mac_col_inst/mac_8in_instance/n320  
    mac_array_instance/genblk1_7__mac_col_inst/mac_8in_instance/n319  
    mac_array_instance/genblk1_7__mac_col_inst/mac_8in_instance/n318  
    mac_array_instance/genblk1_7__mac_col_inst/mac_8in_instance/n317  
    mac_array_instance/genblk1_7__mac_col_inst/mac_8in_instance/n316  
    mac_array_instance/genblk1_7__mac_col_inst/mac_8in_instance/n315  
    mac_array_instance/genblk1_7__mac_col_inst/mac_8in_instance/n314  
    mac_array_instance/genblk1_7__mac_col_inst/mac_8in_instance/n313  
    mac_array_instance/genblk1_7__mac_col_inst/mac_8in_instance/n312  
    mac_array_instance/genblk1_7__mac_col_inst/mac_8in_instance/n311  
    mac_array_instance/genblk1_7__mac_col_inst/mac_8in_instance/n310  
    mac_array_instance/genblk1_7__mac_col_inst/mac_8in_instance/n309  
    mac_array_instance/genblk1_7__mac_col_inst/mac_8in_instance/n308  
    mac_array_instance/genblk1_7__mac_col_inst/mac_8in_instance/n307  
    mac_array_instance/genblk1_7__mac_col_inst/mac_8in_instance/n306  
    mac_array_instance/genblk1_7__mac_col_inst/mac_8in_instance/n305  
    mac_array_instance/genblk1_7__mac_col_inst/mac_8in_instance/n304  
    mac_array_instance/genblk1_7__mac_col_inst/mac_8in_instance/n303  
    mac_array_instance/genblk1_7__mac_col_inst/mac_8in_instance/n302  
    mac_array_instance/genblk1_7__mac_col_inst/mac_8in_instance/n301  
    mac_array_instance/genblk1_7__mac_col_inst/mac_8in_instance/n300  
    mac_array_instance/genblk1_7__mac_col_inst/mac_8in_instance/n299  
    mac_array_instance/genblk1_7__mac_col_inst/mac_8in_instance/n298  
    mac_array_instance/genblk1_7__mac_col_inst/mac_8in_instance/n297  
    mac_array_instance/genblk1_7__mac_col_inst/mac_8in_instance/n296  
    mac_array_instance/genblk1_7__mac_col_inst/mac_8in_instance/n295  
    mac_array_instance/genblk1_7__mac_col_inst/mac_8in_instance/n294  
    mac_array_instance/genblk1_7__mac_col_inst/mac_8in_instance/n293  
    mac_array_instance/genblk1_7__mac_col_inst/mac_8in_instance/n292  
    mac_array_instance/genblk1_7__mac_col_inst/mac_8in_instance/n291  
    mac_array_instance/genblk1_7__mac_col_inst/mac_8in_instance/n290  
    mac_array_instance/genblk1_7__mac_col_inst/mac_8in_instance/n289  
    mac_array_instance/genblk1_7__mac_col_inst/mac_8in_instance/n288  
    mac_array_instance/genblk1_7__mac_col_inst/mac_8in_instance/n287  
    mac_array_instance/genblk1_7__mac_col_inst/mac_8in_instance/n286  
    mac_array_instance/genblk1_7__mac_col_inst/mac_8in_instance/n285  
    mac_array_instance/genblk1_7__mac_col_inst/mac_8in_instance/n284  
    mac_array_instance/genblk1_7__mac_col_inst/mac_8in_instance/n283  
    mac_array_instance/genblk1_7__mac_col_inst/mac_8in_instance/n282  
    mac_array_instance/genblk1_7__mac_col_inst/mac_8in_instance/n281  
    mac_array_instance/genblk1_7__mac_col_inst/mac_8in_instance/n280  
    mac_array_instance/genblk1_7__mac_col_inst/mac_8in_instance/n279  
    mac_array_instance/genblk1_7__mac_col_inst/mac_8in_instance/n278  
    mac_array_instance/genblk1_7__mac_col_inst/mac_8in_instance/n277  
    mac_array_instance/genblk1_7__mac_col_inst/mac_8in_instance/n276  
    mac_array_instance/genblk1_7__mac_col_inst/mac_8in_instance/n275  
    mac_array_instance/genblk1_7__mac_col_inst/mac_8in_instance/n274  
    mac_array_instance/genblk1_7__mac_col_inst/mac_8in_instance/n273  
    mac_array_instance/genblk1_7__mac_col_inst/mac_8in_instance/n272  
    mac_array_instance/genblk1_7__mac_col_inst/mac_8in_instance/n271  
    mac_array_instance/genblk1_7__mac_col_inst/mac_8in_instance/n270  
    mac_array_instance/genblk1_7__mac_col_inst/mac_8in_instance/n269  
    mac_array_instance/genblk1_7__mac_col_inst/mac_8in_instance/n268  
    mac_array_instance/genblk1_7__mac_col_inst/mac_8in_instance/n267  
    mac_array_instance/genblk1_7__mac_col_inst/mac_8in_instance/n266  
    mac_array_instance/genblk1_7__mac_col_inst/mac_8in_instance/n265  
    mac_array_instance/genblk1_7__mac_col_inst/mac_8in_instance/n264  
    mac_array_instance/genblk1_7__mac_col_inst/mac_8in_instance/n263  
    mac_array_instance/genblk1_7__mac_col_inst/mac_8in_instance/n262  
    mac_array_instance/genblk1_7__mac_col_inst/mac_8in_instance/n261  
    mac_array_instance/genblk1_7__mac_col_inst/mac_8in_instance/n260  
    mac_array_instance/genblk1_7__mac_col_inst/mac_8in_instance/n259  
    mac_array_instance/genblk1_7__mac_col_inst/mac_8in_instance/n258  
    mac_array_instance/genblk1_7__mac_col_inst/mac_8in_instance/n257  
    mac_array_instance/genblk1_7__mac_col_inst/mac_8in_instance/n256  
    mac_array_instance/genblk1_7__mac_col_inst/mac_8in_instance/n255  
    mac_array_instance/genblk1_7__mac_col_inst/mac_8in_instance/n254  
    mac_array_instance/genblk1_7__mac_col_inst/mac_8in_instance/n253  
    mac_array_instance/genblk1_7__mac_col_inst/mac_8in_instance/n252  
    mac_array_instance/genblk1_7__mac_col_inst/mac_8in_instance/n251  
    mac_array_instance/genblk1_7__mac_col_inst/mac_8in_instance/n250  
    mac_array_instance/genblk1_7__mac_col_inst/mac_8in_instance/n249  
    mac_array_instance/genblk1_7__mac_col_inst/mac_8in_instance/n248  
    mac_array_instance/genblk1_7__mac_col_inst/mac_8in_instance/n247  
    mac_array_instance/genblk1_7__mac_col_inst/mac_8in_instance/n246  
    mac_array_instance/genblk1_7__mac_col_inst/mac_8in_instance/n245  
    mac_array_instance/genblk1_7__mac_col_inst/mac_8in_instance/n244  
    mac_array_instance/genblk1_7__mac_col_inst/mac_8in_instance/n243  
    mac_array_instance/genblk1_7__mac_col_inst/mac_8in_instance/n242  
    mac_array_instance/genblk1_7__mac_col_inst/mac_8in_instance/n241  
    mac_array_instance/genblk1_7__mac_col_inst/mac_8in_instance/n240  
    mac_array_instance/genblk1_7__mac_col_inst/mac_8in_instance/n239  
    mac_array_instance/genblk1_7__mac_col_inst/mac_8in_instance/n238  
    mac_array_instance/genblk1_7__mac_col_inst/mac_8in_instance/n237  
    mac_array_instance/genblk1_7__mac_col_inst/mac_8in_instance/n236  
    mac_array_instance/genblk1_7__mac_col_inst/mac_8in_instance/n235  
    mac_array_instance/genblk1_7__mac_col_inst/mac_8in_instance/n234  
    mac_array_instance/genblk1_7__mac_col_inst/mac_8in_instance/n233  
    mac_array_instance/genblk1_7__mac_col_inst/mac_8in_instance/n232  
    mac_array_instance/genblk1_7__mac_col_inst/mac_8in_instance/n231  
    mac_array_instance/genblk1_7__mac_col_inst/mac_8in_instance/n230  
    mac_array_instance/genblk1_7__mac_col_inst/mac_8in_instance/n229  
    mac_array_instance/genblk1_7__mac_col_inst/mac_8in_instance/n228  
    mac_array_instance/genblk1_7__mac_col_inst/mac_8in_instance/n227  
    mac_array_instance/genblk1_7__mac_col_inst/mac_8in_instance/n226  
    mac_array_instance/genblk1_7__mac_col_inst/mac_8in_instance/n225  
    mac_array_instance/genblk1_7__mac_col_inst/mac_8in_instance/n224  
    mac_array_instance/genblk1_7__mac_col_inst/mac_8in_instance/n223  
    mac_array_instance/genblk1_7__mac_col_inst/mac_8in_instance/n222  
    mac_array_instance/genblk1_7__mac_col_inst/mac_8in_instance/n221  
    mac_array_instance/genblk1_7__mac_col_inst/mac_8in_instance/n220  
    mac_array_instance/genblk1_7__mac_col_inst/mac_8in_instance/n219  
    mac_array_instance/genblk1_7__mac_col_inst/mac_8in_instance/n218  
    mac_array_instance/genblk1_7__mac_col_inst/mac_8in_instance/n217  
    mac_array_instance/genblk1_7__mac_col_inst/mac_8in_instance/n216  
    mac_array_instance/genblk1_7__mac_col_inst/mac_8in_instance/n215  
    mac_array_instance/genblk1_7__mac_col_inst/mac_8in_instance/n214  
    mac_array_instance/genblk1_7__mac_col_inst/mac_8in_instance/n213  
    mac_array_instance/genblk1_7__mac_col_inst/mac_8in_instance/n212  
    mac_array_instance/genblk1_7__mac_col_inst/mac_8in_instance/n211  
    mac_array_instance/genblk1_7__mac_col_inst/mac_8in_instance/n210  
    mac_array_instance/genblk1_7__mac_col_inst/mac_8in_instance/n209  
    mac_array_instance/genblk1_7__mac_col_inst/mac_8in_instance/n208  
    mac_array_instance/genblk1_7__mac_col_inst/mac_8in_instance/n207  
    mac_array_instance/genblk1_7__mac_col_inst/mac_8in_instance/n206  
    mac_array_instance/genblk1_7__mac_col_inst/mac_8in_instance/n205  
    mac_array_instance/genblk1_7__mac_col_inst/mac_8in_instance/n204  
    mac_array_instance/genblk1_7__mac_col_inst/mac_8in_instance/n203  
    mac_array_instance/genblk1_7__mac_col_inst/mac_8in_instance/n202  
    mac_array_instance/genblk1_7__mac_col_inst/mac_8in_instance/n201  
    mac_array_instance/genblk1_7__mac_col_inst/mac_8in_instance/n200  
    mac_array_instance/genblk1_7__mac_col_inst/mac_8in_instance/n199  
    mac_array_instance/genblk1_7__mac_col_inst/mac_8in_instance/n198  
    mac_array_instance/genblk1_7__mac_col_inst/mac_8in_instance/n197  
    mac_array_instance/genblk1_7__mac_col_inst/mac_8in_instance/n196  
    mac_array_instance/genblk1_7__mac_col_inst/mac_8in_instance/n195  
    mac_array_instance/genblk1_7__mac_col_inst/mac_8in_instance/n194  
    mac_array_instance/genblk1_7__mac_col_inst/mac_8in_instance/n193  
    mac_array_instance/genblk1_7__mac_col_inst/mac_8in_instance/n192  
    mac_array_instance/genblk1_7__mac_col_inst/mac_8in_instance/n191  
    mac_array_instance/genblk1_7__mac_col_inst/mac_8in_instance/n190  
    mac_array_instance/genblk1_7__mac_col_inst/mac_8in_instance/n189  
    mac_array_instance/genblk1_7__mac_col_inst/mac_8in_instance/n188  
    mac_array_instance/genblk1_7__mac_col_inst/mac_8in_instance/n187  
    mac_array_instance/genblk1_7__mac_col_inst/mac_8in_instance/n186  
    mac_array_instance/genblk1_7__mac_col_inst/mac_8in_instance/n185  
    mac_array_instance/genblk1_7__mac_col_inst/mac_8in_instance/n184  
    mac_array_instance/genblk1_7__mac_col_inst/mac_8in_instance/n183  
    mac_array_instance/genblk1_7__mac_col_inst/mac_8in_instance/n182  
    mac_array_instance/genblk1_7__mac_col_inst/mac_8in_instance/n181  
    mac_array_instance/genblk1_7__mac_col_inst/mac_8in_instance/n180  
    mac_array_instance/genblk1_7__mac_col_inst/mac_8in_instance/n179  
    mac_array_instance/genblk1_7__mac_col_inst/mac_8in_instance/n178  
    mac_array_instance/genblk1_7__mac_col_inst/mac_8in_instance/n177  
    mac_array_instance/genblk1_7__mac_col_inst/mac_8in_instance/n176  
    mac_array_instance/genblk1_7__mac_col_inst/mac_8in_instance/n175  
    mac_array_instance/genblk1_7__mac_col_inst/mac_8in_instance/n174  
    mac_array_instance/genblk1_7__mac_col_inst/mac_8in_instance/n173  
    mac_array_instance/genblk1_7__mac_col_inst/mac_8in_instance/n172  
    mac_array_instance/genblk1_7__mac_col_inst/mac_8in_instance/n171  
    mac_array_instance/genblk1_7__mac_col_inst/mac_8in_instance/n170  
    mac_array_instance/genblk1_7__mac_col_inst/mac_8in_instance/n169  
    mac_array_instance/genblk1_7__mac_col_inst/mac_8in_instance/n168  
    mac_array_instance/genblk1_7__mac_col_inst/mac_8in_instance/n167  
    mac_array_instance/genblk1_7__mac_col_inst/mac_8in_instance/n166  
    mac_array_instance/genblk1_7__mac_col_inst/mac_8in_instance/n165  
    mac_array_instance/genblk1_7__mac_col_inst/mac_8in_instance/n164  
    mac_array_instance/genblk1_7__mac_col_inst/mac_8in_instance/n163  
    mac_array_instance/genblk1_7__mac_col_inst/mac_8in_instance/n162  
    mac_array_instance/genblk1_7__mac_col_inst/mac_8in_instance/n161  
    mac_array_instance/genblk1_7__mac_col_inst/mac_8in_instance/n160  
    mac_array_instance/genblk1_7__mac_col_inst/mac_8in_instance/n159  
    mac_array_instance/genblk1_7__mac_col_inst/mac_8in_instance/n158  
    mac_array_instance/genblk1_7__mac_col_inst/mac_8in_instance/n157  
    mac_array_instance/genblk1_7__mac_col_inst/mac_8in_instance/n156  
    mac_array_instance/genblk1_7__mac_col_inst/mac_8in_instance/n155  
    mac_array_instance/genblk1_7__mac_col_inst/mac_8in_instance/n154  
    mac_array_instance/genblk1_7__mac_col_inst/mac_8in_instance/n153  
    mac_array_instance/genblk1_7__mac_col_inst/mac_8in_instance/n152  
    mac_array_instance/genblk1_7__mac_col_inst/mac_8in_instance/n151  
    mac_array_instance/genblk1_7__mac_col_inst/mac_8in_instance/n150  
    mac_array_instance/genblk1_7__mac_col_inst/mac_8in_instance/n149  
    mac_array_instance/genblk1_7__mac_col_inst/mac_8in_instance/n148  
    mac_array_instance/genblk1_7__mac_col_inst/mac_8in_instance/n147  
    mac_array_instance/genblk1_7__mac_col_inst/mac_8in_instance/n146  
    mac_array_instance/genblk1_7__mac_col_inst/mac_8in_instance/n145  
    mac_array_instance/genblk1_7__mac_col_inst/mac_8in_instance/n144  
    mac_array_instance/genblk1_7__mac_col_inst/mac_8in_instance/n143  
    mac_array_instance/genblk1_7__mac_col_inst/mac_8in_instance/n142  
    mac_array_instance/genblk1_7__mac_col_inst/mac_8in_instance/n141  
    mac_array_instance/genblk1_7__mac_col_inst/mac_8in_instance/n140  
    mac_array_instance/genblk1_7__mac_col_inst/mac_8in_instance/n139  
    mac_array_instance/genblk1_7__mac_col_inst/mac_8in_instance/n138  
    mac_array_instance/genblk1_7__mac_col_inst/mac_8in_instance/n137  
    mac_array_instance/genblk1_7__mac_col_inst/mac_8in_instance/n136  
    mac_array_instance/genblk1_7__mac_col_inst/mac_8in_instance/n135  
    mac_array_instance/genblk1_7__mac_col_inst/mac_8in_instance/n134  
    mac_array_instance/genblk1_7__mac_col_inst/mac_8in_instance/n133  
    mac_array_instance/genblk1_7__mac_col_inst/mac_8in_instance/n132  
    mac_array_instance/genblk1_7__mac_col_inst/mac_8in_instance/n131  
    mac_array_instance/genblk1_7__mac_col_inst/mac_8in_instance/n130  
    mac_array_instance/genblk1_7__mac_col_inst/mac_8in_instance/n129  
    mac_array_instance/genblk1_7__mac_col_inst/mac_8in_instance/n128  
    mac_array_instance/genblk1_7__mac_col_inst/mac_8in_instance/n127  
    mac_array_instance/genblk1_7__mac_col_inst/mac_8in_instance/n126  
    mac_array_instance/genblk1_7__mac_col_inst/mac_8in_instance/n125  
    mac_array_instance/genblk1_7__mac_col_inst/mac_8in_instance/n124  
    mac_array_instance/genblk1_7__mac_col_inst/mac_8in_instance/n123  
    mac_array_instance/genblk1_7__mac_col_inst/mac_8in_instance/n122  
    mac_array_instance/genblk1_7__mac_col_inst/mac_8in_instance/n121  
    mac_array_instance/genblk1_7__mac_col_inst/mac_8in_instance/n120  
    mac_array_instance/genblk1_7__mac_col_inst/mac_8in_instance/n119  
    mac_array_instance/genblk1_7__mac_col_inst/mac_8in_instance/n118  
    mac_array_instance/genblk1_7__mac_col_inst/mac_8in_instance/n117  
    mac_array_instance/genblk1_7__mac_col_inst/mac_8in_instance/n116  
    mac_array_instance/genblk1_7__mac_col_inst/mac_8in_instance/n115  
    mac_array_instance/genblk1_7__mac_col_inst/mac_8in_instance/n114  
    mac_array_instance/genblk1_7__mac_col_inst/mac_8in_instance/n113  
    mac_array_instance/genblk1_7__mac_col_inst/mac_8in_instance/n112  
    mac_array_instance/genblk1_7__mac_col_inst/mac_8in_instance/n111  
    mac_array_instance/genblk1_7__mac_col_inst/mac_8in_instance/n110  
    mac_array_instance/genblk1_7__mac_col_inst/mac_8in_instance/n109  
    mac_array_instance/genblk1_7__mac_col_inst/mac_8in_instance/n108  
    mac_array_instance/genblk1_7__mac_col_inst/mac_8in_instance/n107  
    mac_array_instance/genblk1_7__mac_col_inst/mac_8in_instance/n106  
    mac_array_instance/genblk1_7__mac_col_inst/mac_8in_instance/n105  
    mac_array_instance/genblk1_7__mac_col_inst/mac_8in_instance/n104  
    mac_array_instance/genblk1_7__mac_col_inst/mac_8in_instance/n103  
    mac_array_instance/genblk1_7__mac_col_inst/mac_8in_instance/n102  
    mac_array_instance/genblk1_7__mac_col_inst/mac_8in_instance/n101  
    mac_array_instance/genblk1_7__mac_col_inst/mac_8in_instance/n100  
    mac_array_instance/genblk1_7__mac_col_inst/mac_8in_instance/n99  
    mac_array_instance/genblk1_7__mac_col_inst/mac_8in_instance/n98  
    mac_array_instance/genblk1_7__mac_col_inst/mac_8in_instance/n97  
    mac_array_instance/genblk1_7__mac_col_inst/mac_8in_instance/n96  
    mac_array_instance/genblk1_7__mac_col_inst/mac_8in_instance/n95  
    mac_array_instance/genblk1_7__mac_col_inst/mac_8in_instance/n94  
    mac_array_instance/genblk1_7__mac_col_inst/mac_8in_instance/n93  
    mac_array_instance/genblk1_7__mac_col_inst/mac_8in_instance/n92  
    mac_array_instance/genblk1_7__mac_col_inst/mac_8in_instance/n91  
    mac_array_instance/genblk1_7__mac_col_inst/mac_8in_instance/n90  
    mac_array_instance/genblk1_7__mac_col_inst/mac_8in_instance/n89  
    mac_array_instance/genblk1_7__mac_col_inst/mac_8in_instance/n88  
    mac_array_instance/genblk1_7__mac_col_inst/mac_8in_instance/n87  
    mac_array_instance/genblk1_7__mac_col_inst/mac_8in_instance/n86  
    mac_array_instance/genblk1_7__mac_col_inst/mac_8in_instance/n85  
    mac_array_instance/genblk1_7__mac_col_inst/mac_8in_instance/n84  
    mac_array_instance/genblk1_7__mac_col_inst/mac_8in_instance/n83  
    mac_array_instance/genblk1_7__mac_col_inst/mac_8in_instance/n82  
    mac_array_instance/genblk1_7__mac_col_inst/mac_8in_instance/n81  
    mac_array_instance/genblk1_7__mac_col_inst/mac_8in_instance/n80  
    mac_array_instance/genblk1_7__mac_col_inst/mac_8in_instance/n79  
    mac_array_instance/genblk1_7__mac_col_inst/mac_8in_instance/n78  
    mac_array_instance/genblk1_7__mac_col_inst/mac_8in_instance/n77  
    mac_array_instance/genblk1_7__mac_col_inst/mac_8in_instance/n76  
    mac_array_instance/genblk1_7__mac_col_inst/mac_8in_instance/n75  
    mac_array_instance/genblk1_7__mac_col_inst/mac_8in_instance/n74  
    mac_array_instance/genblk1_7__mac_col_inst/mac_8in_instance/n73  
    mac_array_instance/genblk1_7__mac_col_inst/mac_8in_instance/n72  
    mac_array_instance/genblk1_7__mac_col_inst/mac_8in_instance/n71  
    mac_array_instance/genblk1_7__mac_col_inst/mac_8in_instance/n70  
    mac_array_instance/genblk1_7__mac_col_inst/mac_8in_instance/n69  
    mac_array_instance/genblk1_7__mac_col_inst/mac_8in_instance/n68  
    mac_array_instance/genblk1_7__mac_col_inst/mac_8in_instance/n67  
    mac_array_instance/genblk1_7__mac_col_inst/mac_8in_instance/n66  
    mac_array_instance/genblk1_7__mac_col_inst/mac_8in_instance/n65  
    mac_array_instance/genblk1_7__mac_col_inst/mac_8in_instance/n64  
    mac_array_instance/genblk1_7__mac_col_inst/mac_8in_instance/n63  
    mac_array_instance/genblk1_7__mac_col_inst/mac_8in_instance/n62  
    mac_array_instance/genblk1_7__mac_col_inst/mac_8in_instance/n61  
    mac_array_instance/genblk1_7__mac_col_inst/mac_8in_instance/n60  
    mac_array_instance/genblk1_7__mac_col_inst/mac_8in_instance/n59  
    mac_array_instance/genblk1_7__mac_col_inst/mac_8in_instance/n58  
    mac_array_instance/genblk1_7__mac_col_inst/mac_8in_instance/n57  
    mac_array_instance/genblk1_7__mac_col_inst/mac_8in_instance/n56  
    mac_array_instance/genblk1_7__mac_col_inst/mac_8in_instance/n55  
    mac_array_instance/genblk1_7__mac_col_inst/mac_8in_instance/n54  
    mac_array_instance/genblk1_7__mac_col_inst/mac_8in_instance/n53  
    mac_array_instance/genblk1_7__mac_col_inst/mac_8in_instance/n52  
    mac_array_instance/genblk1_7__mac_col_inst/mac_8in_instance/n51  
    mac_array_instance/genblk1_7__mac_col_inst/mac_8in_instance/n50  
    mac_array_instance/genblk1_7__mac_col_inst/mac_8in_instance/n49  
    mac_array_instance/genblk1_7__mac_col_inst/mac_8in_instance/n48  
    mac_array_instance/genblk1_7__mac_col_inst/mac_8in_instance/n47  
    mac_array_instance/genblk1_7__mac_col_inst/mac_8in_instance/n46  
    mac_array_instance/genblk1_7__mac_col_inst/mac_8in_instance/n45  
    mac_array_instance/genblk1_7__mac_col_inst/mac_8in_instance/n44  
    mac_array_instance/genblk1_7__mac_col_inst/mac_8in_instance/n43  
    mac_array_instance/genblk1_7__mac_col_inst/mac_8in_instance/n42  
    mac_array_instance/genblk1_7__mac_col_inst/mac_8in_instance/n41  
    mac_array_instance/genblk1_7__mac_col_inst/mac_8in_instance/n40  
    mac_array_instance/genblk1_7__mac_col_inst/mac_8in_instance/n39  
    mac_array_instance/genblk1_7__mac_col_inst/mac_8in_instance/n38  
    mac_array_instance/genblk1_7__mac_col_inst/mac_8in_instance/n37  
    mac_array_instance/genblk1_7__mac_col_inst/mac_8in_instance/n36  
    mac_array_instance/genblk1_7__mac_col_inst/mac_8in_instance/n35  
    mac_array_instance/genblk1_7__mac_col_inst/mac_8in_instance/n34  
    mac_array_instance/genblk1_7__mac_col_inst/mac_8in_instance/n33  
    mac_array_instance/genblk1_7__mac_col_inst/mac_8in_instance/n32  
    mac_array_instance/genblk1_7__mac_col_inst/mac_8in_instance/n31  
    mac_array_instance/genblk1_7__mac_col_inst/mac_8in_instance/n30  
    mac_array_instance/genblk1_7__mac_col_inst/mac_8in_instance/n29  
    mac_array_instance/genblk1_7__mac_col_inst/mac_8in_instance/n28  
    mac_array_instance/genblk1_7__mac_col_inst/mac_8in_instance/n27  
    mac_array_instance/genblk1_7__mac_col_inst/mac_8in_instance/n26  
    mac_array_instance/genblk1_7__mac_col_inst/mac_8in_instance/n25  
    mac_array_instance/genblk1_7__mac_col_inst/mac_8in_instance/n24  
    mac_array_instance/genblk1_7__mac_col_inst/mac_8in_instance/n23  
    mac_array_instance/genblk1_7__mac_col_inst/mac_8in_instance/n22  
    mac_array_instance/genblk1_7__mac_col_inst/mac_8in_instance/n21  
    mac_array_instance/genblk1_7__mac_col_inst/mac_8in_instance/n20  
    mac_array_instance/genblk1_7__mac_col_inst/mac_8in_instance/n19  
    mac_array_instance/genblk1_7__mac_col_inst/mac_8in_instance/n18  
    mac_array_instance/genblk1_7__mac_col_inst/mac_8in_instance/n17  
    mac_array_instance/genblk1_7__mac_col_inst/mac_8in_instance/n16  
    mac_array_instance/genblk1_7__mac_col_inst/mac_8in_instance/n15  
    mac_array_instance/genblk1_7__mac_col_inst/mac_8in_instance/n14  
    mac_array_instance/genblk1_7__mac_col_inst/mac_8in_instance/n13  
    mac_array_instance/genblk1_7__mac_col_inst/mac_8in_instance/n12  
    mac_array_instance/genblk1_7__mac_col_inst/mac_8in_instance/n11  
    mac_array_instance/genblk1_7__mac_col_inst/mac_8in_instance/n10  
    mac_array_instance/genblk1_7__mac_col_inst/mac_8in_instance/n9  
    mac_array_instance/genblk1_7__mac_col_inst/mac_8in_instance/n8  
    mac_array_instance/genblk1_7__mac_col_inst/mac_8in_instance/n7  
    mac_array_instance/genblk1_7__mac_col_inst/mac_8in_instance/n6  
    mac_array_instance/genblk1_7__mac_col_inst/mac_8in_instance/n5  
    mac_array_instance/genblk1_7__mac_col_inst/mac_8in_instance/n4  
    mac_array_instance/genblk1_7__mac_col_inst/mac_8in_instance/n3  
    mac_array_instance/genblk1_7__mac_col_inst/mac_8in_instance/n2  
    mac_array_instance/genblk1_7__mac_col_inst/mac_8in_instance/n1  
    mac_array_instance/genblk1_7__mac_col_inst/mac_8in_instance/mult_x_1_n23  
    mac_array_instance/genblk1_7__mac_col_inst/mac_8in_instance/mult_x_1_n24  
    mac_array_instance/genblk1_7__mac_col_inst/mac_8in_instance/mult_x_1_n25  
    mac_array_instance/genblk1_7__mac_col_inst/mac_8in_instance/mult_x_1_n26  
    mac_array_instance/genblk1_7__mac_col_inst/mac_8in_instance/mult_x_1_n27  
    mac_array_instance/genblk1_7__mac_col_inst/mac_8in_instance/mult_x_1_n28  
    mac_array_instance/genblk1_7__mac_col_inst/mac_8in_instance/mult_x_1_n29  
    mac_array_instance/genblk1_7__mac_col_inst/mac_8in_instance/mult_x_1_n30  
    mac_array_instance/genblk1_7__mac_col_inst/mac_8in_instance/mult_x_1_n31  
    mac_array_instance/genblk1_7__mac_col_inst/mac_8in_instance/mult_x_1_n32  
    mac_array_instance/genblk1_7__mac_col_inst/mac_8in_instance/mult_x_1_n33  
    mac_array_instance/genblk1_7__mac_col_inst/mac_8in_instance/mult_x_1_n34  
    mac_array_instance/genblk1_7__mac_col_inst/mac_8in_instance/mult_x_1_n35  
    mac_array_instance/genblk1_7__mac_col_inst/mac_8in_instance/mult_x_1_n36  
    mac_array_instance/genblk1_7__mac_col_inst/mac_8in_instance/mult_x_1_n37  
    mac_array_instance/genblk1_7__mac_col_inst/mac_8in_instance/mult_x_1_n38  
    mac_array_instance/genblk1_7__mac_col_inst/mac_8in_instance/mult_x_1_n39  
    mac_array_instance/genblk1_7__mac_col_inst/mac_8in_instance/mult_x_1_n40  
    mac_array_instance/genblk1_7__mac_col_inst/mac_8in_instance/mult_x_1_n41  
    mac_array_instance/genblk1_7__mac_col_inst/mac_8in_instance/mult_x_1_n42  
    mac_array_instance/genblk1_7__mac_col_inst/mac_8in_instance/mult_x_1_n43  
    mac_array_instance/genblk1_7__mac_col_inst/mac_8in_instance/mult_x_1_n46  
    mac_array_instance/genblk1_7__mac_col_inst/mac_8in_instance/mult_x_1_n59  
    mac_array_instance/genblk1_7__mac_col_inst/mac_8in_instance/mult_x_1_n60  
    mac_array_instance/genblk1_7__mac_col_inst/mac_8in_instance/mult_x_1_n63  
    mac_array_instance/genblk1_7__mac_col_inst/mac_8in_instance/mult_x_1_n65  
    mac_array_instance/genblk1_7__mac_col_inst/mac_8in_instance/mult_x_1_n66  
    mac_array_instance/genblk1_7__mac_col_inst/mac_8in_instance/mult_x_1_n67  
    mac_array_instance/genblk1_7__mac_col_inst/mac_8in_instance/mult_x_1_n68  
    mac_array_instance/genblk1_7__mac_col_inst/mac_8in_instance/mult_x_1_n69  
    mac_array_instance/genblk1_7__mac_col_inst/mac_8in_instance/mult_x_1_n72  
    mac_array_instance/genblk1_7__mac_col_inst/mac_8in_instance/mult_x_1_n74  
    mac_array_instance/genblk1_7__mac_col_inst/mac_8in_instance/mult_x_1_n75  
    mac_array_instance/genblk1_7__mac_col_inst/mac_8in_instance/mult_x_1_n80  
    mac_array_instance/genblk1_7__mac_col_inst/mac_8in_instance/mult_x_1_n81  
    mac_array_instance/genblk1_7__mac_col_inst/mac_8in_instance/mult_x_1_n82  
    mac_array_instance/genblk1_7__mac_col_inst/mac_8in_instance/mult_x_2_n23  
    mac_array_instance/genblk1_7__mac_col_inst/mac_8in_instance/mult_x_2_n24  
    mac_array_instance/genblk1_7__mac_col_inst/mac_8in_instance/mult_x_2_n25  
    mac_array_instance/genblk1_7__mac_col_inst/mac_8in_instance/mult_x_2_n26  
    mac_array_instance/genblk1_7__mac_col_inst/mac_8in_instance/mult_x_2_n27  
    mac_array_instance/genblk1_7__mac_col_inst/mac_8in_instance/mult_x_2_n28  
    mac_array_instance/genblk1_7__mac_col_inst/mac_8in_instance/mult_x_2_n29  
    mac_array_instance/genblk1_7__mac_col_inst/mac_8in_instance/mult_x_2_n30  
    mac_array_instance/genblk1_7__mac_col_inst/mac_8in_instance/mult_x_2_n31  
    mac_array_instance/genblk1_7__mac_col_inst/mac_8in_instance/mult_x_2_n32  
    mac_array_instance/genblk1_7__mac_col_inst/mac_8in_instance/mult_x_2_n33  
    mac_array_instance/genblk1_7__mac_col_inst/mac_8in_instance/mult_x_2_n34  
    mac_array_instance/genblk1_7__mac_col_inst/mac_8in_instance/mult_x_2_n35  
    mac_array_instance/genblk1_7__mac_col_inst/mac_8in_instance/mult_x_2_n36  
    mac_array_instance/genblk1_7__mac_col_inst/mac_8in_instance/mult_x_2_n37  
    mac_array_instance/genblk1_7__mac_col_inst/mac_8in_instance/mult_x_2_n38  
    mac_array_instance/genblk1_7__mac_col_inst/mac_8in_instance/mult_x_2_n39  
    mac_array_instance/genblk1_7__mac_col_inst/mac_8in_instance/mult_x_2_n40  
    mac_array_instance/genblk1_7__mac_col_inst/mac_8in_instance/mult_x_2_n41  
    mac_array_instance/genblk1_7__mac_col_inst/mac_8in_instance/mult_x_2_n42  
    mac_array_instance/genblk1_7__mac_col_inst/mac_8in_instance/mult_x_2_n43  
    mac_array_instance/genblk1_7__mac_col_inst/mac_8in_instance/mult_x_2_n46  
    mac_array_instance/genblk1_7__mac_col_inst/mac_8in_instance/mult_x_2_n59  
    mac_array_instance/genblk1_7__mac_col_inst/mac_8in_instance/mult_x_2_n60  
    mac_array_instance/genblk1_7__mac_col_inst/mac_8in_instance/mult_x_2_n63  
    mac_array_instance/genblk1_7__mac_col_inst/mac_8in_instance/mult_x_2_n65  
    mac_array_instance/genblk1_7__mac_col_inst/mac_8in_instance/mult_x_2_n66  
    mac_array_instance/genblk1_7__mac_col_inst/mac_8in_instance/mult_x_2_n67  
    mac_array_instance/genblk1_7__mac_col_inst/mac_8in_instance/mult_x_2_n68  
    mac_array_instance/genblk1_7__mac_col_inst/mac_8in_instance/mult_x_2_n69  
    mac_array_instance/genblk1_7__mac_col_inst/mac_8in_instance/mult_x_2_n72  
    mac_array_instance/genblk1_7__mac_col_inst/mac_8in_instance/mult_x_2_n74  
    mac_array_instance/genblk1_7__mac_col_inst/mac_8in_instance/mult_x_2_n75  
    mac_array_instance/genblk1_7__mac_col_inst/mac_8in_instance/mult_x_2_n80  
    mac_array_instance/genblk1_7__mac_col_inst/mac_8in_instance/mult_x_2_n81  
    mac_array_instance/genblk1_7__mac_col_inst/mac_8in_instance/mult_x_2_n82  
    mac_array_instance/genblk1_7__mac_col_inst/mac_8in_instance/mult_x_3_n23  
    mac_array_instance/genblk1_7__mac_col_inst/mac_8in_instance/mult_x_3_n24  
    mac_array_instance/genblk1_7__mac_col_inst/mac_8in_instance/mult_x_3_n25  
    mac_array_instance/genblk1_7__mac_col_inst/mac_8in_instance/mult_x_3_n26  
    mac_array_instance/genblk1_7__mac_col_inst/mac_8in_instance/mult_x_3_n27  
    mac_array_instance/genblk1_7__mac_col_inst/mac_8in_instance/mult_x_3_n28  
    mac_array_instance/genblk1_7__mac_col_inst/mac_8in_instance/mult_x_3_n29  
    mac_array_instance/genblk1_7__mac_col_inst/mac_8in_instance/mult_x_3_n30  
    mac_array_instance/genblk1_7__mac_col_inst/mac_8in_instance/mult_x_3_n31  
    mac_array_instance/genblk1_7__mac_col_inst/mac_8in_instance/mult_x_3_n32  
    mac_array_instance/genblk1_7__mac_col_inst/mac_8in_instance/mult_x_3_n33  
    mac_array_instance/genblk1_7__mac_col_inst/mac_8in_instance/mult_x_3_n34  
    mac_array_instance/genblk1_7__mac_col_inst/mac_8in_instance/mult_x_3_n35  
    mac_array_instance/genblk1_7__mac_col_inst/mac_8in_instance/mult_x_3_n36  
    mac_array_instance/genblk1_7__mac_col_inst/mac_8in_instance/mult_x_3_n37  
    mac_array_instance/genblk1_7__mac_col_inst/mac_8in_instance/mult_x_3_n38  
    mac_array_instance/genblk1_7__mac_col_inst/mac_8in_instance/mult_x_3_n39  
    mac_array_instance/genblk1_7__mac_col_inst/mac_8in_instance/mult_x_3_n40  
    mac_array_instance/genblk1_7__mac_col_inst/mac_8in_instance/mult_x_3_n41  
    mac_array_instance/genblk1_7__mac_col_inst/mac_8in_instance/mult_x_3_n42  
    mac_array_instance/genblk1_7__mac_col_inst/mac_8in_instance/mult_x_3_n43  
    mac_array_instance/genblk1_7__mac_col_inst/mac_8in_instance/mult_x_3_n46  
    mac_array_instance/genblk1_7__mac_col_inst/mac_8in_instance/mult_x_3_n59  
    mac_array_instance/genblk1_7__mac_col_inst/mac_8in_instance/mult_x_3_n60  
    mac_array_instance/genblk1_7__mac_col_inst/mac_8in_instance/mult_x_3_n63  
    mac_array_instance/genblk1_7__mac_col_inst/mac_8in_instance/mult_x_3_n65  
    mac_array_instance/genblk1_7__mac_col_inst/mac_8in_instance/mult_x_3_n66  
    mac_array_instance/genblk1_7__mac_col_inst/mac_8in_instance/mult_x_3_n67  
    mac_array_instance/genblk1_7__mac_col_inst/mac_8in_instance/mult_x_3_n68  
    mac_array_instance/genblk1_7__mac_col_inst/mac_8in_instance/mult_x_3_n69  
    mac_array_instance/genblk1_7__mac_col_inst/mac_8in_instance/mult_x_3_n72  
    mac_array_instance/genblk1_7__mac_col_inst/mac_8in_instance/mult_x_3_n74  
    mac_array_instance/genblk1_7__mac_col_inst/mac_8in_instance/mult_x_3_n75  
    mac_array_instance/genblk1_7__mac_col_inst/mac_8in_instance/mult_x_3_n80  
    mac_array_instance/genblk1_7__mac_col_inst/mac_8in_instance/mult_x_3_n81  
    mac_array_instance/genblk1_7__mac_col_inst/mac_8in_instance/mult_x_3_n82  
    mac_array_instance/genblk1_7__mac_col_inst/mac_8in_instance/mult_x_4_n23  
    mac_array_instance/genblk1_7__mac_col_inst/mac_8in_instance/mult_x_4_n24  
    mac_array_instance/genblk1_7__mac_col_inst/mac_8in_instance/mult_x_4_n25  
    mac_array_instance/genblk1_7__mac_col_inst/mac_8in_instance/mult_x_4_n26  
    mac_array_instance/genblk1_7__mac_col_inst/mac_8in_instance/mult_x_4_n27  
    mac_array_instance/genblk1_7__mac_col_inst/mac_8in_instance/mult_x_4_n28  
    mac_array_instance/genblk1_7__mac_col_inst/mac_8in_instance/mult_x_4_n29  
    mac_array_instance/genblk1_7__mac_col_inst/mac_8in_instance/mult_x_4_n30  
    mac_array_instance/genblk1_7__mac_col_inst/mac_8in_instance/mult_x_4_n31  
    mac_array_instance/genblk1_7__mac_col_inst/mac_8in_instance/mult_x_4_n32  
    mac_array_instance/genblk1_7__mac_col_inst/mac_8in_instance/mult_x_4_n33  
    mac_array_instance/genblk1_7__mac_col_inst/mac_8in_instance/mult_x_4_n34  
    mac_array_instance/genblk1_7__mac_col_inst/mac_8in_instance/mult_x_4_n35  
    mac_array_instance/genblk1_7__mac_col_inst/mac_8in_instance/mult_x_4_n36  
    mac_array_instance/genblk1_7__mac_col_inst/mac_8in_instance/mult_x_4_n37  
    mac_array_instance/genblk1_7__mac_col_inst/mac_8in_instance/mult_x_4_n38  
    mac_array_instance/genblk1_7__mac_col_inst/mac_8in_instance/mult_x_4_n39  
    mac_array_instance/genblk1_7__mac_col_inst/mac_8in_instance/mult_x_4_n40  
    mac_array_instance/genblk1_7__mac_col_inst/mac_8in_instance/mult_x_4_n41  
    mac_array_instance/genblk1_7__mac_col_inst/mac_8in_instance/mult_x_4_n42  
    mac_array_instance/genblk1_7__mac_col_inst/mac_8in_instance/mult_x_4_n43  
    mac_array_instance/genblk1_7__mac_col_inst/mac_8in_instance/mult_x_4_n46  
    mac_array_instance/genblk1_7__mac_col_inst/mac_8in_instance/mult_x_4_n59  
    mac_array_instance/genblk1_7__mac_col_inst/mac_8in_instance/mult_x_4_n60  
    mac_array_instance/genblk1_7__mac_col_inst/mac_8in_instance/mult_x_4_n63  
    mac_array_instance/genblk1_7__mac_col_inst/mac_8in_instance/mult_x_4_n65  
    mac_array_instance/genblk1_7__mac_col_inst/mac_8in_instance/mult_x_4_n66  
    mac_array_instance/genblk1_7__mac_col_inst/mac_8in_instance/mult_x_4_n67  
    mac_array_instance/genblk1_7__mac_col_inst/mac_8in_instance/mult_x_4_n68  
    mac_array_instance/genblk1_7__mac_col_inst/mac_8in_instance/mult_x_4_n69  
    mac_array_instance/genblk1_7__mac_col_inst/mac_8in_instance/mult_x_4_n72  
    mac_array_instance/genblk1_7__mac_col_inst/mac_8in_instance/mult_x_4_n74  
    mac_array_instance/genblk1_7__mac_col_inst/mac_8in_instance/mult_x_4_n75  
    mac_array_instance/genblk1_7__mac_col_inst/mac_8in_instance/mult_x_4_n80  
    mac_array_instance/genblk1_7__mac_col_inst/mac_8in_instance/mult_x_4_n81  
    mac_array_instance/genblk1_7__mac_col_inst/mac_8in_instance/mult_x_4_n82  
    mac_array_instance/genblk1_7__mac_col_inst/mac_8in_instance/mult_x_5_n23  
    mac_array_instance/genblk1_7__mac_col_inst/mac_8in_instance/mult_x_5_n24  
    mac_array_instance/genblk1_7__mac_col_inst/mac_8in_instance/mult_x_5_n25  
    mac_array_instance/genblk1_7__mac_col_inst/mac_8in_instance/mult_x_5_n26  
    mac_array_instance/genblk1_7__mac_col_inst/mac_8in_instance/mult_x_5_n27  
    mac_array_instance/genblk1_7__mac_col_inst/mac_8in_instance/mult_x_5_n28  
    mac_array_instance/genblk1_7__mac_col_inst/mac_8in_instance/mult_x_5_n29  
    mac_array_instance/genblk1_7__mac_col_inst/mac_8in_instance/mult_x_5_n30  
    mac_array_instance/genblk1_7__mac_col_inst/mac_8in_instance/mult_x_5_n31  
    mac_array_instance/genblk1_7__mac_col_inst/mac_8in_instance/mult_x_5_n32  
    mac_array_instance/genblk1_7__mac_col_inst/mac_8in_instance/mult_x_5_n33  
    mac_array_instance/genblk1_7__mac_col_inst/mac_8in_instance/mult_x_5_n34  
    mac_array_instance/genblk1_7__mac_col_inst/mac_8in_instance/mult_x_5_n35  
    mac_array_instance/genblk1_7__mac_col_inst/mac_8in_instance/mult_x_5_n36  
    mac_array_instance/genblk1_7__mac_col_inst/mac_8in_instance/mult_x_5_n37  
    mac_array_instance/genblk1_7__mac_col_inst/mac_8in_instance/mult_x_5_n38  
    mac_array_instance/genblk1_7__mac_col_inst/mac_8in_instance/mult_x_5_n39  
    mac_array_instance/genblk1_7__mac_col_inst/mac_8in_instance/mult_x_5_n40  
    mac_array_instance/genblk1_7__mac_col_inst/mac_8in_instance/mult_x_5_n41  
    mac_array_instance/genblk1_7__mac_col_inst/mac_8in_instance/mult_x_5_n42  
    mac_array_instance/genblk1_7__mac_col_inst/mac_8in_instance/mult_x_5_n43  
    mac_array_instance/genblk1_7__mac_col_inst/mac_8in_instance/mult_x_5_n46  
    mac_array_instance/genblk1_7__mac_col_inst/mac_8in_instance/mult_x_5_n59  
    mac_array_instance/genblk1_7__mac_col_inst/mac_8in_instance/mult_x_5_n60  
    mac_array_instance/genblk1_7__mac_col_inst/mac_8in_instance/mult_x_5_n63  
    mac_array_instance/genblk1_7__mac_col_inst/mac_8in_instance/mult_x_5_n65  
    mac_array_instance/genblk1_7__mac_col_inst/mac_8in_instance/mult_x_5_n66  
    mac_array_instance/genblk1_7__mac_col_inst/mac_8in_instance/mult_x_5_n67  
    mac_array_instance/genblk1_7__mac_col_inst/mac_8in_instance/mult_x_5_n68  
    mac_array_instance/genblk1_7__mac_col_inst/mac_8in_instance/mult_x_5_n69  
    mac_array_instance/genblk1_7__mac_col_inst/mac_8in_instance/mult_x_5_n72  
    mac_array_instance/genblk1_7__mac_col_inst/mac_8in_instance/mult_x_5_n74  
    mac_array_instance/genblk1_7__mac_col_inst/mac_8in_instance/mult_x_5_n75  
    mac_array_instance/genblk1_7__mac_col_inst/mac_8in_instance/mult_x_5_n80  
    mac_array_instance/genblk1_7__mac_col_inst/mac_8in_instance/mult_x_5_n81  
    mac_array_instance/genblk1_7__mac_col_inst/mac_8in_instance/mult_x_5_n82  
    mac_array_instance/genblk1_7__mac_col_inst/mac_8in_instance/mult_x_6_n23  
    mac_array_instance/genblk1_7__mac_col_inst/mac_8in_instance/mult_x_6_n24  
    mac_array_instance/genblk1_7__mac_col_inst/mac_8in_instance/mult_x_6_n25  
    mac_array_instance/genblk1_7__mac_col_inst/mac_8in_instance/mult_x_6_n26  
    mac_array_instance/genblk1_7__mac_col_inst/mac_8in_instance/mult_x_6_n27  
    mac_array_instance/genblk1_7__mac_col_inst/mac_8in_instance/mult_x_6_n28  
    mac_array_instance/genblk1_7__mac_col_inst/mac_8in_instance/mult_x_6_n29  
    mac_array_instance/genblk1_7__mac_col_inst/mac_8in_instance/mult_x_6_n30  
    mac_array_instance/genblk1_7__mac_col_inst/mac_8in_instance/mult_x_6_n31  
    mac_array_instance/genblk1_7__mac_col_inst/mac_8in_instance/mult_x_6_n32  
    mac_array_instance/genblk1_7__mac_col_inst/mac_8in_instance/mult_x_6_n33  
    mac_array_instance/genblk1_7__mac_col_inst/mac_8in_instance/mult_x_6_n34  
    mac_array_instance/genblk1_7__mac_col_inst/mac_8in_instance/mult_x_6_n35  
    mac_array_instance/genblk1_7__mac_col_inst/mac_8in_instance/mult_x_6_n36  
    mac_array_instance/genblk1_7__mac_col_inst/mac_8in_instance/mult_x_6_n37  
    mac_array_instance/genblk1_7__mac_col_inst/mac_8in_instance/mult_x_6_n38  
    mac_array_instance/genblk1_7__mac_col_inst/mac_8in_instance/mult_x_6_n39  
    mac_array_instance/genblk1_7__mac_col_inst/mac_8in_instance/mult_x_6_n40  
    mac_array_instance/genblk1_7__mac_col_inst/mac_8in_instance/mult_x_6_n41  
    mac_array_instance/genblk1_7__mac_col_inst/mac_8in_instance/mult_x_6_n42  
    mac_array_instance/genblk1_7__mac_col_inst/mac_8in_instance/mult_x_6_n43  
    mac_array_instance/genblk1_7__mac_col_inst/mac_8in_instance/mult_x_6_n46  
    mac_array_instance/genblk1_7__mac_col_inst/mac_8in_instance/mult_x_6_n59  
    mac_array_instance/genblk1_7__mac_col_inst/mac_8in_instance/mult_x_6_n60  
    mac_array_instance/genblk1_7__mac_col_inst/mac_8in_instance/mult_x_6_n63  
    mac_array_instance/genblk1_7__mac_col_inst/mac_8in_instance/mult_x_6_n65  
    mac_array_instance/genblk1_7__mac_col_inst/mac_8in_instance/mult_x_6_n66  
    mac_array_instance/genblk1_7__mac_col_inst/mac_8in_instance/mult_x_6_n67  
    mac_array_instance/genblk1_7__mac_col_inst/mac_8in_instance/mult_x_6_n68  
    mac_array_instance/genblk1_7__mac_col_inst/mac_8in_instance/mult_x_6_n69  
    mac_array_instance/genblk1_7__mac_col_inst/mac_8in_instance/mult_x_6_n72  
    mac_array_instance/genblk1_7__mac_col_inst/mac_8in_instance/mult_x_6_n74  
    mac_array_instance/genblk1_7__mac_col_inst/mac_8in_instance/mult_x_6_n75  
    mac_array_instance/genblk1_7__mac_col_inst/mac_8in_instance/mult_x_6_n80  
    mac_array_instance/genblk1_7__mac_col_inst/mac_8in_instance/mult_x_6_n81  
    mac_array_instance/genblk1_7__mac_col_inst/mac_8in_instance/mult_x_6_n82  
    mac_array_instance/genblk1_7__mac_col_inst/mac_8in_instance/mult_x_7_n23  
    mac_array_instance/genblk1_7__mac_col_inst/mac_8in_instance/mult_x_7_n24  
    mac_array_instance/genblk1_7__mac_col_inst/mac_8in_instance/mult_x_7_n25  
    mac_array_instance/genblk1_7__mac_col_inst/mac_8in_instance/mult_x_7_n26  
    mac_array_instance/genblk1_7__mac_col_inst/mac_8in_instance/mult_x_7_n27  
    mac_array_instance/genblk1_7__mac_col_inst/mac_8in_instance/mult_x_7_n28  
    mac_array_instance/genblk1_7__mac_col_inst/mac_8in_instance/mult_x_7_n29  
    mac_array_instance/genblk1_7__mac_col_inst/mac_8in_instance/mult_x_7_n30  
    mac_array_instance/genblk1_7__mac_col_inst/mac_8in_instance/mult_x_7_n31  
    mac_array_instance/genblk1_7__mac_col_inst/mac_8in_instance/mult_x_7_n32  
    mac_array_instance/genblk1_7__mac_col_inst/mac_8in_instance/mult_x_7_n33  
    mac_array_instance/genblk1_7__mac_col_inst/mac_8in_instance/mult_x_7_n34  
    mac_array_instance/genblk1_7__mac_col_inst/mac_8in_instance/mult_x_7_n35  
    mac_array_instance/genblk1_7__mac_col_inst/mac_8in_instance/mult_x_7_n36  
    mac_array_instance/genblk1_7__mac_col_inst/mac_8in_instance/mult_x_7_n37  
    mac_array_instance/genblk1_7__mac_col_inst/mac_8in_instance/mult_x_7_n38  
    mac_array_instance/genblk1_7__mac_col_inst/mac_8in_instance/mult_x_7_n39  
    mac_array_instance/genblk1_7__mac_col_inst/mac_8in_instance/mult_x_7_n40  
    mac_array_instance/genblk1_7__mac_col_inst/mac_8in_instance/mult_x_7_n41  
    mac_array_instance/genblk1_7__mac_col_inst/mac_8in_instance/mult_x_7_n42  
    mac_array_instance/genblk1_7__mac_col_inst/mac_8in_instance/mult_x_7_n43  
    mac_array_instance/genblk1_7__mac_col_inst/mac_8in_instance/mult_x_7_n46  
    mac_array_instance/genblk1_7__mac_col_inst/mac_8in_instance/mult_x_7_n59  
    mac_array_instance/genblk1_7__mac_col_inst/mac_8in_instance/mult_x_7_n60  
    mac_array_instance/genblk1_7__mac_col_inst/mac_8in_instance/mult_x_7_n63  
    mac_array_instance/genblk1_7__mac_col_inst/mac_8in_instance/mult_x_7_n65  
    mac_array_instance/genblk1_7__mac_col_inst/mac_8in_instance/mult_x_7_n66  
    mac_array_instance/genblk1_7__mac_col_inst/mac_8in_instance/mult_x_7_n67  
    mac_array_instance/genblk1_7__mac_col_inst/mac_8in_instance/mult_x_7_n68  
    mac_array_instance/genblk1_7__mac_col_inst/mac_8in_instance/mult_x_7_n69  
    mac_array_instance/genblk1_7__mac_col_inst/mac_8in_instance/mult_x_7_n72  
    mac_array_instance/genblk1_7__mac_col_inst/mac_8in_instance/mult_x_7_n74  
    mac_array_instance/genblk1_7__mac_col_inst/mac_8in_instance/mult_x_7_n75  
    mac_array_instance/genblk1_7__mac_col_inst/mac_8in_instance/mult_x_7_n80  
    mac_array_instance/genblk1_7__mac_col_inst/mac_8in_instance/mult_x_7_n81  
    mac_array_instance/genblk1_7__mac_col_inst/mac_8in_instance/mult_x_7_n82  
    mac_array_instance/genblk1_7__mac_col_inst/mac_8in_instance/mult_x_8_n23  
    mac_array_instance/genblk1_7__mac_col_inst/mac_8in_instance/mult_x_8_n24  
    mac_array_instance/genblk1_7__mac_col_inst/mac_8in_instance/mult_x_8_n25  
    mac_array_instance/genblk1_7__mac_col_inst/mac_8in_instance/mult_x_8_n26  
    mac_array_instance/genblk1_7__mac_col_inst/mac_8in_instance/mult_x_8_n27  
    mac_array_instance/genblk1_7__mac_col_inst/mac_8in_instance/mult_x_8_n28  
    mac_array_instance/genblk1_7__mac_col_inst/mac_8in_instance/mult_x_8_n29  
    mac_array_instance/genblk1_7__mac_col_inst/mac_8in_instance/mult_x_8_n30  
    mac_array_instance/genblk1_7__mac_col_inst/mac_8in_instance/mult_x_8_n31  
    mac_array_instance/genblk1_7__mac_col_inst/mac_8in_instance/mult_x_8_n32  
    mac_array_instance/genblk1_7__mac_col_inst/mac_8in_instance/mult_x_8_n33  
    mac_array_instance/genblk1_7__mac_col_inst/mac_8in_instance/mult_x_8_n34  
    mac_array_instance/genblk1_7__mac_col_inst/mac_8in_instance/mult_x_8_n35  
    mac_array_instance/genblk1_7__mac_col_inst/mac_8in_instance/mult_x_8_n36  
    mac_array_instance/genblk1_7__mac_col_inst/mac_8in_instance/mult_x_8_n37  
    mac_array_instance/genblk1_7__mac_col_inst/mac_8in_instance/mult_x_8_n38  
    mac_array_instance/genblk1_7__mac_col_inst/mac_8in_instance/mult_x_8_n39  
    mac_array_instance/genblk1_7__mac_col_inst/mac_8in_instance/mult_x_8_n40  
    mac_array_instance/genblk1_7__mac_col_inst/mac_8in_instance/mult_x_8_n41  
    mac_array_instance/genblk1_7__mac_col_inst/mac_8in_instance/mult_x_8_n42  
    mac_array_instance/genblk1_7__mac_col_inst/mac_8in_instance/mult_x_8_n43  
    mac_array_instance/genblk1_7__mac_col_inst/mac_8in_instance/mult_x_8_n46  
    mac_array_instance/genblk1_7__mac_col_inst/mac_8in_instance/mult_x_8_n59  
    mac_array_instance/genblk1_7__mac_col_inst/mac_8in_instance/mult_x_8_n60  
    mac_array_instance/genblk1_7__mac_col_inst/mac_8in_instance/mult_x_8_n63  
    mac_array_instance/genblk1_7__mac_col_inst/mac_8in_instance/mult_x_8_n65  
    mac_array_instance/genblk1_7__mac_col_inst/mac_8in_instance/mult_x_8_n66  
    mac_array_instance/genblk1_7__mac_col_inst/mac_8in_instance/mult_x_8_n67  
    mac_array_instance/genblk1_7__mac_col_inst/mac_8in_instance/mult_x_8_n68  
    mac_array_instance/genblk1_7__mac_col_inst/mac_8in_instance/mult_x_8_n69  
    mac_array_instance/genblk1_7__mac_col_inst/mac_8in_instance/mult_x_8_n72  
    mac_array_instance/genblk1_7__mac_col_inst/mac_8in_instance/mult_x_8_n74  
    mac_array_instance/genblk1_7__mac_col_inst/mac_8in_instance/mult_x_8_n75  
    mac_array_instance/genblk1_7__mac_col_inst/mac_8in_instance/mult_x_8_n80  
    mac_array_instance/genblk1_7__mac_col_inst/mac_8in_instance/mult_x_8_n81  
    mac_array_instance/genblk1_7__mac_col_inst/mac_8in_instance/mult_x_8_n82  
    mac_array_instance/genblk1_7__mac_col_inst/mac_8in_instance/DP_OP_47J6_122_9468_n20  
    mac_array_instance/genblk1_7__mac_col_inst/mac_8in_instance/DP_OP_47J6_122_9468_n21  
    mac_array_instance/genblk1_7__mac_col_inst/mac_8in_instance/DP_OP_47J6_122_9468_n22  
    mac_array_instance/genblk1_7__mac_col_inst/mac_8in_instance/DP_OP_47J6_122_9468_n23  
    mac_array_instance/genblk1_7__mac_col_inst/mac_8in_instance/DP_OP_47J6_122_9468_n24  
    mac_array_instance/genblk1_7__mac_col_inst/mac_8in_instance/DP_OP_47J6_122_9468_n25  
    mac_array_instance/genblk1_7__mac_col_inst/mac_8in_instance/DP_OP_47J6_122_9468_n26  
    mac_array_instance/genblk1_7__mac_col_inst/mac_8in_instance/DP_OP_47J6_122_9468_n27  
    mac_array_instance/genblk1_7__mac_col_inst/mac_8in_instance/DP_OP_47J6_122_9468_n28  
    mac_array_instance/genblk1_7__mac_col_inst/mac_8in_instance/DP_OP_47J6_122_9468_n29  
    mac_array_instance/genblk1_7__mac_col_inst/mac_8in_instance/DP_OP_47J6_122_9468_n30  
    mac_array_instance/genblk1_7__mac_col_inst/mac_8in_instance/DP_OP_47J6_122_9468_n31  
    mac_array_instance/genblk1_7__mac_col_inst/mac_8in_instance/DP_OP_47J6_122_9468_n32  
    mac_array_instance/genblk1_7__mac_col_inst/mac_8in_instance/DP_OP_47J6_122_9468_n33  
    mac_array_instance/genblk1_7__mac_col_inst/mac_8in_instance/DP_OP_47J6_122_9468_n34  
    mac_array_instance/genblk1_7__mac_col_inst/mac_8in_instance/DP_OP_47J6_122_9468_n35  
    mac_array_instance/genblk1_7__mac_col_inst/mac_8in_instance/DP_OP_47J6_122_9468_n36  
    mac_array_instance/genblk1_7__mac_col_inst/mac_8in_instance/DP_OP_47J6_122_9468_n37  
    mac_array_instance/genblk1_7__mac_col_inst/mac_8in_instance/DP_OP_47J6_122_9468_n38  
    mac_array_instance/genblk1_7__mac_col_inst/mac_8in_instance/DP_OP_47J6_122_9468_n39  
    mac_array_instance/genblk1_7__mac_col_inst/mac_8in_instance/DP_OP_47J6_122_9468_n40  
    mac_array_instance/genblk1_7__mac_col_inst/mac_8in_instance/DP_OP_47J6_122_9468_n41  
    mac_array_instance/genblk1_7__mac_col_inst/mac_8in_instance/DP_OP_47J6_122_9468_n42  
    mac_array_instance/genblk1_7__mac_col_inst/mac_8in_instance/DP_OP_47J6_122_9468_n43  
    mac_array_instance/genblk1_7__mac_col_inst/mac_8in_instance/DP_OP_47J6_122_9468_n44  
    mac_array_instance/genblk1_7__mac_col_inst/mac_8in_instance/DP_OP_47J6_122_9468_n45  
    mac_array_instance/genblk1_7__mac_col_inst/mac_8in_instance/DP_OP_47J6_122_9468_n46  
    mac_array_instance/genblk1_7__mac_col_inst/mac_8in_instance/DP_OP_47J6_122_9468_n47  
    mac_array_instance/genblk1_7__mac_col_inst/mac_8in_instance/DP_OP_47J6_122_9468_n48  
    mac_array_instance/genblk1_7__mac_col_inst/mac_8in_instance/DP_OP_47J6_122_9468_n49  
    mac_array_instance/genblk1_7__mac_col_inst/mac_8in_instance/DP_OP_47J6_122_9468_n50  
    mac_array_instance/genblk1_7__mac_col_inst/mac_8in_instance/DP_OP_47J6_122_9468_n51  
    mac_array_instance/genblk1_7__mac_col_inst/mac_8in_instance/DP_OP_47J6_122_9468_n52  
    mac_array_instance/genblk1_7__mac_col_inst/mac_8in_instance/DP_OP_47J6_122_9468_n53  
    mac_array_instance/genblk1_7__mac_col_inst/mac_8in_instance/DP_OP_47J6_122_9468_n54  
    mac_array_instance/genblk1_7__mac_col_inst/mac_8in_instance/DP_OP_47J6_122_9468_n55  
    mac_array_instance/genblk1_7__mac_col_inst/mac_8in_instance/DP_OP_47J6_122_9468_n56  
    mac_array_instance/genblk1_7__mac_col_inst/mac_8in_instance/DP_OP_47J6_122_9468_n57  
    mac_array_instance/genblk1_7__mac_col_inst/mac_8in_instance/DP_OP_47J6_122_9468_n58  
    mac_array_instance/genblk1_7__mac_col_inst/mac_8in_instance/DP_OP_47J6_122_9468_n59  
    mac_array_instance/genblk1_7__mac_col_inst/mac_8in_instance/DP_OP_47J6_122_9468_n60  
    mac_array_instance/genblk1_7__mac_col_inst/mac_8in_instance/DP_OP_47J6_122_9468_n61  
    mac_array_instance/genblk1_7__mac_col_inst/mac_8in_instance/DP_OP_47J6_122_9468_n62  
    mac_array_instance/genblk1_7__mac_col_inst/mac_8in_instance/DP_OP_47J6_122_9468_n63  
    mac_array_instance/genblk1_7__mac_col_inst/mac_8in_instance/DP_OP_47J6_122_9468_n64  
    mac_array_instance/genblk1_7__mac_col_inst/mac_8in_instance/DP_OP_47J6_122_9468_n65  
    mac_array_instance/genblk1_7__mac_col_inst/mac_8in_instance/DP_OP_47J6_122_9468_n66  
    mac_array_instance/genblk1_7__mac_col_inst/mac_8in_instance/DP_OP_47J6_122_9468_n67  
    mac_array_instance/genblk1_7__mac_col_inst/mac_8in_instance/DP_OP_47J6_122_9468_n68  
    mac_array_instance/genblk1_7__mac_col_inst/mac_8in_instance/DP_OP_47J6_122_9468_n69  
    mac_array_instance/genblk1_7__mac_col_inst/mac_8in_instance/DP_OP_47J6_122_9468_n70  
    mac_array_instance/genblk1_7__mac_col_inst/mac_8in_instance/DP_OP_47J6_122_9468_n71  
    mac_array_instance/genblk1_7__mac_col_inst/mac_8in_instance/DP_OP_47J6_122_9468_n72  
    mac_array_instance/genblk1_7__mac_col_inst/mac_8in_instance/DP_OP_47J6_122_9468_n73  
    mac_array_instance/genblk1_7__mac_col_inst/mac_8in_instance/DP_OP_47J6_122_9468_n74  
    mac_array_instance/genblk1_7__mac_col_inst/mac_8in_instance/DP_OP_47J6_122_9468_n75  
    mac_array_instance/genblk1_7__mac_col_inst/mac_8in_instance/DP_OP_47J6_122_9468_n76  
    mac_array_instance/genblk1_7__mac_col_inst/mac_8in_instance/DP_OP_47J6_122_9468_n77  
    mac_array_instance/genblk1_7__mac_col_inst/mac_8in_instance/DP_OP_47J6_122_9468_n78  
    mac_array_instance/genblk1_7__mac_col_inst/mac_8in_instance/DP_OP_47J6_122_9468_n79  
    mac_array_instance/genblk1_7__mac_col_inst/mac_8in_instance/DP_OP_47J6_122_9468_n80  
    mac_array_instance/genblk1_7__mac_col_inst/mac_8in_instance/DP_OP_47J6_122_9468_n81  
    mac_array_instance/genblk1_7__mac_col_inst/mac_8in_instance/DP_OP_47J6_122_9468_n82  
    mac_array_instance/genblk1_7__mac_col_inst/mac_8in_instance/DP_OP_47J6_122_9468_n83  
    mac_array_instance/genblk1_7__mac_col_inst/mac_8in_instance/DP_OP_47J6_122_9468_n84  
    mac_array_instance/genblk1_7__mac_col_inst/mac_8in_instance/DP_OP_47J6_122_9468_n85  
    mac_array_instance/genblk1_7__mac_col_inst/mac_8in_instance/DP_OP_47J6_122_9468_n86  
    mac_array_instance/genblk1_7__mac_col_inst/mac_8in_instance/DP_OP_47J6_122_9468_n87  
    mac_array_instance/genblk1_7__mac_col_inst/mac_8in_instance/DP_OP_47J6_122_9468_n88  
    mac_array_instance/genblk1_7__mac_col_inst/mac_8in_instance/DP_OP_47J6_122_9468_n89  
    mac_array_instance/genblk1_7__mac_col_inst/mac_8in_instance/DP_OP_47J6_122_9468_n90  
    mac_array_instance/genblk1_7__mac_col_inst/mac_8in_instance/DP_OP_47J6_122_9468_n91  
    mac_array_instance/genblk1_7__mac_col_inst/mac_8in_instance/DP_OP_47J6_122_9468_n92  
    mac_array_instance/genblk1_7__mac_col_inst/mac_8in_instance/DP_OP_47J6_122_9468_n93  
    mac_array_instance/genblk1_7__mac_col_inst/mac_8in_instance/DP_OP_47J6_122_9468_n94  
    mac_array_instance/genblk1_7__mac_col_inst/mac_8in_instance/DP_OP_47J6_122_9468_n95  
    mac_array_instance/genblk1_7__mac_col_inst/mac_8in_instance/DP_OP_47J6_122_9468_n96  
    mac_array_instance/genblk1_7__mac_col_inst/mac_8in_instance/DP_OP_47J6_122_9468_n97  
    mac_array_instance/genblk1_7__mac_col_inst/mac_8in_instance/DP_OP_47J6_122_9468_n98  
    mac_array_instance/genblk1_7__mac_col_inst/mac_8in_instance/DP_OP_47J6_122_9468_n99  
    mac_array_instance/genblk1_7__mac_col_inst/mac_8in_instance/DP_OP_47J6_122_9468_n100  
    mac_array_instance/genblk1_7__mac_col_inst/mac_8in_instance/DP_OP_47J6_122_9468_n101  
    mac_array_instance/genblk1_7__mac_col_inst/mac_8in_instance/DP_OP_47J6_122_9468_n102  
    mac_array_instance/genblk1_7__mac_col_inst/mac_8in_instance/DP_OP_47J6_122_9468_n103  
    mac_array_instance/genblk1_7__mac_col_inst/mac_8in_instance/DP_OP_47J6_122_9468_n104  
    mac_array_instance/genblk1_7__mac_col_inst/mac_8in_instance/DP_OP_47J6_122_9468_n105  
    mac_array_instance/genblk1_7__mac_col_inst/mac_8in_instance/DP_OP_47J6_122_9468_n106  
    mac_array_instance/genblk1_7__mac_col_inst/mac_8in_instance/DP_OP_47J6_122_9468_n107  
    mac_array_instance/genblk1_7__mac_col_inst/mac_8in_instance/DP_OP_47J6_122_9468_n108  
    mac_array_instance/genblk1_7__mac_col_inst/mac_8in_instance/DP_OP_47J6_122_9468_n109  
    mac_array_instance/genblk1_7__mac_col_inst/mac_8in_instance/DP_OP_47J6_122_9468_n110  
    mac_array_instance/genblk1_7__mac_col_inst/mac_8in_instance/DP_OP_47J6_122_9468_n111  
    mac_array_instance/genblk1_7__mac_col_inst/mac_8in_instance/DP_OP_47J6_122_9468_n112  
    mac_array_instance/genblk1_7__mac_col_inst/mac_8in_instance/DP_OP_47J6_122_9468_n113  
    mac_array_instance/genblk1_7__mac_col_inst/mac_8in_instance/DP_OP_47J6_122_9468_n114  
    mac_array_instance/genblk1_7__mac_col_inst/mac_8in_instance/DP_OP_47J6_122_9468_n115  
    mac_array_instance/genblk1_7__mac_col_inst/mac_8in_instance/DP_OP_47J6_122_9468_n116  
    mac_array_instance/genblk1_7__mac_col_inst/mac_8in_instance/DP_OP_47J6_122_9468_n117  
    mac_array_instance/genblk1_7__mac_col_inst/mac_8in_instance/DP_OP_47J6_122_9468_n118  
    mac_array_instance/genblk1_7__mac_col_inst/mac_8in_instance/DP_OP_47J6_122_9468_n119  
    mac_array_instance/genblk1_7__mac_col_inst/mac_8in_instance/DP_OP_47J6_122_9468_n120  
    mac_array_instance/genblk1_7__mac_col_inst/mac_8in_instance/DP_OP_47J6_122_9468_n121  
    mac_array_instance/genblk1_7__mac_col_inst/mac_8in_instance/DP_OP_47J6_122_9468_n122  
    mac_array_instance/genblk1_7__mac_col_inst/mac_8in_instance/DP_OP_47J6_122_9468_n123  
    mac_array_instance/genblk1_7__mac_col_inst/mac_8in_instance/DP_OP_47J6_122_9468_n124  
    mac_array_instance/genblk1_7__mac_col_inst/mac_8in_instance/DP_OP_47J6_122_9468_n125  
    mac_array_instance/genblk1_7__mac_col_inst/mac_8in_instance/DP_OP_47J6_122_9468_n126  
    mac_array_instance/genblk1_7__mac_col_inst/mac_8in_instance/DP_OP_47J6_122_9468_n127  
    mac_array_instance/genblk1_7__mac_col_inst/mac_8in_instance/DP_OP_47J6_122_9468_n128  
    mac_array_instance/genblk1_7__mac_col_inst/mac_8in_instance/DP_OP_47J6_122_9468_n129  
    mac_array_instance/genblk1_7__mac_col_inst/mac_8in_instance/DP_OP_47J6_122_9468_n130  
    mac_array_instance/genblk1_7__mac_col_inst/mac_8in_instance/DP_OP_47J6_122_9468_n131  
    mac_array_instance/genblk1_7__mac_col_inst/mac_8in_instance/DP_OP_47J6_122_9468_n132  
    mac_array_instance/genblk1_7__mac_col_inst/mac_8in_instance/DP_OP_47J6_122_9468_n133  
    mac_array_instance/genblk1_7__mac_col_inst/mac_8in_instance/DP_OP_47J6_122_9468_n134  
    mac_array_instance/genblk1_7__mac_col_inst/mac_8in_instance/DP_OP_47J6_122_9468_n135  
    mac_array_instance/genblk1_7__mac_col_inst/mac_8in_instance/DP_OP_47J6_122_9468_n136  
    mac_array_instance/genblk1_7__mac_col_inst/mac_8in_instance/DP_OP_47J6_122_9468_n137  
    mac_array_instance/genblk1_7__mac_col_inst/mac_8in_instance/DP_OP_47J6_122_9468_n138  
    mac_array_instance/genblk1_7__mac_col_inst/mac_8in_instance/DP_OP_47J6_122_9468_n139  
    mac_array_instance/genblk1_7__mac_col_inst/mac_8in_instance/DP_OP_47J6_122_9468_n140  
    mac_array_instance/genblk1_7__mac_col_inst/mac_8in_instance/DP_OP_47J6_122_9468_n141  
    mac_array_instance/genblk1_7__mac_col_inst/mac_8in_instance/DP_OP_47J6_122_9468_n142  
    mac_array_instance/genblk1_7__mac_col_inst/mac_8in_instance/DP_OP_47J6_122_9468_n143  
    mac_array_instance/genblk1_7__mac_col_inst/mac_8in_instance/DP_OP_47J6_122_9468_n144  
    mac_array_instance/genblk1_7__mac_col_inst/mac_8in_instance/DP_OP_47J6_122_9468_n145  
    mac_array_instance/genblk1_7__mac_col_inst/mac_8in_instance/DP_OP_47J6_122_9468_n146  
    mac_array_instance/genblk1_7__mac_col_inst/mac_8in_instance/DP_OP_47J6_122_9468_n147  
    mac_array_instance/genblk1_7__mac_col_inst/mac_8in_instance/DP_OP_47J6_122_9468_n148  
    mac_array_instance/genblk1_7__mac_col_inst/mac_8in_instance/DP_OP_47J6_122_9468_n149  
    mac_array_instance/genblk1_7__mac_col_inst/mac_8in_instance/DP_OP_47J6_122_9468_n150  
    mac_array_instance/genblk1_7__mac_col_inst/mac_8in_instance/DP_OP_47J6_122_9468_n151  
    mac_array_instance/genblk1_7__mac_col_inst/mac_8in_instance/DP_OP_47J6_122_9468_n152  
    mac_array_instance/genblk1_7__mac_col_inst/mac_8in_instance/DP_OP_47J6_122_9468_n153  
    mac_array_instance/genblk1_7__mac_col_inst/mac_8in_instance/DP_OP_47J6_122_9468_n154  
    mac_array_instance/genblk1_7__mac_col_inst/mac_8in_instance/DP_OP_47J6_122_9468_n155  
    mac_array_instance/genblk1_7__mac_col_inst/mac_8in_instance/DP_OP_47J6_122_9468_n156  
    mac_array_instance/genblk1_7__mac_col_inst/mac_8in_instance/DP_OP_47J6_122_9468_n157  
    mac_array_instance/genblk1_7__mac_col_inst/mac_8in_instance/DP_OP_47J6_122_9468_n158  
    mac_array_instance/genblk1_7__mac_col_inst/mac_8in_instance/DP_OP_47J6_122_9468_n159  
    mac_array_instance/genblk1_7__mac_col_inst/mac_8in_instance/DP_OP_47J6_122_9468_n160  
    mac_array_instance/genblk1_7__mac_col_inst/mac_8in_instance/DP_OP_47J6_122_9468_n161  
    mac_array_instance/genblk1_7__mac_col_inst/mac_8in_instance/DP_OP_47J6_122_9468_n163  
    mac_array_instance/genblk1_7__mac_col_inst/mac_8in_instance/DP_OP_47J6_122_9468_n164  
    mac_array_instance/genblk1_7__mac_col_inst/mac_8in_instance/DP_OP_47J6_122_9468_n165  
    mac_array_instance/genblk1_7__mac_col_inst/mac_8in_instance/DP_OP_47J6_122_9468_n166  
    mac_array_instance/genblk1_7__mac_col_inst/mac_8in_instance/DP_OP_47J6_122_9468_n167  
    mac_array_instance/genblk1_7__mac_col_inst/mac_8in_instance/DP_OP_47J6_122_9468_n168  
    mac_array_instance/genblk1_7__mac_col_inst/mac_8in_instance/DP_OP_47J6_122_9468_n169  
    mac_array_instance/genblk1_7__mac_col_inst/mac_8in_instance/DP_OP_47J6_122_9468_n170  
    mac_array_instance/genblk1_7__mac_col_inst/mac_8in_instance/N264  
    mac_array_instance/genblk1_7__mac_col_inst/mac_8in_instance/N262  
    mac_array_instance/genblk1_7__mac_col_inst/mac_8in_instance/N261  
    mac_array_instance/genblk1_7__mac_col_inst/mac_8in_instance/N260  
    mac_array_instance/genblk1_7__mac_col_inst/mac_8in_instance/N259  
    mac_array_instance/genblk1_7__mac_col_inst/mac_8in_instance/N258  
    mac_array_instance/genblk1_7__mac_col_inst/mac_8in_instance/N257  
    mac_array_instance/genblk1_7__mac_col_inst/mac_8in_instance/N256  
    mac_array_instance/genblk1_7__mac_col_inst/mac_8in_instance/N255  
    mac_array_instance/genblk1_7__mac_col_inst/mac_8in_instance/N254  
    mac_array_instance/genblk1_7__mac_col_inst/mac_8in_instance/N253  
    mac_array_instance/genblk1_7__mac_col_inst/mac_8in_instance/N252  
    mac_array_instance/genblk1_7__mac_col_inst/mac_8in_instance/N251  
    mac_array_instance/genblk1_7__mac_col_inst/mac_8in_instance/N250  
    mac_array_instance/genblk1_7__mac_col_inst/mac_8in_instance/N249  
    mac_array_instance/genblk1_7__mac_col_inst/mac_8in_instance/N248  
    mac_array_instance/genblk1_7__mac_col_inst/mac_8in_instance/N247  
    mac_array_instance/genblk1_7__mac_col_inst/mac_8in_instance/N246  
    mac_array_instance/genblk1_7__mac_col_inst/mac_8in_instance/N245  
    mac_array_instance/genblk1_7__mac_col_inst/mac_8in_instance/N130  
    mac_array_instance/genblk1_7__mac_col_inst/mac_8in_instance/N129  
    mac_array_instance/genblk1_7__mac_col_inst/mac_8in_instance/N128  
    mac_array_instance/genblk1_7__mac_col_inst/mac_8in_instance/N127  
    mac_array_instance/genblk1_7__mac_col_inst/mac_8in_instance/N126  
    mac_array_instance/genblk1_7__mac_col_inst/mac_8in_instance/N125  
    mac_array_instance/genblk1_7__mac_col_inst/mac_8in_instance/N124  
    mac_array_instance/genblk1_7__mac_col_inst/mac_8in_instance/N123  
    mac_array_instance/genblk1_7__mac_col_inst/mac_8in_instance/N122  
    mac_array_instance/genblk1_7__mac_col_inst/mac_8in_instance/N121  
    mac_array_instance/genblk1_7__mac_col_inst/mac_8in_instance/N120  
    mac_array_instance/genblk1_7__mac_col_inst/mac_8in_instance/N119  
    mac_array_instance/genblk1_7__mac_col_inst/mac_8in_instance/N118  
    mac_array_instance/genblk1_7__mac_col_inst/mac_8in_instance/N117  
    mac_array_instance/genblk1_7__mac_col_inst/mac_8in_instance/N116  
    mac_array_instance/genblk1_7__mac_col_inst/mac_8in_instance/N115  
    mac_array_instance/genblk1_7__mac_col_inst/mac_8in_instance/N114  
    mac_array_instance/genblk1_7__mac_col_inst/mac_8in_instance/N113  
    mac_array_instance/genblk1_7__mac_col_inst/mac_8in_instance/N112  
    mac_array_instance/genblk1_7__mac_col_inst/mac_8in_instance/N111  
    mac_array_instance/genblk1_7__mac_col_inst/mac_8in_instance/N110  
    mac_array_instance/genblk1_7__mac_col_inst/mac_8in_instance/N109  
    mac_array_instance/genblk1_7__mac_col_inst/mac_8in_instance/N108  
    mac_array_instance/genblk1_7__mac_col_inst/mac_8in_instance/N107  
    mac_array_instance/genblk1_7__mac_col_inst/mac_8in_instance/N106  
    mac_array_instance/genblk1_7__mac_col_inst/mac_8in_instance/N105  
    mac_array_instance/genblk1_7__mac_col_inst/mac_8in_instance/N104  
    mac_array_instance/genblk1_7__mac_col_inst/mac_8in_instance/N103  
    mac_array_instance/genblk1_7__mac_col_inst/mac_8in_instance/N102  
    mac_array_instance/genblk1_7__mac_col_inst/mac_8in_instance/N101  
    mac_array_instance/genblk1_7__mac_col_inst/mac_8in_instance/N100  
    mac_array_instance/genblk1_7__mac_col_inst/mac_8in_instance/N99  
    mac_array_instance/genblk1_7__mac_col_inst/mac_8in_instance/N98  
    mac_array_instance/genblk1_7__mac_col_inst/mac_8in_instance/N97  
    mac_array_instance/genblk1_7__mac_col_inst/mac_8in_instance/N96  
    mac_array_instance/genblk1_7__mac_col_inst/mac_8in_instance/N95  
    mac_array_instance/genblk1_7__mac_col_inst/mac_8in_instance/N94  
    mac_array_instance/genblk1_7__mac_col_inst/mac_8in_instance/N93  
    mac_array_instance/genblk1_7__mac_col_inst/mac_8in_instance/N92  
    mac_array_instance/genblk1_7__mac_col_inst/mac_8in_instance/N91  
    mac_array_instance/genblk1_7__mac_col_inst/mac_8in_instance/N90  
    mac_array_instance/genblk1_7__mac_col_inst/mac_8in_instance/N89  
    mac_array_instance/genblk1_7__mac_col_inst/mac_8in_instance/N88  
    mac_array_instance/genblk1_7__mac_col_inst/mac_8in_instance/N87  
    mac_array_instance/genblk1_7__mac_col_inst/mac_8in_instance/N86  
    mac_array_instance/genblk1_7__mac_col_inst/mac_8in_instance/N85  
    mac_array_instance/genblk1_7__mac_col_inst/mac_8in_instance/N84  
    mac_array_instance/genblk1_7__mac_col_inst/mac_8in_instance/N83  
    mac_array_instance/genblk1_7__mac_col_inst/mac_8in_instance/N82  
    mac_array_instance/genblk1_7__mac_col_inst/mac_8in_instance/N81  
    mac_array_instance/genblk1_7__mac_col_inst/mac_8in_instance/N80  
    mac_array_instance/genblk1_7__mac_col_inst/mac_8in_instance/N79  
    mac_array_instance/genblk1_7__mac_col_inst/mac_8in_instance/N78  
    mac_array_instance/genblk1_7__mac_col_inst/mac_8in_instance/N77  
    mac_array_instance/genblk1_7__mac_col_inst/mac_8in_instance/N76  
    mac_array_instance/genblk1_7__mac_col_inst/mac_8in_instance/N75  
    mac_array_instance/genblk1_7__mac_col_inst/mac_8in_instance/N74  
    mac_array_instance/genblk1_7__mac_col_inst/mac_8in_instance/N73  
    mac_array_instance/genblk1_7__mac_col_inst/mac_8in_instance/N72  
    mac_array_instance/genblk1_7__mac_col_inst/mac_8in_instance/N71  
    mac_array_instance/genblk1_7__mac_col_inst/mac_8in_instance/N70  
    mac_array_instance/genblk1_7__mac_col_inst/mac_8in_instance/N69  
    mac_array_instance/genblk1_7__mac_col_inst/mac_8in_instance/N68  
    mac_array_instance/genblk1_7__mac_col_inst/mac_8in_instance/N67  
    mac_array_instance/genblk1_7__mac_col_inst/mac_8in_instance/N66  
    mac_array_instance/genblk1_7__mac_col_inst/mac_8in_instance/N65  
    mac_array_instance/genblk1_7__mac_col_inst/mac_8in_instance/N64  
    mac_array_instance/genblk1_7__mac_col_inst/mac_8in_instance/N63  
    mac_array_instance/genblk1_7__mac_col_inst/mac_8in_instance/N62  
    mac_array_instance/genblk1_7__mac_col_inst/mac_8in_instance/N61  
    mac_array_instance/genblk1_7__mac_col_inst/mac_8in_instance/N60  
    mac_array_instance/genblk1_7__mac_col_inst/mac_8in_instance/N59  
    mac_array_instance/genblk1_7__mac_col_inst/mac_8in_instance/N58  
    mac_array_instance/genblk1_7__mac_col_inst/mac_8in_instance/N57  
    mac_array_instance/genblk1_7__mac_col_inst/mac_8in_instance/N56  
    mac_array_instance/genblk1_7__mac_col_inst/mac_8in_instance/N55  
    mac_array_instance/genblk1_7__mac_col_inst/mac_8in_instance/N54  
    mac_array_instance/genblk1_7__mac_col_inst/mac_8in_instance/N53  
    mac_array_instance/genblk1_7__mac_col_inst/mac_8in_instance/N52  
    mac_array_instance/genblk1_7__mac_col_inst/mac_8in_instance/N51  
    mac_array_instance/genblk1_7__mac_col_inst/mac_8in_instance/N50  
    mac_array_instance/genblk1_7__mac_col_inst/mac_8in_instance/N49  
    mac_array_instance/genblk1_7__mac_col_inst/mac_8in_instance/N48  
    mac_array_instance/genblk1_7__mac_col_inst/mac_8in_instance/N47  
    mac_array_instance/genblk1_7__mac_col_inst/mac_8in_instance/N46  
    mac_array_instance/genblk1_7__mac_col_inst/mac_8in_instance/N45  
    mac_array_instance/genblk1_7__mac_col_inst/mac_8in_instance/N44  
    mac_array_instance/genblk1_7__mac_col_inst/mac_8in_instance/N43  
    mac_array_instance/genblk1_7__mac_col_inst/mac_8in_instance/N42  
    mac_array_instance/genblk1_7__mac_col_inst/mac_8in_instance/N41  
    mac_array_instance/genblk1_7__mac_col_inst/mac_8in_instance/N40  
    mac_array_instance/genblk1_7__mac_col_inst/mac_8in_instance/N39  
    mac_array_instance/genblk1_7__mac_col_inst/mac_8in_instance/N38  
    mac_array_instance/genblk1_7__mac_col_inst/mac_8in_instance/N37  
    mac_array_instance/genblk1_7__mac_col_inst/mac_8in_instance/N36  
    mac_array_instance/genblk1_7__mac_col_inst/mac_8in_instance/N35  
    mac_array_instance/genblk1_7__mac_col_inst/mac_8in_instance/N34  
    mac_array_instance/genblk1_7__mac_col_inst/mac_8in_instance/N33  
    mac_array_instance/genblk1_7__mac_col_inst/mac_8in_instance/N32  
    mac_array_instance/genblk1_7__mac_col_inst/mac_8in_instance/N31  
    mac_array_instance/genblk1_7__mac_col_inst/mac_8in_instance/N30  
    mac_array_instance/genblk1_7__mac_col_inst/mac_8in_instance/N29  
    mac_array_instance/genblk1_7__mac_col_inst/mac_8in_instance/N28  
    mac_array_instance/genblk1_7__mac_col_inst/mac_8in_instance/N27  
    mac_array_instance/genblk1_7__mac_col_inst/mac_8in_instance/N26  
    mac_array_instance/genblk1_7__mac_col_inst/mac_8in_instance/N25  
    mac_array_instance/genblk1_7__mac_col_inst/mac_8in_instance/N24  
    mac_array_instance/genblk1_7__mac_col_inst/mac_8in_instance/N23  
    mac_array_instance/genblk1_7__mac_col_inst/mac_8in_instance/N22  
    mac_array_instance/genblk1_7__mac_col_inst/mac_8in_instance/N21  
    mac_array_instance/genblk1_7__mac_col_inst/mac_8in_instance/N20  
    mac_array_instance/genblk1_7__mac_col_inst/mac_8in_instance/N19  
    mac_array_instance/genblk1_7__mac_col_inst/mac_8in_instance/N18  
    mac_array_instance/genblk1_7__mac_col_inst/mac_8in_instance/N17  
    mac_array_instance/genblk1_7__mac_col_inst/mac_8in_instance/N16  
    mac_array_instance/genblk1_7__mac_col_inst/mac_8in_instance/N15  
    mac_array_instance/genblk1_7__mac_col_inst/mac_8in_instance/N14  
    mac_array_instance/genblk1_7__mac_col_inst/mac_8in_instance/N13  
    mac_array_instance/genblk1_7__mac_col_inst/mac_8in_instance/N12  
    mac_array_instance/genblk1_7__mac_col_inst/mac_8in_instance/N11  
    mac_array_instance/genblk1_7__mac_col_inst/mac_8in_instance/N10  
    mac_array_instance/genblk1_7__mac_col_inst/mac_8in_instance/N9  
    mac_array_instance/genblk1_7__mac_col_inst/mac_8in_instance/N8  
    mac_array_instance/genblk1_7__mac_col_inst/mac_8in_instance/N7  
    mac_array_instance/genblk1_7__mac_col_inst/mac_8in_instance/N6  
    mac_array_instance/genblk1_7__mac_col_inst/mac_8in_instance/N5  
    mac_array_instance/genblk1_7__mac_col_inst/mac_8in_instance/N4  
    mac_array_instance/genblk1_7__mac_col_inst/mac_8in_instance/N3  
    mac_array_instance/genblk1_7__mac_col_inst/cnt_q[0]  
    mac_array_instance/genblk1_7__mac_col_inst/cnt_q[1]  
    mac_array_instance/genblk1_7__mac_col_inst/cnt_q[2]  
    mac_array_instance/genblk1_7__mac_col_inst/cnt_q[3]  
    mac_array_instance/genblk1_7__mac_col_inst/key_q[0]  
    mac_array_instance/genblk1_7__mac_col_inst/key_q[1]  
    mac_array_instance/genblk1_7__mac_col_inst/key_q[2]  
    mac_array_instance/genblk1_7__mac_col_inst/key_q[3]  
    mac_array_instance/genblk1_7__mac_col_inst/key_q[4]  
    mac_array_instance/genblk1_7__mac_col_inst/key_q[5]  
    mac_array_instance/genblk1_7__mac_col_inst/key_q[6]  
    mac_array_instance/genblk1_7__mac_col_inst/key_q[7]  
    mac_array_instance/genblk1_7__mac_col_inst/key_q[8]  
    mac_array_instance/genblk1_7__mac_col_inst/key_q[9]  
    mac_array_instance/genblk1_7__mac_col_inst/key_q[10]  
    mac_array_instance/genblk1_7__mac_col_inst/key_q[11]  
    mac_array_instance/genblk1_7__mac_col_inst/key_q[12]  
    mac_array_instance/genblk1_7__mac_col_inst/key_q[13]  
    mac_array_instance/genblk1_7__mac_col_inst/key_q[14]  
    mac_array_instance/genblk1_7__mac_col_inst/key_q[15]  
    mac_array_instance/genblk1_7__mac_col_inst/key_q[16]  
    mac_array_instance/genblk1_7__mac_col_inst/key_q[17]  
    mac_array_instance/genblk1_7__mac_col_inst/key_q[18]  
    mac_array_instance/genblk1_7__mac_col_inst/key_q[19]  
    mac_array_instance/genblk1_7__mac_col_inst/key_q[20]  
    mac_array_instance/genblk1_7__mac_col_inst/key_q[21]  
    mac_array_instance/genblk1_7__mac_col_inst/key_q[22]  
    mac_array_instance/genblk1_7__mac_col_inst/key_q[23]  
    mac_array_instance/genblk1_7__mac_col_inst/key_q[24]  
    mac_array_instance/genblk1_7__mac_col_inst/key_q[25]  
    mac_array_instance/genblk1_7__mac_col_inst/key_q[26]  
    mac_array_instance/genblk1_7__mac_col_inst/key_q[27]  
    mac_array_instance/genblk1_7__mac_col_inst/key_q[28]  
    mac_array_instance/genblk1_7__mac_col_inst/key_q[29]  
    mac_array_instance/genblk1_7__mac_col_inst/key_q[30]  
    mac_array_instance/genblk1_7__mac_col_inst/key_q[31]  
    mac_array_instance/genblk1_7__mac_col_inst/key_q[32]  
    mac_array_instance/genblk1_7__mac_col_inst/key_q[33]  
    mac_array_instance/genblk1_7__mac_col_inst/key_q[34]  
    mac_array_instance/genblk1_7__mac_col_inst/key_q[35]  
    mac_array_instance/genblk1_7__mac_col_inst/key_q[36]  
    mac_array_instance/genblk1_7__mac_col_inst/key_q[37]  
    mac_array_instance/genblk1_7__mac_col_inst/key_q[38]  
    mac_array_instance/genblk1_7__mac_col_inst/key_q[39]  
    mac_array_instance/genblk1_7__mac_col_inst/key_q[40]  
    mac_array_instance/genblk1_7__mac_col_inst/key_q[41]  
    mac_array_instance/genblk1_7__mac_col_inst/key_q[42]  
    mac_array_instance/genblk1_7__mac_col_inst/key_q[43]  
    mac_array_instance/genblk1_7__mac_col_inst/key_q[44]  
    mac_array_instance/genblk1_7__mac_col_inst/key_q[45]  
    mac_array_instance/genblk1_7__mac_col_inst/key_q[46]  
    mac_array_instance/genblk1_7__mac_col_inst/key_q[47]  
    mac_array_instance/genblk1_7__mac_col_inst/key_q[48]  
    mac_array_instance/genblk1_7__mac_col_inst/key_q[49]  
    mac_array_instance/genblk1_7__mac_col_inst/key_q[50]  
    mac_array_instance/genblk1_7__mac_col_inst/key_q[51]  
    mac_array_instance/genblk1_7__mac_col_inst/key_q[52]  
    mac_array_instance/genblk1_7__mac_col_inst/key_q[53]  
    mac_array_instance/genblk1_7__mac_col_inst/key_q[54]  
    mac_array_instance/genblk1_7__mac_col_inst/key_q[55]  
    mac_array_instance/genblk1_7__mac_col_inst/key_q[56]  
    mac_array_instance/genblk1_7__mac_col_inst/key_q[57]  
    mac_array_instance/genblk1_7__mac_col_inst/key_q[58]  
    mac_array_instance/genblk1_7__mac_col_inst/key_q[59]  
    mac_array_instance/genblk1_7__mac_col_inst/key_q[60]  
    mac_array_instance/genblk1_7__mac_col_inst/key_q[61]  
    mac_array_instance/genblk1_7__mac_col_inst/key_q[62]  
    mac_array_instance/genblk1_7__mac_col_inst/key_q[63]  
    mac_array_instance/genblk1_7__mac_col_inst/n[64]  
    mac_array_instance/genblk1_7__mac_col_inst/n[63]  
    mac_array_instance/genblk1_7__mac_col_inst/n[62]  
    mac_array_instance/genblk1_7__mac_col_inst/n[61]  
    mac_array_instance/genblk1_7__mac_col_inst/n[60]  
    mac_array_instance/genblk1_7__mac_col_inst/n[59]  
    mac_array_instance/genblk1_7__mac_col_inst/n[58]  
    mac_array_instance/genblk1_7__mac_col_inst/n[57]  
    mac_array_instance/genblk1_7__mac_col_inst/n[56]  
    mac_array_instance/genblk1_7__mac_col_inst/n[55]  
    mac_array_instance/genblk1_7__mac_col_inst/n[54]  
    mac_array_instance/genblk1_7__mac_col_inst/n[53]  
    mac_array_instance/genblk1_7__mac_col_inst/n[52]  
    mac_array_instance/genblk1_7__mac_col_inst/n[51]  
    mac_array_instance/genblk1_7__mac_col_inst/n[50]  
    mac_array_instance/genblk1_7__mac_col_inst/n[49]  
    mac_array_instance/genblk1_7__mac_col_inst/n[48]  
    mac_array_instance/genblk1_7__mac_col_inst/n[47]  
    mac_array_instance/genblk1_7__mac_col_inst/n[46]  
    mac_array_instance/genblk1_7__mac_col_inst/n[45]  
    mac_array_instance/genblk1_7__mac_col_inst/n[44]  
    mac_array_instance/genblk1_7__mac_col_inst/n[43]  
    mac_array_instance/genblk1_7__mac_col_inst/n[42]  
    mac_array_instance/genblk1_7__mac_col_inst/n[41]  
    mac_array_instance/genblk1_7__mac_col_inst/n[40]  
    mac_array_instance/genblk1_7__mac_col_inst/n[39]  
    mac_array_instance/genblk1_7__mac_col_inst/n[38]  
    mac_array_instance/genblk1_7__mac_col_inst/n[37]  
    mac_array_instance/genblk1_7__mac_col_inst/n[36]  
    mac_array_instance/genblk1_7__mac_col_inst/n[35]  
    mac_array_instance/genblk1_7__mac_col_inst/n[34]  
    mac_array_instance/genblk1_7__mac_col_inst/n[33]  
    mac_array_instance/genblk1_7__mac_col_inst/n[32]  
    mac_array_instance/genblk1_7__mac_col_inst/n[31]  
    mac_array_instance/genblk1_7__mac_col_inst/n[30]  
    mac_array_instance/genblk1_7__mac_col_inst/n[29]  
    mac_array_instance/genblk1_7__mac_col_inst/n[28]  
    mac_array_instance/genblk1_7__mac_col_inst/n[27]  
    mac_array_instance/genblk1_7__mac_col_inst/n[26]  
    mac_array_instance/genblk1_7__mac_col_inst/n[25]  
    mac_array_instance/genblk1_7__mac_col_inst/n[24]  
    mac_array_instance/genblk1_7__mac_col_inst/n[23]  
    mac_array_instance/genblk1_7__mac_col_inst/n[22]  
    mac_array_instance/genblk1_7__mac_col_inst/n[21]  
    mac_array_instance/genblk1_7__mac_col_inst/n[20]  
    mac_array_instance/genblk1_7__mac_col_inst/n[19]  
    mac_array_instance/genblk1_7__mac_col_inst/n[18]  
    mac_array_instance/genblk1_7__mac_col_inst/n[17]  
    mac_array_instance/genblk1_7__mac_col_inst/n[16]  
    mac_array_instance/genblk1_7__mac_col_inst/n[15]  
    mac_array_instance/genblk1_7__mac_col_inst/n[14]  
    mac_array_instance/genblk1_7__mac_col_inst/n[13]  
    mac_array_instance/genblk1_7__mac_col_inst/n[12]  
    mac_array_instance/genblk1_7__mac_col_inst/n[11]  
    mac_array_instance/genblk1_7__mac_col_inst/n[10]  
    mac_array_instance/genblk1_7__mac_col_inst/n[9]  
    mac_array_instance/genblk1_7__mac_col_inst/n[8]  
    mac_array_instance/genblk1_7__mac_col_inst/n[7]  
    mac_array_instance/genblk1_7__mac_col_inst/n[6]  
    mac_array_instance/genblk1_7__mac_col_inst/n[5]  
    mac_array_instance/genblk1_7__mac_col_inst/n[4]  
    mac_array_instance/genblk1_7__mac_col_inst/n[3]  
    mac_array_instance/genblk1_7__mac_col_inst/n[2]  
    mac_array_instance/genblk1_7__mac_col_inst/n[1]  
    mac_array_instance/genblk1_7__mac_col_inst/n82  
    mac_array_instance/genblk1_7__mac_col_inst/n81  
    mac_array_instance/genblk1_7__mac_col_inst/n80  
    mac_array_instance/genblk1_7__mac_col_inst/n79  
    mac_array_instance/genblk1_7__mac_col_inst/n78  
    mac_array_instance/genblk1_7__mac_col_inst/n77  
    mac_array_instance/genblk1_7__mac_col_inst/n76  
    mac_array_instance/genblk1_7__mac_col_inst/n75  
    mac_array_instance/genblk1_7__mac_col_inst/n74  
    mac_array_instance/genblk1_7__mac_col_inst/n73  
    mac_array_instance/genblk1_7__mac_col_inst/n72  
    mac_array_instance/genblk1_7__mac_col_inst/n71  
    mac_array_instance/genblk1_7__mac_col_inst/n69  
    mac_array_instance/genblk1_7__mac_col_inst/n68  
    mac_array_instance/genblk1_7__mac_col_inst/n67  
    mac_array_instance/genblk1_7__mac_col_inst/n216  
    mac_array_instance/genblk1_7__mac_col_inst/n215  
    mac_array_instance/genblk1_7__mac_col_inst/n214  
    mac_array_instance/genblk1_7__mac_col_inst/n213  
    mac_array_instance/genblk1_7__mac_col_inst/n212  
    mac_array_instance/genblk1_7__mac_col_inst/n211  
    mac_array_instance/genblk1_7__mac_col_inst/n210  
    mac_array_instance/genblk1_7__mac_col_inst/n209  
    mac_array_instance/genblk1_7__mac_col_inst/n208  
    mac_array_instance/genblk1_7__mac_col_inst/n207  
    mac_array_instance/genblk1_7__mac_col_inst/n206  
    mac_array_instance/genblk1_7__mac_col_inst/n205  
    mac_array_instance/genblk1_7__mac_col_inst/n204  
    mac_array_instance/genblk1_7__mac_col_inst/n203  
    mac_array_instance/genblk1_7__mac_col_inst/n202  
    mac_array_instance/genblk1_7__mac_col_inst/n201  
    mac_array_instance/genblk1_7__mac_col_inst/n200  
    mac_array_instance/genblk1_7__mac_col_inst/n199  
    mac_array_instance/genblk1_7__mac_col_inst/n198  
    mac_array_instance/genblk1_7__mac_col_inst/n197  
    mac_array_instance/genblk1_7__mac_col_inst/n196  
    mac_array_instance/genblk1_7__mac_col_inst/n195  
    mac_array_instance/genblk1_7__mac_col_inst/n194  
    mac_array_instance/genblk1_7__mac_col_inst/n193  
    mac_array_instance/genblk1_7__mac_col_inst/n192  
    mac_array_instance/genblk1_7__mac_col_inst/n191  
    mac_array_instance/genblk1_7__mac_col_inst/n190  
    mac_array_instance/genblk1_7__mac_col_inst/n189  
    mac_array_instance/genblk1_7__mac_col_inst/n188  
    mac_array_instance/genblk1_7__mac_col_inst/n187  
    mac_array_instance/genblk1_7__mac_col_inst/n186  
    mac_array_instance/genblk1_7__mac_col_inst/n185  
    mac_array_instance/genblk1_7__mac_col_inst/n184  
    mac_array_instance/genblk1_7__mac_col_inst/n183  
    mac_array_instance/genblk1_7__mac_col_inst/n182  
    mac_array_instance/genblk1_7__mac_col_inst/n181  
    mac_array_instance/genblk1_7__mac_col_inst/n180  
    mac_array_instance/genblk1_7__mac_col_inst/n179  
    mac_array_instance/genblk1_7__mac_col_inst/n178  
    mac_array_instance/genblk1_7__mac_col_inst/n177  
    mac_array_instance/genblk1_7__mac_col_inst/n176  
    mac_array_instance/genblk1_7__mac_col_inst/n175  
    mac_array_instance/genblk1_7__mac_col_inst/n174  
    mac_array_instance/genblk1_7__mac_col_inst/n173  
    mac_array_instance/genblk1_7__mac_col_inst/n172  
    mac_array_instance/genblk1_7__mac_col_inst/n171  
    mac_array_instance/genblk1_7__mac_col_inst/n170  
    mac_array_instance/genblk1_7__mac_col_inst/n169  
    mac_array_instance/genblk1_7__mac_col_inst/n168  
    mac_array_instance/genblk1_7__mac_col_inst/n167  
    mac_array_instance/genblk1_7__mac_col_inst/n166  
    mac_array_instance/genblk1_7__mac_col_inst/n165  
    mac_array_instance/genblk1_7__mac_col_inst/n164  
    mac_array_instance/genblk1_7__mac_col_inst/n163  
    mac_array_instance/genblk1_7__mac_col_inst/n162  
    mac_array_instance/genblk1_7__mac_col_inst/n161  
    mac_array_instance/genblk1_7__mac_col_inst/n160  
    mac_array_instance/genblk1_7__mac_col_inst/n159  
    mac_array_instance/genblk1_7__mac_col_inst/n158  
    mac_array_instance/genblk1_7__mac_col_inst/n157  
    mac_array_instance/genblk1_7__mac_col_inst/n156  
    mac_array_instance/genblk1_7__mac_col_inst/n155  
    mac_array_instance/genblk1_7__mac_col_inst/n154  
    mac_array_instance/genblk1_7__mac_col_inst/n153  
    mac_array_instance/genblk1_7__mac_col_inst/n152  
    mac_array_instance/genblk1_7__mac_col_inst/n151  
    mac_array_instance/genblk1_7__mac_col_inst/n150  
    mac_array_instance/genblk1_7__mac_col_inst/n149  
    mac_array_instance/genblk1_7__mac_col_inst/n148  
    mac_array_instance/genblk1_7__mac_col_inst/n147  
    mac_array_instance/genblk1_7__mac_col_inst/n146  
    mac_array_instance/genblk1_7__mac_col_inst/n145  
    mac_array_instance/genblk1_7__mac_col_inst/n144  
    mac_array_instance/genblk1_7__mac_col_inst/n143  
    mac_array_instance/genblk1_7__mac_col_inst/n142  
    mac_array_instance/genblk1_7__mac_col_inst/n141  
    mac_array_instance/genblk1_7__mac_col_inst/n140  
    mac_array_instance/genblk1_7__mac_col_inst/n139  
    mac_array_instance/genblk1_7__mac_col_inst/n138  
    mac_array_instance/genblk1_7__mac_col_inst/n137  
    mac_array_instance/genblk1_7__mac_col_inst/n136  
    mac_array_instance/genblk1_7__mac_col_inst/n135  
    mac_array_instance/genblk1_7__mac_col_inst/n134  
    mac_array_instance/genblk1_7__mac_col_inst/n133  
    mac_array_instance/genblk1_7__mac_col_inst/n132  
    mac_array_instance/genblk1_7__mac_col_inst/n131  
    mac_array_instance/genblk1_7__mac_col_inst/n130  
    mac_array_instance/genblk1_7__mac_col_inst/n129  
    mac_array_instance/genblk1_7__mac_col_inst/n128  
    mac_array_instance/genblk1_7__mac_col_inst/n127  
    mac_array_instance/genblk1_7__mac_col_inst/n126  
    mac_array_instance/genblk1_7__mac_col_inst/n125  
    mac_array_instance/genblk1_7__mac_col_inst/n124  
    mac_array_instance/genblk1_7__mac_col_inst/n123  
    mac_array_instance/genblk1_7__mac_col_inst/n122  
    mac_array_instance/genblk1_7__mac_col_inst/n121  
    mac_array_instance/genblk1_7__mac_col_inst/n120  
    mac_array_instance/genblk1_7__mac_col_inst/n119  
    mac_array_instance/genblk1_7__mac_col_inst/n118  
    mac_array_instance/genblk1_7__mac_col_inst/n117  
    mac_array_instance/genblk1_7__mac_col_inst/n116  
    mac_array_instance/genblk1_7__mac_col_inst/n115  
    mac_array_instance/genblk1_7__mac_col_inst/n114  
    mac_array_instance/genblk1_7__mac_col_inst/n113  
    mac_array_instance/genblk1_7__mac_col_inst/n112  
    mac_array_instance/genblk1_7__mac_col_inst/n111  
    mac_array_instance/genblk1_7__mac_col_inst/n110  
    mac_array_instance/genblk1_7__mac_col_inst/n109  
    mac_array_instance/genblk1_7__mac_col_inst/n108  
    mac_array_instance/genblk1_7__mac_col_inst/n107  
    mac_array_instance/genblk1_7__mac_col_inst/n106  
    mac_array_instance/genblk1_7__mac_col_inst/n105  
    mac_array_instance/genblk1_7__mac_col_inst/n104  
    mac_array_instance/genblk1_7__mac_col_inst/n103  
    mac_array_instance/genblk1_7__mac_col_inst/n102  
    mac_array_instance/genblk1_7__mac_col_inst/n101  
    mac_array_instance/genblk1_7__mac_col_inst/n100  
    mac_array_instance/genblk1_7__mac_col_inst/n99  
    mac_array_instance/genblk1_7__mac_col_inst/n98  
    mac_array_instance/genblk1_7__mac_col_inst/n97  
    mac_array_instance/genblk1_7__mac_col_inst/n96  
    mac_array_instance/genblk1_7__mac_col_inst/n95  
    mac_array_instance/genblk1_7__mac_col_inst/n94  
    mac_array_instance/genblk1_7__mac_col_inst/n93  
    mac_array_instance/genblk1_7__mac_col_inst/n92  
    mac_array_instance/genblk1_7__mac_col_inst/n91  
    mac_array_instance/genblk1_7__mac_col_inst/n90  
    mac_array_instance/genblk1_7__mac_col_inst/n89  
    mac_array_instance/genblk1_7__mac_col_inst/n88  
    mac_array_instance/genblk1_7__mac_col_inst/n87  
    mac_array_instance/genblk1_7__mac_col_inst/n86  
    mac_array_instance/genblk1_7__mac_col_inst/n85  
    mac_array_instance/genblk1_7__mac_col_inst/n84  
    mac_array_instance/genblk1_7__mac_col_inst/n70  
    mac_array_instance/genblk1_7__mac_col_inst/inst_3q_1_  
    mac_array_instance/genblk1_7__mac_col_inst/inst_2q_1_  
    mac_array_instance/genblk1_7__mac_col_inst/load_ready_q  
    mac_array_instance/genblk1_7__mac_col_inst/n66  
    mac_array_instance/genblk1_7__mac_col_inst/n65  
    mac_array_instance/genblk1_6__mac_col_inst/mac_8in_instance/product7[8]  
    mac_array_instance/genblk1_6__mac_col_inst/mac_8in_instance/product7[9]  
    mac_array_instance/genblk1_6__mac_col_inst/mac_8in_instance/product7[10]  
    mac_array_instance/genblk1_6__mac_col_inst/mac_8in_instance/product7[11]  
    mac_array_instance/genblk1_6__mac_col_inst/mac_8in_instance/product7[12]  
    mac_array_instance/genblk1_6__mac_col_inst/mac_8in_instance/product7[13]  
    mac_array_instance/genblk1_6__mac_col_inst/mac_8in_instance/product7[14]  
    mac_array_instance/genblk1_6__mac_col_inst/mac_8in_instance/product7[15]  
    mac_array_instance/genblk1_6__mac_col_inst/mac_8in_instance/product6[8]  
    mac_array_instance/genblk1_6__mac_col_inst/mac_8in_instance/product6[9]  
    mac_array_instance/genblk1_6__mac_col_inst/mac_8in_instance/product6[10]  
    mac_array_instance/genblk1_6__mac_col_inst/mac_8in_instance/product6[11]  
    mac_array_instance/genblk1_6__mac_col_inst/mac_8in_instance/product6[12]  
    mac_array_instance/genblk1_6__mac_col_inst/mac_8in_instance/product6[13]  
    mac_array_instance/genblk1_6__mac_col_inst/mac_8in_instance/product6[14]  
    mac_array_instance/genblk1_6__mac_col_inst/mac_8in_instance/product6[15]  
    mac_array_instance/genblk1_6__mac_col_inst/mac_8in_instance/product5[8]  
    mac_array_instance/genblk1_6__mac_col_inst/mac_8in_instance/product5[9]  
    mac_array_instance/genblk1_6__mac_col_inst/mac_8in_instance/product5[10]  
    mac_array_instance/genblk1_6__mac_col_inst/mac_8in_instance/product5[11]  
    mac_array_instance/genblk1_6__mac_col_inst/mac_8in_instance/product5[12]  
    mac_array_instance/genblk1_6__mac_col_inst/mac_8in_instance/product5[13]  
    mac_array_instance/genblk1_6__mac_col_inst/mac_8in_instance/product5[14]  
    mac_array_instance/genblk1_6__mac_col_inst/mac_8in_instance/product5[15]  
    mac_array_instance/genblk1_6__mac_col_inst/mac_8in_instance/product4[8]  
    mac_array_instance/genblk1_6__mac_col_inst/mac_8in_instance/product4[9]  
    mac_array_instance/genblk1_6__mac_col_inst/mac_8in_instance/product4[10]  
    mac_array_instance/genblk1_6__mac_col_inst/mac_8in_instance/product4[11]  
    mac_array_instance/genblk1_6__mac_col_inst/mac_8in_instance/product4[12]  
    mac_array_instance/genblk1_6__mac_col_inst/mac_8in_instance/product4[13]  
    mac_array_instance/genblk1_6__mac_col_inst/mac_8in_instance/product4[14]  
    mac_array_instance/genblk1_6__mac_col_inst/mac_8in_instance/product4[15]  
    mac_array_instance/genblk1_6__mac_col_inst/mac_8in_instance/product3[8]  
    mac_array_instance/genblk1_6__mac_col_inst/mac_8in_instance/product3[9]  
    mac_array_instance/genblk1_6__mac_col_inst/mac_8in_instance/product3[10]  
    mac_array_instance/genblk1_6__mac_col_inst/mac_8in_instance/product3[11]  
    mac_array_instance/genblk1_6__mac_col_inst/mac_8in_instance/product3[12]  
    mac_array_instance/genblk1_6__mac_col_inst/mac_8in_instance/product3[13]  
    mac_array_instance/genblk1_6__mac_col_inst/mac_8in_instance/product3[14]  
    mac_array_instance/genblk1_6__mac_col_inst/mac_8in_instance/product3[15]  
    mac_array_instance/genblk1_6__mac_col_inst/mac_8in_instance/product2[8]  
    mac_array_instance/genblk1_6__mac_col_inst/mac_8in_instance/product2[9]  
    mac_array_instance/genblk1_6__mac_col_inst/mac_8in_instance/product2[10]  
    mac_array_instance/genblk1_6__mac_col_inst/mac_8in_instance/product2[11]  
    mac_array_instance/genblk1_6__mac_col_inst/mac_8in_instance/product2[12]  
    mac_array_instance/genblk1_6__mac_col_inst/mac_8in_instance/product2[13]  
    mac_array_instance/genblk1_6__mac_col_inst/mac_8in_instance/product2[14]  
    mac_array_instance/genblk1_6__mac_col_inst/mac_8in_instance/product2[15]  
    mac_array_instance/genblk1_6__mac_col_inst/mac_8in_instance/product1[8]  
    mac_array_instance/genblk1_6__mac_col_inst/mac_8in_instance/product1[9]  
    mac_array_instance/genblk1_6__mac_col_inst/mac_8in_instance/product1[10]  
    mac_array_instance/genblk1_6__mac_col_inst/mac_8in_instance/product1[11]  
    mac_array_instance/genblk1_6__mac_col_inst/mac_8in_instance/product1[12]  
    mac_array_instance/genblk1_6__mac_col_inst/mac_8in_instance/product1[13]  
    mac_array_instance/genblk1_6__mac_col_inst/mac_8in_instance/product1[14]  
    mac_array_instance/genblk1_6__mac_col_inst/mac_8in_instance/product1[15]  
    mac_array_instance/genblk1_6__mac_col_inst/mac_8in_instance/product0[8]  
    mac_array_instance/genblk1_6__mac_col_inst/mac_8in_instance/product0[9]  
    mac_array_instance/genblk1_6__mac_col_inst/mac_8in_instance/product0[10]  
    mac_array_instance/genblk1_6__mac_col_inst/mac_8in_instance/product0[11]  
    mac_array_instance/genblk1_6__mac_col_inst/mac_8in_instance/product0[12]  
    mac_array_instance/genblk1_6__mac_col_inst/mac_8in_instance/product0[13]  
    mac_array_instance/genblk1_6__mac_col_inst/mac_8in_instance/product0[14]  
    mac_array_instance/genblk1_6__mac_col_inst/mac_8in_instance/product0[15]  
    mac_array_instance/genblk1_6__mac_col_inst/mac_8in_instance/n861  
    mac_array_instance/genblk1_6__mac_col_inst/mac_8in_instance/n860  
    mac_array_instance/genblk1_6__mac_col_inst/mac_8in_instance/n859  
    mac_array_instance/genblk1_6__mac_col_inst/mac_8in_instance/n858  
    mac_array_instance/genblk1_6__mac_col_inst/mac_8in_instance/n857  
    mac_array_instance/genblk1_6__mac_col_inst/mac_8in_instance/n856  
    mac_array_instance/genblk1_6__mac_col_inst/mac_8in_instance/n855  
    mac_array_instance/genblk1_6__mac_col_inst/mac_8in_instance/n854  
    mac_array_instance/genblk1_6__mac_col_inst/mac_8in_instance/n853  
    mac_array_instance/genblk1_6__mac_col_inst/mac_8in_instance/n852  
    mac_array_instance/genblk1_6__mac_col_inst/mac_8in_instance/n842  
    mac_array_instance/genblk1_6__mac_col_inst/mac_8in_instance/n841  
    mac_array_instance/genblk1_6__mac_col_inst/mac_8in_instance/n840  
    mac_array_instance/genblk1_6__mac_col_inst/mac_8in_instance/n839  
    mac_array_instance/genblk1_6__mac_col_inst/mac_8in_instance/n838  
    mac_array_instance/genblk1_6__mac_col_inst/mac_8in_instance/n837  
    mac_array_instance/genblk1_6__mac_col_inst/mac_8in_instance/n836  
    mac_array_instance/genblk1_6__mac_col_inst/mac_8in_instance/n835  
    mac_array_instance/genblk1_6__mac_col_inst/mac_8in_instance/n834  
    mac_array_instance/genblk1_6__mac_col_inst/mac_8in_instance/n833  
    mac_array_instance/genblk1_6__mac_col_inst/mac_8in_instance/n830  
    mac_array_instance/genblk1_6__mac_col_inst/mac_8in_instance/n828  
    mac_array_instance/genblk1_6__mac_col_inst/mac_8in_instance/n826  
    mac_array_instance/genblk1_6__mac_col_inst/mac_8in_instance/n823  
    mac_array_instance/genblk1_6__mac_col_inst/mac_8in_instance/n819  
    mac_array_instance/genblk1_6__mac_col_inst/mac_8in_instance/n817  
    mac_array_instance/genblk1_6__mac_col_inst/mac_8in_instance/n816  
    mac_array_instance/genblk1_6__mac_col_inst/mac_8in_instance/n815  
    mac_array_instance/genblk1_6__mac_col_inst/mac_8in_instance/n814  
    mac_array_instance/genblk1_6__mac_col_inst/mac_8in_instance/n811  
    mac_array_instance/genblk1_6__mac_col_inst/mac_8in_instance/n800  
    mac_array_instance/genblk1_6__mac_col_inst/mac_8in_instance/n799  
    mac_array_instance/genblk1_6__mac_col_inst/mac_8in_instance/n798  
    mac_array_instance/genblk1_6__mac_col_inst/mac_8in_instance/n797  
    mac_array_instance/genblk1_6__mac_col_inst/mac_8in_instance/n794  
    mac_array_instance/genblk1_6__mac_col_inst/mac_8in_instance/n793  
    mac_array_instance/genblk1_6__mac_col_inst/mac_8in_instance/n792  
    mac_array_instance/genblk1_6__mac_col_inst/mac_8in_instance/n791  
    mac_array_instance/genblk1_6__mac_col_inst/mac_8in_instance/n790  
    mac_array_instance/genblk1_6__mac_col_inst/mac_8in_instance/n789  
    mac_array_instance/genblk1_6__mac_col_inst/mac_8in_instance/n788  
    mac_array_instance/genblk1_6__mac_col_inst/mac_8in_instance/n787  
    mac_array_instance/genblk1_6__mac_col_inst/mac_8in_instance/n786  
    mac_array_instance/genblk1_6__mac_col_inst/mac_8in_instance/n736  
    mac_array_instance/genblk1_6__mac_col_inst/mac_8in_instance/n735  
    mac_array_instance/genblk1_6__mac_col_inst/mac_8in_instance/n734  
    mac_array_instance/genblk1_6__mac_col_inst/mac_8in_instance/n733  
    mac_array_instance/genblk1_6__mac_col_inst/mac_8in_instance/n732  
    mac_array_instance/genblk1_6__mac_col_inst/mac_8in_instance/n731  
    mac_array_instance/genblk1_6__mac_col_inst/mac_8in_instance/n730  
    mac_array_instance/genblk1_6__mac_col_inst/mac_8in_instance/n729  
    mac_array_instance/genblk1_6__mac_col_inst/mac_8in_instance/n728  
    mac_array_instance/genblk1_6__mac_col_inst/mac_8in_instance/n727  
    mac_array_instance/genblk1_6__mac_col_inst/mac_8in_instance/n724  
    mac_array_instance/genblk1_6__mac_col_inst/mac_8in_instance/n722  
    mac_array_instance/genblk1_6__mac_col_inst/mac_8in_instance/n720  
    mac_array_instance/genblk1_6__mac_col_inst/mac_8in_instance/n717  
    mac_array_instance/genblk1_6__mac_col_inst/mac_8in_instance/n713  
    mac_array_instance/genblk1_6__mac_col_inst/mac_8in_instance/n711  
    mac_array_instance/genblk1_6__mac_col_inst/mac_8in_instance/n710  
    mac_array_instance/genblk1_6__mac_col_inst/mac_8in_instance/n709  
    mac_array_instance/genblk1_6__mac_col_inst/mac_8in_instance/n708  
    mac_array_instance/genblk1_6__mac_col_inst/mac_8in_instance/n705  
    mac_array_instance/genblk1_6__mac_col_inst/mac_8in_instance/n694  
    mac_array_instance/genblk1_6__mac_col_inst/mac_8in_instance/n693  
    mac_array_instance/genblk1_6__mac_col_inst/mac_8in_instance/n692  
    mac_array_instance/genblk1_6__mac_col_inst/mac_8in_instance/n691  
    mac_array_instance/genblk1_6__mac_col_inst/mac_8in_instance/n688  
    mac_array_instance/genblk1_6__mac_col_inst/mac_8in_instance/n687  
    mac_array_instance/genblk1_6__mac_col_inst/mac_8in_instance/n686  
    mac_array_instance/genblk1_6__mac_col_inst/mac_8in_instance/n685  
    mac_array_instance/genblk1_6__mac_col_inst/mac_8in_instance/n684  
    mac_array_instance/genblk1_6__mac_col_inst/mac_8in_instance/n683  
    mac_array_instance/genblk1_6__mac_col_inst/mac_8in_instance/n682  
    mac_array_instance/genblk1_6__mac_col_inst/mac_8in_instance/n681  
    mac_array_instance/genblk1_6__mac_col_inst/mac_8in_instance/n680  
    mac_array_instance/genblk1_6__mac_col_inst/mac_8in_instance/n630  
    mac_array_instance/genblk1_6__mac_col_inst/mac_8in_instance/n629  
    mac_array_instance/genblk1_6__mac_col_inst/mac_8in_instance/n628  
    mac_array_instance/genblk1_6__mac_col_inst/mac_8in_instance/n627  
    mac_array_instance/genblk1_6__mac_col_inst/mac_8in_instance/n626  
    mac_array_instance/genblk1_6__mac_col_inst/mac_8in_instance/n625  
    mac_array_instance/genblk1_6__mac_col_inst/mac_8in_instance/n624  
    mac_array_instance/genblk1_6__mac_col_inst/mac_8in_instance/n623  
    mac_array_instance/genblk1_6__mac_col_inst/mac_8in_instance/n622  
    mac_array_instance/genblk1_6__mac_col_inst/mac_8in_instance/n621  
    mac_array_instance/genblk1_6__mac_col_inst/mac_8in_instance/n618  
    mac_array_instance/genblk1_6__mac_col_inst/mac_8in_instance/n616  
    mac_array_instance/genblk1_6__mac_col_inst/mac_8in_instance/n614  
    mac_array_instance/genblk1_6__mac_col_inst/mac_8in_instance/n611  
    mac_array_instance/genblk1_6__mac_col_inst/mac_8in_instance/n607  
    mac_array_instance/genblk1_6__mac_col_inst/mac_8in_instance/n605  
    mac_array_instance/genblk1_6__mac_col_inst/mac_8in_instance/n604  
    mac_array_instance/genblk1_6__mac_col_inst/mac_8in_instance/n603  
    mac_array_instance/genblk1_6__mac_col_inst/mac_8in_instance/n602  
    mac_array_instance/genblk1_6__mac_col_inst/mac_8in_instance/n599  
    mac_array_instance/genblk1_6__mac_col_inst/mac_8in_instance/n588  
    mac_array_instance/genblk1_6__mac_col_inst/mac_8in_instance/n587  
    mac_array_instance/genblk1_6__mac_col_inst/mac_8in_instance/n586  
    mac_array_instance/genblk1_6__mac_col_inst/mac_8in_instance/n585  
    mac_array_instance/genblk1_6__mac_col_inst/mac_8in_instance/n582  
    mac_array_instance/genblk1_6__mac_col_inst/mac_8in_instance/n581  
    mac_array_instance/genblk1_6__mac_col_inst/mac_8in_instance/n580  
    mac_array_instance/genblk1_6__mac_col_inst/mac_8in_instance/n579  
    mac_array_instance/genblk1_6__mac_col_inst/mac_8in_instance/n578  
    mac_array_instance/genblk1_6__mac_col_inst/mac_8in_instance/n577  
    mac_array_instance/genblk1_6__mac_col_inst/mac_8in_instance/n576  
    mac_array_instance/genblk1_6__mac_col_inst/mac_8in_instance/n575  
    mac_array_instance/genblk1_6__mac_col_inst/mac_8in_instance/n574  
    mac_array_instance/genblk1_6__mac_col_inst/mac_8in_instance/n524  
    mac_array_instance/genblk1_6__mac_col_inst/mac_8in_instance/n523  
    mac_array_instance/genblk1_6__mac_col_inst/mac_8in_instance/n522  
    mac_array_instance/genblk1_6__mac_col_inst/mac_8in_instance/n521  
    mac_array_instance/genblk1_6__mac_col_inst/mac_8in_instance/n520  
    mac_array_instance/genblk1_6__mac_col_inst/mac_8in_instance/n519  
    mac_array_instance/genblk1_6__mac_col_inst/mac_8in_instance/n518  
    mac_array_instance/genblk1_6__mac_col_inst/mac_8in_instance/n517  
    mac_array_instance/genblk1_6__mac_col_inst/mac_8in_instance/n516  
    mac_array_instance/genblk1_6__mac_col_inst/mac_8in_instance/n515  
    mac_array_instance/genblk1_6__mac_col_inst/mac_8in_instance/n512  
    mac_array_instance/genblk1_6__mac_col_inst/mac_8in_instance/n510  
    mac_array_instance/genblk1_6__mac_col_inst/mac_8in_instance/n508  
    mac_array_instance/genblk1_6__mac_col_inst/mac_8in_instance/n505  
    mac_array_instance/genblk1_6__mac_col_inst/mac_8in_instance/n501  
    mac_array_instance/genblk1_6__mac_col_inst/mac_8in_instance/n499  
    mac_array_instance/genblk1_6__mac_col_inst/mac_8in_instance/n498  
    mac_array_instance/genblk1_6__mac_col_inst/mac_8in_instance/n497  
    mac_array_instance/genblk1_6__mac_col_inst/mac_8in_instance/n496  
    mac_array_instance/genblk1_6__mac_col_inst/mac_8in_instance/n493  
    mac_array_instance/genblk1_6__mac_col_inst/mac_8in_instance/n482  
    mac_array_instance/genblk1_6__mac_col_inst/mac_8in_instance/n481  
    mac_array_instance/genblk1_6__mac_col_inst/mac_8in_instance/n480  
    mac_array_instance/genblk1_6__mac_col_inst/mac_8in_instance/n479  
    mac_array_instance/genblk1_6__mac_col_inst/mac_8in_instance/n476  
    mac_array_instance/genblk1_6__mac_col_inst/mac_8in_instance/n475  
    mac_array_instance/genblk1_6__mac_col_inst/mac_8in_instance/n474  
    mac_array_instance/genblk1_6__mac_col_inst/mac_8in_instance/n473  
    mac_array_instance/genblk1_6__mac_col_inst/mac_8in_instance/n472  
    mac_array_instance/genblk1_6__mac_col_inst/mac_8in_instance/n471  
    mac_array_instance/genblk1_6__mac_col_inst/mac_8in_instance/n470  
    mac_array_instance/genblk1_6__mac_col_inst/mac_8in_instance/n469  
    mac_array_instance/genblk1_6__mac_col_inst/mac_8in_instance/n468  
    mac_array_instance/genblk1_6__mac_col_inst/mac_8in_instance/n418  
    mac_array_instance/genblk1_6__mac_col_inst/mac_8in_instance/n417  
    mac_array_instance/genblk1_6__mac_col_inst/mac_8in_instance/n416  
    mac_array_instance/genblk1_6__mac_col_inst/mac_8in_instance/n415  
    mac_array_instance/genblk1_6__mac_col_inst/mac_8in_instance/n414  
    mac_array_instance/genblk1_6__mac_col_inst/mac_8in_instance/n413  
    mac_array_instance/genblk1_6__mac_col_inst/mac_8in_instance/n412  
    mac_array_instance/genblk1_6__mac_col_inst/mac_8in_instance/n411  
    mac_array_instance/genblk1_6__mac_col_inst/mac_8in_instance/n410  
    mac_array_instance/genblk1_6__mac_col_inst/mac_8in_instance/n409  
    mac_array_instance/genblk1_6__mac_col_inst/mac_8in_instance/n406  
    mac_array_instance/genblk1_6__mac_col_inst/mac_8in_instance/n404  
    mac_array_instance/genblk1_6__mac_col_inst/mac_8in_instance/n402  
    mac_array_instance/genblk1_6__mac_col_inst/mac_8in_instance/n399  
    mac_array_instance/genblk1_6__mac_col_inst/mac_8in_instance/n395  
    mac_array_instance/genblk1_6__mac_col_inst/mac_8in_instance/n393  
    mac_array_instance/genblk1_6__mac_col_inst/mac_8in_instance/n392  
    mac_array_instance/genblk1_6__mac_col_inst/mac_8in_instance/n391  
    mac_array_instance/genblk1_6__mac_col_inst/mac_8in_instance/n390  
    mac_array_instance/genblk1_6__mac_col_inst/mac_8in_instance/n387  
    mac_array_instance/genblk1_6__mac_col_inst/mac_8in_instance/n376  
    mac_array_instance/genblk1_6__mac_col_inst/mac_8in_instance/n375  
    mac_array_instance/genblk1_6__mac_col_inst/mac_8in_instance/n374  
    mac_array_instance/genblk1_6__mac_col_inst/mac_8in_instance/n373  
    mac_array_instance/genblk1_6__mac_col_inst/mac_8in_instance/n370  
    mac_array_instance/genblk1_6__mac_col_inst/mac_8in_instance/n369  
    mac_array_instance/genblk1_6__mac_col_inst/mac_8in_instance/n368  
    mac_array_instance/genblk1_6__mac_col_inst/mac_8in_instance/n367  
    mac_array_instance/genblk1_6__mac_col_inst/mac_8in_instance/n366  
    mac_array_instance/genblk1_6__mac_col_inst/mac_8in_instance/n365  
    mac_array_instance/genblk1_6__mac_col_inst/mac_8in_instance/n364  
    mac_array_instance/genblk1_6__mac_col_inst/mac_8in_instance/n363  
    mac_array_instance/genblk1_6__mac_col_inst/mac_8in_instance/n362  
    mac_array_instance/genblk1_6__mac_col_inst/mac_8in_instance/n312  
    mac_array_instance/genblk1_6__mac_col_inst/mac_8in_instance/n311  
    mac_array_instance/genblk1_6__mac_col_inst/mac_8in_instance/n310  
    mac_array_instance/genblk1_6__mac_col_inst/mac_8in_instance/n309  
    mac_array_instance/genblk1_6__mac_col_inst/mac_8in_instance/n308  
    mac_array_instance/genblk1_6__mac_col_inst/mac_8in_instance/n307  
    mac_array_instance/genblk1_6__mac_col_inst/mac_8in_instance/n306  
    mac_array_instance/genblk1_6__mac_col_inst/mac_8in_instance/n305  
    mac_array_instance/genblk1_6__mac_col_inst/mac_8in_instance/n304  
    mac_array_instance/genblk1_6__mac_col_inst/mac_8in_instance/n303  
    mac_array_instance/genblk1_6__mac_col_inst/mac_8in_instance/n300  
    mac_array_instance/genblk1_6__mac_col_inst/mac_8in_instance/n298  
    mac_array_instance/genblk1_6__mac_col_inst/mac_8in_instance/n296  
    mac_array_instance/genblk1_6__mac_col_inst/mac_8in_instance/n293  
    mac_array_instance/genblk1_6__mac_col_inst/mac_8in_instance/n289  
    mac_array_instance/genblk1_6__mac_col_inst/mac_8in_instance/n287  
    mac_array_instance/genblk1_6__mac_col_inst/mac_8in_instance/n286  
    mac_array_instance/genblk1_6__mac_col_inst/mac_8in_instance/n285  
    mac_array_instance/genblk1_6__mac_col_inst/mac_8in_instance/n284  
    mac_array_instance/genblk1_6__mac_col_inst/mac_8in_instance/n281  
    mac_array_instance/genblk1_6__mac_col_inst/mac_8in_instance/n270  
    mac_array_instance/genblk1_6__mac_col_inst/mac_8in_instance/n269  
    mac_array_instance/genblk1_6__mac_col_inst/mac_8in_instance/n268  
    mac_array_instance/genblk1_6__mac_col_inst/mac_8in_instance/n267  
    mac_array_instance/genblk1_6__mac_col_inst/mac_8in_instance/n264  
    mac_array_instance/genblk1_6__mac_col_inst/mac_8in_instance/n263  
    mac_array_instance/genblk1_6__mac_col_inst/mac_8in_instance/n262  
    mac_array_instance/genblk1_6__mac_col_inst/mac_8in_instance/n261  
    mac_array_instance/genblk1_6__mac_col_inst/mac_8in_instance/n260  
    mac_array_instance/genblk1_6__mac_col_inst/mac_8in_instance/n259  
    mac_array_instance/genblk1_6__mac_col_inst/mac_8in_instance/n258  
    mac_array_instance/genblk1_6__mac_col_inst/mac_8in_instance/n257  
    mac_array_instance/genblk1_6__mac_col_inst/mac_8in_instance/n256  
    mac_array_instance/genblk1_6__mac_col_inst/mac_8in_instance/n206  
    mac_array_instance/genblk1_6__mac_col_inst/mac_8in_instance/n205  
    mac_array_instance/genblk1_6__mac_col_inst/mac_8in_instance/n204  
    mac_array_instance/genblk1_6__mac_col_inst/mac_8in_instance/n203  
    mac_array_instance/genblk1_6__mac_col_inst/mac_8in_instance/n202  
    mac_array_instance/genblk1_6__mac_col_inst/mac_8in_instance/n201  
    mac_array_instance/genblk1_6__mac_col_inst/mac_8in_instance/n200  
    mac_array_instance/genblk1_6__mac_col_inst/mac_8in_instance/n199  
    mac_array_instance/genblk1_6__mac_col_inst/mac_8in_instance/n198  
    mac_array_instance/genblk1_6__mac_col_inst/mac_8in_instance/n197  
    mac_array_instance/genblk1_6__mac_col_inst/mac_8in_instance/n194  
    mac_array_instance/genblk1_6__mac_col_inst/mac_8in_instance/n192  
    mac_array_instance/genblk1_6__mac_col_inst/mac_8in_instance/n190  
    mac_array_instance/genblk1_6__mac_col_inst/mac_8in_instance/n187  
    mac_array_instance/genblk1_6__mac_col_inst/mac_8in_instance/n183  
    mac_array_instance/genblk1_6__mac_col_inst/mac_8in_instance/n181  
    mac_array_instance/genblk1_6__mac_col_inst/mac_8in_instance/n180  
    mac_array_instance/genblk1_6__mac_col_inst/mac_8in_instance/n179  
    mac_array_instance/genblk1_6__mac_col_inst/mac_8in_instance/n178  
    mac_array_instance/genblk1_6__mac_col_inst/mac_8in_instance/n175  
    mac_array_instance/genblk1_6__mac_col_inst/mac_8in_instance/n164  
    mac_array_instance/genblk1_6__mac_col_inst/mac_8in_instance/n163  
    mac_array_instance/genblk1_6__mac_col_inst/mac_8in_instance/n162  
    mac_array_instance/genblk1_6__mac_col_inst/mac_8in_instance/n161  
    mac_array_instance/genblk1_6__mac_col_inst/mac_8in_instance/n158  
    mac_array_instance/genblk1_6__mac_col_inst/mac_8in_instance/n157  
    mac_array_instance/genblk1_6__mac_col_inst/mac_8in_instance/n156  
    mac_array_instance/genblk1_6__mac_col_inst/mac_8in_instance/n155  
    mac_array_instance/genblk1_6__mac_col_inst/mac_8in_instance/n154  
    mac_array_instance/genblk1_6__mac_col_inst/mac_8in_instance/n153  
    mac_array_instance/genblk1_6__mac_col_inst/mac_8in_instance/n152  
    mac_array_instance/genblk1_6__mac_col_inst/mac_8in_instance/n151  
    mac_array_instance/genblk1_6__mac_col_inst/mac_8in_instance/n150  
    mac_array_instance/genblk1_6__mac_col_inst/mac_8in_instance/n100  
    mac_array_instance/genblk1_6__mac_col_inst/mac_8in_instance/n99  
    mac_array_instance/genblk1_6__mac_col_inst/mac_8in_instance/n98  
    mac_array_instance/genblk1_6__mac_col_inst/mac_8in_instance/n97  
    mac_array_instance/genblk1_6__mac_col_inst/mac_8in_instance/n96  
    mac_array_instance/genblk1_6__mac_col_inst/mac_8in_instance/n95  
    mac_array_instance/genblk1_6__mac_col_inst/mac_8in_instance/n94  
    mac_array_instance/genblk1_6__mac_col_inst/mac_8in_instance/n93  
    mac_array_instance/genblk1_6__mac_col_inst/mac_8in_instance/n92  
    mac_array_instance/genblk1_6__mac_col_inst/mac_8in_instance/n91  
    mac_array_instance/genblk1_6__mac_col_inst/mac_8in_instance/n88  
    mac_array_instance/genblk1_6__mac_col_inst/mac_8in_instance/n86  
    mac_array_instance/genblk1_6__mac_col_inst/mac_8in_instance/n84  
    mac_array_instance/genblk1_6__mac_col_inst/mac_8in_instance/n81  
    mac_array_instance/genblk1_6__mac_col_inst/mac_8in_instance/n77  
    mac_array_instance/genblk1_6__mac_col_inst/mac_8in_instance/n75  
    mac_array_instance/genblk1_6__mac_col_inst/mac_8in_instance/n74  
    mac_array_instance/genblk1_6__mac_col_inst/mac_8in_instance/n73  
    mac_array_instance/genblk1_6__mac_col_inst/mac_8in_instance/n72  
    mac_array_instance/genblk1_6__mac_col_inst/mac_8in_instance/n69  
    mac_array_instance/genblk1_6__mac_col_inst/mac_8in_instance/n58  
    mac_array_instance/genblk1_6__mac_col_inst/mac_8in_instance/n57  
    mac_array_instance/genblk1_6__mac_col_inst/mac_8in_instance/n56  
    mac_array_instance/genblk1_6__mac_col_inst/mac_8in_instance/n55  
    mac_array_instance/genblk1_6__mac_col_inst/mac_8in_instance/n52  
    mac_array_instance/genblk1_6__mac_col_inst/mac_8in_instance/n51  
    mac_array_instance/genblk1_6__mac_col_inst/mac_8in_instance/n50  
    mac_array_instance/genblk1_6__mac_col_inst/mac_8in_instance/n49  
    mac_array_instance/genblk1_6__mac_col_inst/mac_8in_instance/n48  
    mac_array_instance/genblk1_6__mac_col_inst/mac_8in_instance/n47  
    mac_array_instance/genblk1_6__mac_col_inst/mac_8in_instance/n46  
    mac_array_instance/genblk1_6__mac_col_inst/mac_8in_instance/n45  
    mac_array_instance/genblk1_6__mac_col_inst/mac_8in_instance/n44  
    mac_array_instance/genblk1_6__mac_col_inst/mac_8in_instance/mult_x_1_n23  
    mac_array_instance/genblk1_6__mac_col_inst/mac_8in_instance/mult_x_1_n24  
    mac_array_instance/genblk1_6__mac_col_inst/mac_8in_instance/mult_x_1_n25  
    mac_array_instance/genblk1_6__mac_col_inst/mac_8in_instance/mult_x_1_n26  
    mac_array_instance/genblk1_6__mac_col_inst/mac_8in_instance/mult_x_1_n27  
    mac_array_instance/genblk1_6__mac_col_inst/mac_8in_instance/mult_x_1_n28  
    mac_array_instance/genblk1_6__mac_col_inst/mac_8in_instance/mult_x_1_n29  
    mac_array_instance/genblk1_6__mac_col_inst/mac_8in_instance/mult_x_1_n30  
    mac_array_instance/genblk1_6__mac_col_inst/mac_8in_instance/mult_x_1_n31  
    mac_array_instance/genblk1_6__mac_col_inst/mac_8in_instance/mult_x_1_n32  
    mac_array_instance/genblk1_6__mac_col_inst/mac_8in_instance/mult_x_1_n33  
    mac_array_instance/genblk1_6__mac_col_inst/mac_8in_instance/mult_x_1_n34  
    mac_array_instance/genblk1_6__mac_col_inst/mac_8in_instance/mult_x_1_n35  
    mac_array_instance/genblk1_6__mac_col_inst/mac_8in_instance/mult_x_1_n59  
    mac_array_instance/genblk1_6__mac_col_inst/mac_8in_instance/mult_x_1_n60  
    mac_array_instance/genblk1_6__mac_col_inst/mac_8in_instance/mult_x_1_n65  
    mac_array_instance/genblk1_6__mac_col_inst/mac_8in_instance/mult_x_1_n66  
    mac_array_instance/genblk1_6__mac_col_inst/mac_8in_instance/mult_x_1_n67  
    mac_array_instance/genblk1_6__mac_col_inst/mac_8in_instance/mult_x_1_n72  
    mac_array_instance/genblk1_6__mac_col_inst/mac_8in_instance/mult_x_1_n80  
    mac_array_instance/genblk1_6__mac_col_inst/mac_8in_instance/mult_x_2_n23  
    mac_array_instance/genblk1_6__mac_col_inst/mac_8in_instance/mult_x_2_n24  
    mac_array_instance/genblk1_6__mac_col_inst/mac_8in_instance/mult_x_2_n25  
    mac_array_instance/genblk1_6__mac_col_inst/mac_8in_instance/mult_x_2_n26  
    mac_array_instance/genblk1_6__mac_col_inst/mac_8in_instance/mult_x_2_n27  
    mac_array_instance/genblk1_6__mac_col_inst/mac_8in_instance/mult_x_2_n28  
    mac_array_instance/genblk1_6__mac_col_inst/mac_8in_instance/mult_x_2_n29  
    mac_array_instance/genblk1_6__mac_col_inst/mac_8in_instance/mult_x_2_n30  
    mac_array_instance/genblk1_6__mac_col_inst/mac_8in_instance/mult_x_2_n31  
    mac_array_instance/genblk1_6__mac_col_inst/mac_8in_instance/mult_x_2_n32  
    mac_array_instance/genblk1_6__mac_col_inst/mac_8in_instance/mult_x_2_n33  
    mac_array_instance/genblk1_6__mac_col_inst/mac_8in_instance/mult_x_2_n34  
    mac_array_instance/genblk1_6__mac_col_inst/mac_8in_instance/mult_x_2_n35  
    mac_array_instance/genblk1_6__mac_col_inst/mac_8in_instance/mult_x_2_n59  
    mac_array_instance/genblk1_6__mac_col_inst/mac_8in_instance/mult_x_2_n60  
    mac_array_instance/genblk1_6__mac_col_inst/mac_8in_instance/mult_x_2_n65  
    mac_array_instance/genblk1_6__mac_col_inst/mac_8in_instance/mult_x_2_n66  
    mac_array_instance/genblk1_6__mac_col_inst/mac_8in_instance/mult_x_2_n67  
    mac_array_instance/genblk1_6__mac_col_inst/mac_8in_instance/mult_x_2_n72  
    mac_array_instance/genblk1_6__mac_col_inst/mac_8in_instance/mult_x_2_n80  
    mac_array_instance/genblk1_6__mac_col_inst/mac_8in_instance/mult_x_3_n23  
    mac_array_instance/genblk1_6__mac_col_inst/mac_8in_instance/mult_x_3_n24  
    mac_array_instance/genblk1_6__mac_col_inst/mac_8in_instance/mult_x_3_n25  
    mac_array_instance/genblk1_6__mac_col_inst/mac_8in_instance/mult_x_3_n26  
    mac_array_instance/genblk1_6__mac_col_inst/mac_8in_instance/mult_x_3_n27  
    mac_array_instance/genblk1_6__mac_col_inst/mac_8in_instance/mult_x_3_n28  
    mac_array_instance/genblk1_6__mac_col_inst/mac_8in_instance/mult_x_3_n29  
    mac_array_instance/genblk1_6__mac_col_inst/mac_8in_instance/mult_x_3_n30  
    mac_array_instance/genblk1_6__mac_col_inst/mac_8in_instance/mult_x_3_n31  
    mac_array_instance/genblk1_6__mac_col_inst/mac_8in_instance/mult_x_3_n32  
    mac_array_instance/genblk1_6__mac_col_inst/mac_8in_instance/mult_x_3_n33  
    mac_array_instance/genblk1_6__mac_col_inst/mac_8in_instance/mult_x_3_n34  
    mac_array_instance/genblk1_6__mac_col_inst/mac_8in_instance/mult_x_3_n35  
    mac_array_instance/genblk1_6__mac_col_inst/mac_8in_instance/mult_x_3_n59  
    mac_array_instance/genblk1_6__mac_col_inst/mac_8in_instance/mult_x_3_n60  
    mac_array_instance/genblk1_6__mac_col_inst/mac_8in_instance/mult_x_3_n65  
    mac_array_instance/genblk1_6__mac_col_inst/mac_8in_instance/mult_x_3_n66  
    mac_array_instance/genblk1_6__mac_col_inst/mac_8in_instance/mult_x_3_n67  
    mac_array_instance/genblk1_6__mac_col_inst/mac_8in_instance/mult_x_3_n72  
    mac_array_instance/genblk1_6__mac_col_inst/mac_8in_instance/mult_x_3_n80  
    mac_array_instance/genblk1_6__mac_col_inst/mac_8in_instance/mult_x_4_n23  
    mac_array_instance/genblk1_6__mac_col_inst/mac_8in_instance/mult_x_4_n24  
    mac_array_instance/genblk1_6__mac_col_inst/mac_8in_instance/mult_x_4_n25  
    mac_array_instance/genblk1_6__mac_col_inst/mac_8in_instance/mult_x_4_n26  
    mac_array_instance/genblk1_6__mac_col_inst/mac_8in_instance/mult_x_4_n27  
    mac_array_instance/genblk1_6__mac_col_inst/mac_8in_instance/mult_x_4_n28  
    mac_array_instance/genblk1_6__mac_col_inst/mac_8in_instance/mult_x_4_n29  
    mac_array_instance/genblk1_6__mac_col_inst/mac_8in_instance/mult_x_4_n30  
    mac_array_instance/genblk1_6__mac_col_inst/mac_8in_instance/mult_x_4_n31  
    mac_array_instance/genblk1_6__mac_col_inst/mac_8in_instance/mult_x_4_n32  
    mac_array_instance/genblk1_6__mac_col_inst/mac_8in_instance/mult_x_4_n33  
    mac_array_instance/genblk1_6__mac_col_inst/mac_8in_instance/mult_x_4_n34  
    mac_array_instance/genblk1_6__mac_col_inst/mac_8in_instance/mult_x_4_n35  
    mac_array_instance/genblk1_6__mac_col_inst/mac_8in_instance/mult_x_4_n59  
    mac_array_instance/genblk1_6__mac_col_inst/mac_8in_instance/mult_x_4_n60  
    mac_array_instance/genblk1_6__mac_col_inst/mac_8in_instance/mult_x_4_n65  
    mac_array_instance/genblk1_6__mac_col_inst/mac_8in_instance/mult_x_4_n66  
    mac_array_instance/genblk1_6__mac_col_inst/mac_8in_instance/mult_x_4_n67  
    mac_array_instance/genblk1_6__mac_col_inst/mac_8in_instance/mult_x_4_n72  
    mac_array_instance/genblk1_6__mac_col_inst/mac_8in_instance/mult_x_4_n80  
    mac_array_instance/genblk1_6__mac_col_inst/mac_8in_instance/mult_x_5_n23  
    mac_array_instance/genblk1_6__mac_col_inst/mac_8in_instance/mult_x_5_n24  
    mac_array_instance/genblk1_6__mac_col_inst/mac_8in_instance/mult_x_5_n25  
    mac_array_instance/genblk1_6__mac_col_inst/mac_8in_instance/mult_x_5_n26  
    mac_array_instance/genblk1_6__mac_col_inst/mac_8in_instance/mult_x_5_n27  
    mac_array_instance/genblk1_6__mac_col_inst/mac_8in_instance/mult_x_5_n28  
    mac_array_instance/genblk1_6__mac_col_inst/mac_8in_instance/mult_x_5_n29  
    mac_array_instance/genblk1_6__mac_col_inst/mac_8in_instance/mult_x_5_n30  
    mac_array_instance/genblk1_6__mac_col_inst/mac_8in_instance/mult_x_5_n31  
    mac_array_instance/genblk1_6__mac_col_inst/mac_8in_instance/mult_x_5_n32  
    mac_array_instance/genblk1_6__mac_col_inst/mac_8in_instance/mult_x_5_n33  
    mac_array_instance/genblk1_6__mac_col_inst/mac_8in_instance/mult_x_5_n34  
    mac_array_instance/genblk1_6__mac_col_inst/mac_8in_instance/mult_x_5_n35  
    mac_array_instance/genblk1_6__mac_col_inst/mac_8in_instance/mult_x_5_n59  
    mac_array_instance/genblk1_6__mac_col_inst/mac_8in_instance/mult_x_5_n60  
    mac_array_instance/genblk1_6__mac_col_inst/mac_8in_instance/mult_x_5_n65  
    mac_array_instance/genblk1_6__mac_col_inst/mac_8in_instance/mult_x_5_n66  
    mac_array_instance/genblk1_6__mac_col_inst/mac_8in_instance/mult_x_5_n67  
    mac_array_instance/genblk1_6__mac_col_inst/mac_8in_instance/mult_x_5_n72  
    mac_array_instance/genblk1_6__mac_col_inst/mac_8in_instance/mult_x_5_n80  
    mac_array_instance/genblk1_6__mac_col_inst/mac_8in_instance/mult_x_6_n23  
    mac_array_instance/genblk1_6__mac_col_inst/mac_8in_instance/mult_x_6_n24  
    mac_array_instance/genblk1_6__mac_col_inst/mac_8in_instance/mult_x_6_n25  
    mac_array_instance/genblk1_6__mac_col_inst/mac_8in_instance/mult_x_6_n26  
    mac_array_instance/genblk1_6__mac_col_inst/mac_8in_instance/mult_x_6_n27  
    mac_array_instance/genblk1_6__mac_col_inst/mac_8in_instance/mult_x_6_n28  
    mac_array_instance/genblk1_6__mac_col_inst/mac_8in_instance/mult_x_6_n29  
    mac_array_instance/genblk1_6__mac_col_inst/mac_8in_instance/mult_x_6_n30  
    mac_array_instance/genblk1_6__mac_col_inst/mac_8in_instance/mult_x_6_n31  
    mac_array_instance/genblk1_6__mac_col_inst/mac_8in_instance/mult_x_6_n32  
    mac_array_instance/genblk1_6__mac_col_inst/mac_8in_instance/mult_x_6_n33  
    mac_array_instance/genblk1_6__mac_col_inst/mac_8in_instance/mult_x_6_n34  
    mac_array_instance/genblk1_6__mac_col_inst/mac_8in_instance/mult_x_6_n35  
    mac_array_instance/genblk1_6__mac_col_inst/mac_8in_instance/mult_x_6_n59  
    mac_array_instance/genblk1_6__mac_col_inst/mac_8in_instance/mult_x_6_n60  
    mac_array_instance/genblk1_6__mac_col_inst/mac_8in_instance/mult_x_6_n65  
    mac_array_instance/genblk1_6__mac_col_inst/mac_8in_instance/mult_x_6_n66  
    mac_array_instance/genblk1_6__mac_col_inst/mac_8in_instance/mult_x_6_n67  
    mac_array_instance/genblk1_6__mac_col_inst/mac_8in_instance/mult_x_6_n72  
    mac_array_instance/genblk1_6__mac_col_inst/mac_8in_instance/mult_x_6_n80  
    mac_array_instance/genblk1_6__mac_col_inst/mac_8in_instance/mult_x_7_n23  
    mac_array_instance/genblk1_6__mac_col_inst/mac_8in_instance/mult_x_7_n24  
    mac_array_instance/genblk1_6__mac_col_inst/mac_8in_instance/mult_x_7_n25  
    mac_array_instance/genblk1_6__mac_col_inst/mac_8in_instance/mult_x_7_n26  
    mac_array_instance/genblk1_6__mac_col_inst/mac_8in_instance/mult_x_7_n27  
    mac_array_instance/genblk1_6__mac_col_inst/mac_8in_instance/mult_x_7_n28  
    mac_array_instance/genblk1_6__mac_col_inst/mac_8in_instance/mult_x_7_n29  
    mac_array_instance/genblk1_6__mac_col_inst/mac_8in_instance/mult_x_7_n30  
    mac_array_instance/genblk1_6__mac_col_inst/mac_8in_instance/mult_x_7_n31  
    mac_array_instance/genblk1_6__mac_col_inst/mac_8in_instance/mult_x_7_n32  
    mac_array_instance/genblk1_6__mac_col_inst/mac_8in_instance/mult_x_7_n33  
    mac_array_instance/genblk1_6__mac_col_inst/mac_8in_instance/mult_x_7_n34  
    mac_array_instance/genblk1_6__mac_col_inst/mac_8in_instance/mult_x_7_n35  
    mac_array_instance/genblk1_6__mac_col_inst/mac_8in_instance/mult_x_7_n59  
    mac_array_instance/genblk1_6__mac_col_inst/mac_8in_instance/mult_x_7_n60  
    mac_array_instance/genblk1_6__mac_col_inst/mac_8in_instance/mult_x_7_n65  
    mac_array_instance/genblk1_6__mac_col_inst/mac_8in_instance/mult_x_7_n66  
    mac_array_instance/genblk1_6__mac_col_inst/mac_8in_instance/mult_x_7_n67  
    mac_array_instance/genblk1_6__mac_col_inst/mac_8in_instance/mult_x_7_n72  
    mac_array_instance/genblk1_6__mac_col_inst/mac_8in_instance/mult_x_7_n80  
    mac_array_instance/genblk1_6__mac_col_inst/mac_8in_instance/mult_x_8_n23  
    mac_array_instance/genblk1_6__mac_col_inst/mac_8in_instance/mult_x_8_n24  
    mac_array_instance/genblk1_6__mac_col_inst/mac_8in_instance/mult_x_8_n25  
    mac_array_instance/genblk1_6__mac_col_inst/mac_8in_instance/mult_x_8_n26  
    mac_array_instance/genblk1_6__mac_col_inst/mac_8in_instance/mult_x_8_n27  
    mac_array_instance/genblk1_6__mac_col_inst/mac_8in_instance/mult_x_8_n28  
    mac_array_instance/genblk1_6__mac_col_inst/mac_8in_instance/mult_x_8_n29  
    mac_array_instance/genblk1_6__mac_col_inst/mac_8in_instance/mult_x_8_n30  
    mac_array_instance/genblk1_6__mac_col_inst/mac_8in_instance/mult_x_8_n31  
    mac_array_instance/genblk1_6__mac_col_inst/mac_8in_instance/mult_x_8_n32  
    mac_array_instance/genblk1_6__mac_col_inst/mac_8in_instance/mult_x_8_n33  
    mac_array_instance/genblk1_6__mac_col_inst/mac_8in_instance/mult_x_8_n34  
    mac_array_instance/genblk1_6__mac_col_inst/mac_8in_instance/mult_x_8_n35  
    mac_array_instance/genblk1_6__mac_col_inst/mac_8in_instance/mult_x_8_n59  
    mac_array_instance/genblk1_6__mac_col_inst/mac_8in_instance/mult_x_8_n60  
    mac_array_instance/genblk1_6__mac_col_inst/mac_8in_instance/mult_x_8_n65  
    mac_array_instance/genblk1_6__mac_col_inst/mac_8in_instance/mult_x_8_n66  
    mac_array_instance/genblk1_6__mac_col_inst/mac_8in_instance/mult_x_8_n67  
    mac_array_instance/genblk1_6__mac_col_inst/mac_8in_instance/mult_x_8_n72  
    mac_array_instance/genblk1_6__mac_col_inst/mac_8in_instance/mult_x_8_n80  
    mac_array_instance/genblk1_6__mac_col_inst/mac_8in_instance/DP_OP_47J6_122_9468_n20  
    mac_array_instance/genblk1_6__mac_col_inst/mac_8in_instance/DP_OP_47J6_122_9468_n21  
    mac_array_instance/genblk1_6__mac_col_inst/mac_8in_instance/DP_OP_47J6_122_9468_n22  
    mac_array_instance/genblk1_6__mac_col_inst/mac_8in_instance/DP_OP_47J6_122_9468_n23  
    mac_array_instance/genblk1_6__mac_col_inst/mac_8in_instance/DP_OP_47J6_122_9468_n24  
    mac_array_instance/genblk1_6__mac_col_inst/mac_8in_instance/DP_OP_47J6_122_9468_n25  
    mac_array_instance/genblk1_6__mac_col_inst/mac_8in_instance/DP_OP_47J6_122_9468_n26  
    mac_array_instance/genblk1_6__mac_col_inst/mac_8in_instance/DP_OP_47J6_122_9468_n27  
    mac_array_instance/genblk1_6__mac_col_inst/mac_8in_instance/DP_OP_47J6_122_9468_n28  
    mac_array_instance/genblk1_6__mac_col_inst/mac_8in_instance/DP_OP_47J6_122_9468_n29  
    mac_array_instance/genblk1_6__mac_col_inst/mac_8in_instance/DP_OP_47J6_122_9468_n30  
    mac_array_instance/genblk1_6__mac_col_inst/mac_8in_instance/DP_OP_47J6_122_9468_n31  
    mac_array_instance/genblk1_6__mac_col_inst/mac_8in_instance/DP_OP_47J6_122_9468_n32  
    mac_array_instance/genblk1_6__mac_col_inst/mac_8in_instance/DP_OP_47J6_122_9468_n33  
    mac_array_instance/genblk1_6__mac_col_inst/mac_8in_instance/DP_OP_47J6_122_9468_n34  
    mac_array_instance/genblk1_6__mac_col_inst/mac_8in_instance/DP_OP_47J6_122_9468_n35  
    mac_array_instance/genblk1_6__mac_col_inst/mac_8in_instance/DP_OP_47J6_122_9468_n36  
    mac_array_instance/genblk1_6__mac_col_inst/mac_8in_instance/DP_OP_47J6_122_9468_n37  
    mac_array_instance/genblk1_6__mac_col_inst/mac_8in_instance/DP_OP_47J6_122_9468_n38  
    mac_array_instance/genblk1_6__mac_col_inst/mac_8in_instance/DP_OP_47J6_122_9468_n39  
    mac_array_instance/genblk1_6__mac_col_inst/mac_8in_instance/DP_OP_47J6_122_9468_n40  
    mac_array_instance/genblk1_6__mac_col_inst/mac_8in_instance/DP_OP_47J6_122_9468_n41  
    mac_array_instance/genblk1_6__mac_col_inst/mac_8in_instance/DP_OP_47J6_122_9468_n42  
    mac_array_instance/genblk1_6__mac_col_inst/mac_8in_instance/DP_OP_47J6_122_9468_n43  
    mac_array_instance/genblk1_6__mac_col_inst/mac_8in_instance/DP_OP_47J6_122_9468_n44  
    mac_array_instance/genblk1_6__mac_col_inst/mac_8in_instance/DP_OP_47J6_122_9468_n45  
    mac_array_instance/genblk1_6__mac_col_inst/mac_8in_instance/DP_OP_47J6_122_9468_n46  
    mac_array_instance/genblk1_6__mac_col_inst/mac_8in_instance/DP_OP_47J6_122_9468_n47  
    mac_array_instance/genblk1_6__mac_col_inst/mac_8in_instance/DP_OP_47J6_122_9468_n48  
    mac_array_instance/genblk1_6__mac_col_inst/mac_8in_instance/DP_OP_47J6_122_9468_n49  
    mac_array_instance/genblk1_6__mac_col_inst/mac_8in_instance/DP_OP_47J6_122_9468_n50  
    mac_array_instance/genblk1_6__mac_col_inst/mac_8in_instance/DP_OP_47J6_122_9468_n51  
    mac_array_instance/genblk1_6__mac_col_inst/mac_8in_instance/DP_OP_47J6_122_9468_n52  
    mac_array_instance/genblk1_6__mac_col_inst/mac_8in_instance/DP_OP_47J6_122_9468_n53  
    mac_array_instance/genblk1_6__mac_col_inst/mac_8in_instance/DP_OP_47J6_122_9468_n54  
    mac_array_instance/genblk1_6__mac_col_inst/mac_8in_instance/DP_OP_47J6_122_9468_n55  
    mac_array_instance/genblk1_6__mac_col_inst/mac_8in_instance/DP_OP_47J6_122_9468_n56  
    mac_array_instance/genblk1_6__mac_col_inst/mac_8in_instance/DP_OP_47J6_122_9468_n57  
    mac_array_instance/genblk1_6__mac_col_inst/mac_8in_instance/DP_OP_47J6_122_9468_n58  
    mac_array_instance/genblk1_6__mac_col_inst/mac_8in_instance/DP_OP_47J6_122_9468_n59  
    mac_array_instance/genblk1_6__mac_col_inst/mac_8in_instance/DP_OP_47J6_122_9468_n60  
    mac_array_instance/genblk1_6__mac_col_inst/mac_8in_instance/DP_OP_47J6_122_9468_n61  
    mac_array_instance/genblk1_6__mac_col_inst/mac_8in_instance/DP_OP_47J6_122_9468_n62  
    mac_array_instance/genblk1_6__mac_col_inst/mac_8in_instance/DP_OP_47J6_122_9468_n63  
    mac_array_instance/genblk1_6__mac_col_inst/mac_8in_instance/DP_OP_47J6_122_9468_n64  
    mac_array_instance/genblk1_6__mac_col_inst/mac_8in_instance/DP_OP_47J6_122_9468_n65  
    mac_array_instance/genblk1_6__mac_col_inst/mac_8in_instance/DP_OP_47J6_122_9468_n66  
    mac_array_instance/genblk1_6__mac_col_inst/mac_8in_instance/DP_OP_47J6_122_9468_n67  
    mac_array_instance/genblk1_6__mac_col_inst/mac_8in_instance/DP_OP_47J6_122_9468_n68  
    mac_array_instance/genblk1_6__mac_col_inst/mac_8in_instance/DP_OP_47J6_122_9468_n69  
    mac_array_instance/genblk1_6__mac_col_inst/mac_8in_instance/DP_OP_47J6_122_9468_n70  
    mac_array_instance/genblk1_6__mac_col_inst/mac_8in_instance/DP_OP_47J6_122_9468_n71  
    mac_array_instance/genblk1_6__mac_col_inst/mac_8in_instance/DP_OP_47J6_122_9468_n72  
    mac_array_instance/genblk1_6__mac_col_inst/mac_8in_instance/DP_OP_47J6_122_9468_n73  
    mac_array_instance/genblk1_6__mac_col_inst/mac_8in_instance/DP_OP_47J6_122_9468_n74  
    mac_array_instance/genblk1_6__mac_col_inst/mac_8in_instance/DP_OP_47J6_122_9468_n75  
    mac_array_instance/genblk1_6__mac_col_inst/mac_8in_instance/DP_OP_47J6_122_9468_n76  
    mac_array_instance/genblk1_6__mac_col_inst/mac_8in_instance/DP_OP_47J6_122_9468_n77  
    mac_array_instance/genblk1_6__mac_col_inst/mac_8in_instance/DP_OP_47J6_122_9468_n78  
    mac_array_instance/genblk1_6__mac_col_inst/mac_8in_instance/DP_OP_47J6_122_9468_n79  
    mac_array_instance/genblk1_6__mac_col_inst/mac_8in_instance/DP_OP_47J6_122_9468_n80  
    mac_array_instance/genblk1_6__mac_col_inst/mac_8in_instance/DP_OP_47J6_122_9468_n81  
    mac_array_instance/genblk1_6__mac_col_inst/mac_8in_instance/DP_OP_47J6_122_9468_n82  
    mac_array_instance/genblk1_6__mac_col_inst/mac_8in_instance/DP_OP_47J6_122_9468_n83  
    mac_array_instance/genblk1_6__mac_col_inst/mac_8in_instance/DP_OP_47J6_122_9468_n84  
    mac_array_instance/genblk1_6__mac_col_inst/mac_8in_instance/DP_OP_47J6_122_9468_n85  
    mac_array_instance/genblk1_6__mac_col_inst/mac_8in_instance/DP_OP_47J6_122_9468_n86  
    mac_array_instance/genblk1_6__mac_col_inst/mac_8in_instance/DP_OP_47J6_122_9468_n87  
    mac_array_instance/genblk1_6__mac_col_inst/mac_8in_instance/DP_OP_47J6_122_9468_n88  
    mac_array_instance/genblk1_6__mac_col_inst/mac_8in_instance/DP_OP_47J6_122_9468_n89  
    mac_array_instance/genblk1_6__mac_col_inst/mac_8in_instance/DP_OP_47J6_122_9468_n90  
    mac_array_instance/genblk1_6__mac_col_inst/mac_8in_instance/DP_OP_47J6_122_9468_n91  
    mac_array_instance/genblk1_6__mac_col_inst/mac_8in_instance/DP_OP_47J6_122_9468_n92  
    mac_array_instance/genblk1_6__mac_col_inst/mac_8in_instance/DP_OP_47J6_122_9468_n93  
    mac_array_instance/genblk1_6__mac_col_inst/mac_8in_instance/DP_OP_47J6_122_9468_n94  
    mac_array_instance/genblk1_6__mac_col_inst/mac_8in_instance/DP_OP_47J6_122_9468_n163  
    mac_array_instance/genblk1_6__mac_col_inst/mac_8in_instance/DP_OP_47J6_122_9468_n164  
    mac_array_instance/genblk1_6__mac_col_inst/mac_8in_instance/DP_OP_47J6_122_9468_n165  
    mac_array_instance/genblk1_6__mac_col_inst/mac_8in_instance/DP_OP_47J6_122_9468_n166  
    mac_array_instance/genblk1_6__mac_col_inst/mac_8in_instance/DP_OP_47J6_122_9468_n167  
    mac_array_instance/genblk1_6__mac_col_inst/mac_8in_instance/DP_OP_47J6_122_9468_n168  
    mac_array_instance/genblk1_6__mac_col_inst/mac_8in_instance/DP_OP_47J6_122_9468_n169  
    mac_array_instance/genblk1_6__mac_col_inst/mac_8in_instance/DP_OP_47J6_122_9468_n170  
    mac_array_instance/genblk1_6__mac_col_inst/mac_8in_instance/N264  
    mac_array_instance/genblk1_6__mac_col_inst/mac_8in_instance/N262  
    mac_array_instance/genblk1_6__mac_col_inst/mac_8in_instance/N261  
    mac_array_instance/genblk1_6__mac_col_inst/mac_8in_instance/N260  
    mac_array_instance/genblk1_6__mac_col_inst/mac_8in_instance/N259  
    mac_array_instance/genblk1_6__mac_col_inst/mac_8in_instance/N258  
    mac_array_instance/genblk1_6__mac_col_inst/mac_8in_instance/N257  
    mac_array_instance/genblk1_6__mac_col_inst/mac_8in_instance/N256  
    mac_array_instance/genblk1_6__mac_col_inst/mac_8in_instance/N255  
    mac_array_instance/genblk1_6__mac_col_inst/mac_8in_instance/N254  
    mac_array_instance/genblk1_6__mac_col_inst/mac_8in_instance/N253  
    mac_array_instance/genblk1_6__mac_col_inst/mac_8in_instance/N130  
    mac_array_instance/genblk1_6__mac_col_inst/mac_8in_instance/N129  
    mac_array_instance/genblk1_6__mac_col_inst/mac_8in_instance/N128  
    mac_array_instance/genblk1_6__mac_col_inst/mac_8in_instance/N127  
    mac_array_instance/genblk1_6__mac_col_inst/mac_8in_instance/N126  
    mac_array_instance/genblk1_6__mac_col_inst/mac_8in_instance/N125  
    mac_array_instance/genblk1_6__mac_col_inst/mac_8in_instance/N124  
    mac_array_instance/genblk1_6__mac_col_inst/mac_8in_instance/N123  
    mac_array_instance/genblk1_6__mac_col_inst/mac_8in_instance/N114  
    mac_array_instance/genblk1_6__mac_col_inst/mac_8in_instance/N113  
    mac_array_instance/genblk1_6__mac_col_inst/mac_8in_instance/N112  
    mac_array_instance/genblk1_6__mac_col_inst/mac_8in_instance/N111  
    mac_array_instance/genblk1_6__mac_col_inst/mac_8in_instance/N110  
    mac_array_instance/genblk1_6__mac_col_inst/mac_8in_instance/N109  
    mac_array_instance/genblk1_6__mac_col_inst/mac_8in_instance/N108  
    mac_array_instance/genblk1_6__mac_col_inst/mac_8in_instance/N107  
    mac_array_instance/genblk1_6__mac_col_inst/mac_8in_instance/N98  
    mac_array_instance/genblk1_6__mac_col_inst/mac_8in_instance/N97  
    mac_array_instance/genblk1_6__mac_col_inst/mac_8in_instance/N96  
    mac_array_instance/genblk1_6__mac_col_inst/mac_8in_instance/N95  
    mac_array_instance/genblk1_6__mac_col_inst/mac_8in_instance/N94  
    mac_array_instance/genblk1_6__mac_col_inst/mac_8in_instance/N93  
    mac_array_instance/genblk1_6__mac_col_inst/mac_8in_instance/N92  
    mac_array_instance/genblk1_6__mac_col_inst/mac_8in_instance/N91  
    mac_array_instance/genblk1_6__mac_col_inst/mac_8in_instance/N82  
    mac_array_instance/genblk1_6__mac_col_inst/mac_8in_instance/N81  
    mac_array_instance/genblk1_6__mac_col_inst/mac_8in_instance/N80  
    mac_array_instance/genblk1_6__mac_col_inst/mac_8in_instance/N79  
    mac_array_instance/genblk1_6__mac_col_inst/mac_8in_instance/N78  
    mac_array_instance/genblk1_6__mac_col_inst/mac_8in_instance/N77  
    mac_array_instance/genblk1_6__mac_col_inst/mac_8in_instance/N76  
    mac_array_instance/genblk1_6__mac_col_inst/mac_8in_instance/N75  
    mac_array_instance/genblk1_6__mac_col_inst/mac_8in_instance/N66  
    mac_array_instance/genblk1_6__mac_col_inst/mac_8in_instance/N65  
    mac_array_instance/genblk1_6__mac_col_inst/mac_8in_instance/N64  
    mac_array_instance/genblk1_6__mac_col_inst/mac_8in_instance/N63  
    mac_array_instance/genblk1_6__mac_col_inst/mac_8in_instance/N62  
    mac_array_instance/genblk1_6__mac_col_inst/mac_8in_instance/N61  
    mac_array_instance/genblk1_6__mac_col_inst/mac_8in_instance/N60  
    mac_array_instance/genblk1_6__mac_col_inst/mac_8in_instance/N59  
    mac_array_instance/genblk1_6__mac_col_inst/mac_8in_instance/N50  
    mac_array_instance/genblk1_6__mac_col_inst/mac_8in_instance/N49  
    mac_array_instance/genblk1_6__mac_col_inst/mac_8in_instance/N48  
    mac_array_instance/genblk1_6__mac_col_inst/mac_8in_instance/N47  
    mac_array_instance/genblk1_6__mac_col_inst/mac_8in_instance/N46  
    mac_array_instance/genblk1_6__mac_col_inst/mac_8in_instance/N45  
    mac_array_instance/genblk1_6__mac_col_inst/mac_8in_instance/N44  
    mac_array_instance/genblk1_6__mac_col_inst/mac_8in_instance/N43  
    mac_array_instance/genblk1_6__mac_col_inst/mac_8in_instance/N34  
    mac_array_instance/genblk1_6__mac_col_inst/mac_8in_instance/N33  
    mac_array_instance/genblk1_6__mac_col_inst/mac_8in_instance/N32  
    mac_array_instance/genblk1_6__mac_col_inst/mac_8in_instance/N31  
    mac_array_instance/genblk1_6__mac_col_inst/mac_8in_instance/N30  
    mac_array_instance/genblk1_6__mac_col_inst/mac_8in_instance/N29  
    mac_array_instance/genblk1_6__mac_col_inst/mac_8in_instance/N28  
    mac_array_instance/genblk1_6__mac_col_inst/mac_8in_instance/N27  
    mac_array_instance/genblk1_6__mac_col_inst/mac_8in_instance/N18  
    mac_array_instance/genblk1_6__mac_col_inst/mac_8in_instance/N17  
    mac_array_instance/genblk1_6__mac_col_inst/mac_8in_instance/N16  
    mac_array_instance/genblk1_6__mac_col_inst/mac_8in_instance/N15  
    mac_array_instance/genblk1_6__mac_col_inst/mac_8in_instance/N14  
    mac_array_instance/genblk1_6__mac_col_inst/mac_8in_instance/N13  
    mac_array_instance/genblk1_6__mac_col_inst/mac_8in_instance/N12  
    mac_array_instance/genblk1_6__mac_col_inst/mac_8in_instance/N11  
    mac_array_instance/genblk1_6__mac_col_inst/cnt_q[1]  
    mac_array_instance/genblk1_4__mac_col_inst/cnt_q[2]  
    mac_array_instance/genblk1_3__mac_col_inst/cnt_q[2]  
    mac_array_instance/genblk1_2__mac_col_inst/cnt_q[2]  
    mac_array_instance/genblk1_0__mac_col_inst/cnt_q[2]  
    mac_array_instance/SYNOPSYS_UNCONNECTED_66  
    mac_array_instance/SYNOPSYS_UNCONNECTED_65  
    mac_array_instance/SYNOPSYS_UNCONNECTED_64  
    mac_array_instance/SYNOPSYS_UNCONNECTED_63  
    mac_array_instance/SYNOPSYS_UNCONNECTED_62  
    mac_array_instance/SYNOPSYS_UNCONNECTED_61  
    mac_array_instance/SYNOPSYS_UNCONNECTED_60  
    mac_array_instance/SYNOPSYS_UNCONNECTED_59  
    mac_array_instance/SYNOPSYS_UNCONNECTED_58  
    mac_array_instance/SYNOPSYS_UNCONNECTED_57  
    mac_array_instance/SYNOPSYS_UNCONNECTED_56  
    mac_array_instance/SYNOPSYS_UNCONNECTED_55  
    mac_array_instance/SYNOPSYS_UNCONNECTED_54  
    mac_array_instance/SYNOPSYS_UNCONNECTED_53  
    mac_array_instance/SYNOPSYS_UNCONNECTED_52  
    mac_array_instance/SYNOPSYS_UNCONNECTED_51  
    mac_array_instance/SYNOPSYS_UNCONNECTED_50  
    mac_array_instance/SYNOPSYS_UNCONNECTED_49  
    mac_array_instance/SYNOPSYS_UNCONNECTED_48  
    mac_array_instance/SYNOPSYS_UNCONNECTED_47  
    mac_array_instance/SYNOPSYS_UNCONNECTED_46  
    mac_array_instance/SYNOPSYS_UNCONNECTED_45  
    mac_array_instance/SYNOPSYS_UNCONNECTED_44  
    mac_array_instance/SYNOPSYS_UNCONNECTED_43  
    mac_array_instance/SYNOPSYS_UNCONNECTED_42  
    mac_array_instance/SYNOPSYS_UNCONNECTED_41  
    mac_array_instance/SYNOPSYS_UNCONNECTED_40  
    mac_array_instance/SYNOPSYS_UNCONNECTED_39  
    mac_array_instance/SYNOPSYS_UNCONNECTED_38  
    mac_array_instance/SYNOPSYS_UNCONNECTED_37  
    mac_array_instance/SYNOPSYS_UNCONNECTED_36  
    mac_array_instance/SYNOPSYS_UNCONNECTED_35  
    mac_array_instance/SYNOPSYS_UNCONNECTED_34  
    mac_array_instance/SYNOPSYS_UNCONNECTED_33  
    mac_array_instance/SYNOPSYS_UNCONNECTED_32  
    mac_array_instance/SYNOPSYS_UNCONNECTED_31  
    mac_array_instance/SYNOPSYS_UNCONNECTED_30  
    mac_array_instance/SYNOPSYS_UNCONNECTED_29  
    mac_array_instance/SYNOPSYS_UNCONNECTED_28  
    mac_array_instance/SYNOPSYS_UNCONNECTED_27  
    mac_array_instance/SYNOPSYS_UNCONNECTED_26  
    mac_array_instance/SYNOPSYS_UNCONNECTED_25  
    mac_array_instance/SYNOPSYS_UNCONNECTED_24  
    mac_array_instance/SYNOPSYS_UNCONNECTED_23  
    mac_array_instance/SYNOPSYS_UNCONNECTED_22  
    mac_array_instance/SYNOPSYS_UNCONNECTED_21  
    mac_array_instance/SYNOPSYS_UNCONNECTED_20  
    mac_array_instance/SYNOPSYS_UNCONNECTED_19  
    mac_array_instance/SYNOPSYS_UNCONNECTED_18  
    mac_array_instance/SYNOPSYS_UNCONNECTED_17  
    mac_array_instance/SYNOPSYS_UNCONNECTED_16  
    mac_array_instance/SYNOPSYS_UNCONNECTED_15  
    mac_array_instance/SYNOPSYS_UNCONNECTED_14  
    mac_array_instance/SYNOPSYS_UNCONNECTED_13  
    mac_array_instance/SYNOPSYS_UNCONNECTED_12  
    mac_array_instance/SYNOPSYS_UNCONNECTED_11  
    mac_array_instance/SYNOPSYS_UNCONNECTED_10  
    mac_array_instance/SYNOPSYS_UNCONNECTED_9  
    mac_array_instance/SYNOPSYS_UNCONNECTED_8  
    mac_array_instance/SYNOPSYS_UNCONNECTED_7  
    mac_array_instance/SYNOPSYS_UNCONNECTED_6  
    mac_array_instance/SYNOPSYS_UNCONNECTED_5  
    mac_array_instance/SYNOPSYS_UNCONNECTED_4  
    mac_array_instance/SYNOPSYS_UNCONNECTED_3  
    mac_array_instance/SYNOPSYS_UNCONNECTED_2  
    mac_array_instance/SYNOPSYS_UNCONNECTED_1  
    pmem_in_128  
    pmem_in_129  
    pmem_in_130  
    pmem_in_131  
    pmem_in_132  
    pmem_in_133  
    pmem_in_134  
    pmem_in_135  
    pmem_in_136  
    pmem_in_137  
    pmem_in_138  
    pmem_in_139  
    pmem_in_140  
    pmem_in_141  
    pmem_in_142  
    pmem_in_143  
    pmem_in_144  
    pmem_in_145  
    pmem_in_146  
    pmem_in_147  
    pmem_in_148  
    pmem_in_149  
    pmem_in_150  
    pmem_in_151  
    pmem_in_152  
    pmem_in_153  
    pmem_in_154  
    pmem_in_155  
    pmem_in_156  
    pmem_in_157  
    pmem_in_158  
    pmem_in_159  
    sfp_out[128]  
    sfp_out[129]  
    sfp_out[130]  
    sfp_out[131]  
    sfp_out[132]  
    sfp_out[133]  
    sfp_out[134]  
    sfp_out[135]  
    sfp_out[136]  
    sfp_out[137]  
    sfp_out[138]  
    sfp_out[139]  
    sfp_out[140]  
    sfp_out[141]  
    sfp_out[142]  
    sfp_out[143]  
    sfp_out[144]  
    sfp_out[145]  
    sfp_out[146]  
    sfp_out[147]  
    sfp_out[148]  
    sfp_out[149]  
    sfp_out[150]  
    sfp_out[151]  
    sfp_out[152]  
    sfp_out[153]  
    sfp_out[154]  
    sfp_out[155]  
    sfp_out[156]  
    sfp_out[157]  
    sfp_out[158]  
    sfp_out[159]  
    array_out[128]  
    array_out[129]  
    array_out[130]  
    array_out[131]  
    array_out[132]  
    array_out[133]  
    array_out[134]  
    array_out[135]  
    array_out[136]  
    array_out[137]  
    array_out[138]  
    array_out[139]  
    array_out[140]  
    array_out[141]  
    array_out[142]  
    array_out[143]  
    array_out[144]  
    array_out[145]  
    array_out[146]  
    array_out[147]  
    array_out[148]  
    array_out[149]  
    array_out[150]  
    array_out[151]  
    array_out[152]  
    array_out[153]  
    array_out[154]  
    array_out[155]  
    array_out[156]  
    array_out[157]  
    array_out[158]  
    array_out[159]  
    fifo_wr[7]  
    fifo_out[128]  
    fifo_out[129]  
    fifo_out[130]  
    fifo_out[131]  
    fifo_out[132]  
    fifo_out[133]  
    fifo_out[134]  
    fifo_out[135]  
    fifo_out[136]  
    fifo_out[137]  
    fifo_out[138]  
    fifo_out[139]  
    fifo_out[140]  
    fifo_out[141]  
    fifo_out[142]  
    fifo_out[143]  
    fifo_out[144]  
    fifo_out[145]  
    fifo_out[146]  
    fifo_out[147]  
    fifo_out[148]  
    fifo_out[149]  
    fifo_out[150]  
    fifo_out[151]  
    fifo_out[152]  
    fifo_out[153]  
    fifo_out[154]  
    fifo_out[155]  
    fifo_out[156]  
    fifo_out[157]  
    fifo_out[158]  
    fifo_out[159]  
    sfp_fifo_out[128]  
    sfp_fifo_out[129]  
    sfp_fifo_out[130]  
    sfp_fifo_out[131]  
    sfp_fifo_out[132]  
    sfp_fifo_out[133]  
    sfp_fifo_out[134]  
    sfp_fifo_out[135]  
    sfp_fifo_out[136]  
    sfp_fifo_out[137]  
    sfp_fifo_out[138]  
    sfp_fifo_out[139]  
    sfp_fifo_out[140]  
    sfp_fifo_out[141]  
    sfp_fifo_out[142]  
    sfp_fifo_out[143]  
    sfp_fifo_out[144]  
    sfp_fifo_out[145]  
    sfp_fifo_out[146]  
    sfp_fifo_out[147]  
    sfp_fifo_out[148]  
    sfp_fifo_out[149]  
    sfp_fifo_out[150]  
    sfp_fifo_out[151]  
    sfp_fifo_out[152]  
    sfp_fifo_out[153]  
    sfp_fifo_out[154]  
    sfp_fifo_out[155]  
    sfp_fifo_out[156]  
    sfp_fifo_out[157]  
    sfp_fifo_out[158]  
    sfp_fifo_out[159]  
    SYNOPSYS_UNCONNECTED_2  
    SYNOPSYS_UNCONNECTED_1  
    out[128]  
    out[129]  
    out[130]  
    out[131]  
    out[132]  
    out[133]  
    out[134]  
    out[135]  
    out[136]  
    out[137]  
    out[138]  
    out[139]  
    out[140]  
    out[141]  
    out[142]  
    out[143]  
    out[144]  
    out[145]  
    out[146]  
    out[147]  
    out[148]  
    out[149]  
    out[150]  
    out[151]  
    out[152]  
    out[153]  
    out[154]  
    out[155]  
    out[156]  
    out[157]  
    out[158]  
    out[159]  
    mac_array_instance/genblk1_7__mac_col_inst/FE_DBTN94_reset  
    FE_UNCONNECTED_1  
# Multi-driven Nets: 0  
# Assign Statements: 0  
Is Design Uniquified: YES  
# Pins in Netlist without timing lib: 0  

==============================

==============================
: Internal  External  
No of Nets:      68840           0  
No of Connections:     127244           0  
Total Net Length (X): 7.0665e+05  0.0000e+00  
Total Net Length (Y): 6.5903e+05  0.0000e+00  
Total Net Length: 1.3657e+06  0.0000e+00  

==============================
Timing Information
==============================
# Clocks in design: 
    ------------------------------
    Clocks in Design
    ------------------------------
    @  
    *  
    clk  
    @  
    *  
    clk  6  
# Generated clocks: 0  
# "dont_use" cells from .libs: 
    ------------------------------
    Dont_use Cell List
    ------------------------------
    ANTENNA  
    ANTENNA  
    BHD  
    BHD  
    BUFFD20  
    BUFFD20  
    BUFFD24  
    BUFFD24  
    BUFTD20  
    BUFTD20  
    BUFTD24  
    BUFTD24  
    CKBD20  
    CKBD20  
    CKBD24  
    CKBD24  
    CKLHQD20  
    CKLHQD20  
    CKLHQD24  
    CKLHQD24  
    CKLNQD20  
    CKLNQD20  
    CKLNQD24  
    CKLNQD24  
    CKND20  
    CKND20  
    CKND24  
    CKND24  
    DCAP  
    DCAP  
    DCAP16  
    DCAP16  
    DCAP32  
    DCAP32  
    DCAP4  
    DCAP4  
    DCAP64  
    DCAP64  
    DCAP8  
    DCAP8  
    DEL0  
    DEL0  
    DEL005  
    DEL005  
    DEL01  
    DEL01  
    DEL015  
    DEL015  
    DEL02  
    DEL02  
    DEL1  
    DEL1  
    DEL2  
    DEL2  
    DEL3  
    DEL3  
    DEL4  
    DEL4  
    GAN2D1  
    GAN2D1  
    GAN2D2  
    GAN2D2  
    GAOI21D1  
    GAOI21D1  
    GAOI21D2  
    GAOI21D2  
    GAOI22D1  
    GAOI22D1  
    GBUFFD1  
    GBUFFD1  
    GBUFFD2  
    GBUFFD2  
    GBUFFD3  
    GBUFFD3  
    GBUFFD4  
    GBUFFD4  
    GBUFFD8  
    GBUFFD8  
    GDCAP  
    GDCAP  
    GDCAP10  
    GDCAP10  
    GDCAP2  
    GDCAP2  
    GDCAP3  
    GDCAP3  
    GDCAP4  
    GDCAP4  
    GDFCNQD1  
    GDFCNQD1  
    GDFQD1  
    GDFQD1  
    GINVD1  
    GINVD1  
    GINVD2  
    GINVD2  
    GINVD3  
    GINVD3  
    GINVD4  
    GINVD4  
    GINVD8  
    GINVD8  
    GMUX2D1  
    GMUX2D1  
    GMUX2D2  
    GMUX2D2  
    GMUX2ND1  
    GMUX2ND1  
    GMUX2ND2  
    GMUX2ND2  
    GND2D1  
    GND2D1  
    GND2D2  
    GND2D2  
    GND2D3  
    GND2D3  
    GND2D4  
    GND2D4  
    GND3D1  
    GND3D1  
    GND3D2  
    GND3D2  
    GNR2D1  
    GNR2D1  
    GNR2D2  
    GNR2D2  
    GNR3D1  
    GNR3D1  
    GNR3D2  
    GNR3D2  
    GOAI21D1  
    GOAI21D1  
    GOAI21D2  
    GOAI21D2  
    GOR2D1  
    GOR2D1  
    GOR2D2  
    GOR2D2  
    GSDFCNQD1  
    GSDFCNQD1  
    GTIEH  
    GTIEH  
    GTIEL  
    GTIEL  
    GXNR2D1  
    GXNR2D1  
    GXNR2D2  
    GXNR2D2  
    GXOR2D1  
    GXOR2D1  
    GXOR2D2  
    GXOR2D2  
    INVD20  
    INVD20  
    INVD24  
    INVD24  
    OD18DCAP16  
    OD18DCAP16  
    OD18DCAP32  
    OD18DCAP32  
    OD18DCAP64  
    OD18DCAP64  
    sram_w16  
    sram_w16  164  
# "dont_touch" cells from .libs: 
    ------------------------------
    Dont_touch Cell List
    ------------------------------
    BHD  
    BHD  
    BUFFD20  
    BUFFD20  
    BUFFD24  
    BUFFD24  
    BUFTD20  
    BUFTD20  
    BUFTD24  
    BUFTD24  
    CKBD20  
    CKBD20  
    CKBD24  
    CKBD24  
    CKLHQD20  
    CKLHQD20  
    CKLHQD24  
    CKLHQD24  
    CKLNQD20  
    CKLNQD20  
    CKLNQD24  
    CKLNQD24  
    CKND20  
    CKND20  
    CKND24  
    CKND24  
    DEL0  
    DEL0  
    DEL005  
    DEL005  
    DEL01  
    DEL01  
    DEL015  
    DEL015  
    DEL02  
    DEL02  
    DEL1  
    DEL1  
    DEL2  
    DEL2  
    DEL3  
    DEL3  
    DEL4  
    DEL4  
    GAN2D1  
    GAN2D1  
    GAN2D2  
    GAN2D2  
    GAOI21D1  
    GAOI21D1  
    GAOI21D2  
    GAOI21D2  
    GAOI22D1  
    GAOI22D1  
    GBUFFD1  
    GBUFFD1  
    GBUFFD2  
    GBUFFD2  
    GBUFFD3  
    GBUFFD3  
    GBUFFD4  
    GBUFFD4  
    GBUFFD8  
    GBUFFD8  
    GDCAP  
    GDCAP  
    GDCAP10  
    GDCAP10  
    GDCAP2  
    GDCAP2  
    GDCAP3  
    GDCAP3  
    GDCAP4  
    GDCAP4  
    GDFCNQD1  
    GDFCNQD1  
    GDFQD1  
    GDFQD1  
    GINVD1  
    GINVD1  
    GINVD2  
    GINVD2  
    GINVD3  
    GINVD3  
    GINVD4  
    GINVD4  
    GINVD8  
    GINVD8  
    GMUX2D1  
    GMUX2D1  
    GMUX2D2  
    GMUX2D2  
    GMUX2ND1  
    GMUX2ND1  
    GMUX2ND2  
    GMUX2ND2  
    GND2D1  
    GND2D1  
    GND2D2  
    GND2D2  
    GND2D3  
    GND2D3  
    GND2D4  
    GND2D4  
    GND3D1  
    GND3D1  
    GND3D2  
    GND3D2  
    GNR2D1  
    GNR2D1  
    GNR2D2  
    GNR2D2  
    GNR3D1  
    GNR3D1  
    GNR3D2  
    GNR3D2  
    GOAI21D1  
    GOAI21D1  
    GOAI21D2  
    GOAI21D2  
    GOR2D1  
    GOR2D1  
    GOR2D2  
    GOR2D2  
    GSDFCNQD1  
    GSDFCNQD1  
    GTIEH  
    GTIEH  
    GTIEL  
    GTIEL  
    GXNR2D1  
    GXNR2D1  
    GXNR2D2  
    GXNR2D2  
    GXOR2D1  
    GXOR2D1  
    GXOR2D2  
    GXOR2D2  
    INVD20  
    INVD20  
    INVD24  
    INVD24  
    sram_w16  
    sram_w16  144  
# Cells in .lib with max_tran: 
    ------------------------------
    Cell List with max_tran
    ------------------------------
               Cell Name  Max Transition (ps)  
                   AN2D0  709  
                   AN2D0  709  
                   AN2D1  709  
                   AN2D1  709  
                   AN2D2  709  
                   AN2D2  709  
                   AN2D4  709  
                   AN2D4  709  
                   AN2D8  709  
                   AN2D8  709  
                  AN2XD1  709  
                  AN2XD1  709  
                   AN3D0  709  
                   AN3D0  709  
                   AN3D1  709  
                   AN3D1  709  
                   AN3D2  709  
                   AN3D2  709  
                   AN3D4  709  
                   AN3D4  709  
                   AN3D8  709  
                   AN3D8  709  
                  AN3XD1  709  
                  AN3XD1  709  
                   AN4D0  709  
                   AN4D0  709  
                   AN4D1  709  
                   AN4D1  709  
                   AN4D2  709  
                   AN4D2  709  
                   AN4D4  709  
                   AN4D4  709  
                   AN4D8  709  
                   AN4D8  709  
                  AN4XD1  709  
                  AN4XD1  709  
                 ANTENNA  709  
                 ANTENNA  709  
                 AO211D0  709  
                 AO211D0  709  
                 AO211D1  709  
                 AO211D1  709  
                 AO211D2  709  
                 AO211D2  709  
                 AO211D4  709  
                 AO211D4  709  
                  AO21D0  709  
                  AO21D0  709  
                  AO21D1  709  
                  AO21D1  709  
                  AO21D2  709  
                  AO21D2  709  
                  AO21D4  709  
                  AO21D4  709  
                 AO221D0  709  
                 AO221D0  709  
                 AO221D1  709  
                 AO221D1  709  
                 AO221D2  709  
                 AO221D2  709  
                 AO221D4  709  
                 AO221D4  709  
                 AO222D0  709  
                 AO222D0  709  
                 AO222D1  709  
                 AO222D1  709  
                 AO222D2  709  
                 AO222D2  709  
                 AO222D4  709  
                 AO222D4  709  
                  AO22D0  709  
                  AO22D0  709  
                  AO22D1  709  
                  AO22D1  709  
                  AO22D2  709  
                  AO22D2  709  
                  AO22D4  709  
                  AO22D4  709  
                  AO31D0  709  
                  AO31D0  709  
                  AO31D1  709  
                  AO31D1  709  
                  AO31D2  709  
                  AO31D2  709  
                  AO31D4  709  
                  AO31D4  709  
                  AO32D0  709  
                  AO32D0  709  
                  AO32D1  709  
                  AO32D1  709  
                  AO32D2  709  
                  AO32D2  709  
                  AO32D4  709  
                  AO32D4  709  
                  AO33D0  709  
                  AO33D0  709  
                  AO33D1  709  
                  AO33D1  709  
                  AO33D2  709  
                  AO33D2  709  
                  AO33D4  709  
                  AO33D4  709  
                AOI211D0  709  
                AOI211D0  709  
                AOI211D1  709  
                AOI211D1  709  
                AOI211D2  709  
                AOI211D2  709  
                AOI211D4  709  
                AOI211D4  709  
               AOI211XD0  709  
               AOI211XD0  709  
               AOI211XD1  709  
               AOI211XD1  709  
               AOI211XD2  709  
               AOI211XD2  709  
               AOI211XD4  709  
               AOI211XD4  709  
                 AOI21D0  709  
                 AOI21D0  709  
                 AOI21D1  709  
                 AOI21D1  709  
                 AOI21D2  709  
                 AOI21D2  709  
                 AOI21D4  709  
                 AOI21D4  709  
                AOI221D0  709  
                AOI221D0  709  
                AOI221D1  709  
                AOI221D1  709  
                AOI221D2  709  
                AOI221D2  709  
                AOI221D4  709  
                AOI221D4  709  
               AOI221XD4  709  
               AOI221XD4  709  
                AOI222D0  709  
                AOI222D0  709  
                AOI222D1  709  
                AOI222D1  709  
                AOI222D2  709  
                AOI222D2  709  
                AOI222D4  709  
                AOI222D4  709  
               AOI222XD4  709  
               AOI222XD4  709  
                 AOI22D0  709  
                 AOI22D0  709  
                 AOI22D1  709  
                 AOI22D1  709  
                 AOI22D2  709  
                 AOI22D2  709  
                 AOI22D4  709  
                 AOI22D4  709  
                 AOI31D0  709  
                 AOI31D0  709  
                 AOI31D1  709  
                 AOI31D1  709  
                 AOI31D2  709  
                 AOI31D2  709  
                 AOI31D4  709  
                 AOI31D4  709  
                 AOI32D0  709  
                 AOI32D0  709  
                 AOI32D1  709  
                 AOI32D1  709  
                 AOI32D2  709  
                 AOI32D2  709  
                 AOI32D4  709  
                 AOI32D4  709  
                AOI32XD4  709  
                AOI32XD4  709  
                 AOI33D0  709  
                 AOI33D0  709  
                 AOI33D1  709  
                 AOI33D1  709  
                 AOI33D2  709  
                 AOI33D2  709  
                 AOI33D4  709  
                 AOI33D4  709  
                AOI33XD4  709  
                AOI33XD4  709  
                  BENCD1  709  
                  BENCD1  709  
                  BENCD2  709  
                  BENCD2  709  
                  BENCD4  709  
                  BENCD4  709  
                     BHD  709  
                     BHD  709  
                   BMLD1  709  
                   BMLD1  709  
                   BMLD2  709  
                   BMLD2  709  
                   BMLD4  709  
                   BMLD4  709  
                  BUFFD0  709  
                  BUFFD0  709  
                  BUFFD1  709  
                  BUFFD1  709  
                 BUFFD12  709  
                 BUFFD12  709  
                 BUFFD16  709  
                 BUFFD16  709  
                  BUFFD2  709  
                  BUFFD2  709  
                 BUFFD20  709  
                 BUFFD20  709  
                 BUFFD24  709  
                 BUFFD24  709  
                  BUFFD3  709  
                  BUFFD3  709  
                  BUFFD4  709  
                  BUFFD4  709  
                  BUFFD6  709  
                  BUFFD6  709  
                  BUFFD8  709  
                  BUFFD8  709  
                  BUFTD0  709  
                  BUFTD0  709  
                  BUFTD1  709  
                  BUFTD1  709  
                 BUFTD12  709  
                 BUFTD12  709  
                 BUFTD16  709  
                 BUFTD16  709  
                  BUFTD2  709  
                  BUFTD2  709  
                 BUFTD20  709  
                 BUFTD20  709  
                 BUFTD24  709  
                 BUFTD24  709  
                  BUFTD3  709  
                  BUFTD3  709  
                  BUFTD4  709  
                  BUFTD4  709  
                  BUFTD6  709  
                  BUFTD6  709  
                  BUFTD8  709  
                  BUFTD8  709  
                 CKAN2D0  709  
                 CKAN2D0  709  
                 CKAN2D1  709  
                 CKAN2D1  709  
                 CKAN2D2  709  
                 CKAN2D2  709  
                 CKAN2D4  709  
                 CKAN2D4  709  
                 CKAN2D8  709  
                 CKAN2D8  709  
                   CKBD0  709  
                   CKBD0  709  
                   CKBD1  709  
                   CKBD1  709  
                  CKBD12  709  
                  CKBD12  709  
                  CKBD16  709  
                  CKBD16  709  
                   CKBD2  709  
                   CKBD2  709  
                  CKBD20  709  
                  CKBD20  709  
                  CKBD24  709  
                  CKBD24  709  
                   CKBD3  709  
                   CKBD3  709  
                   CKBD4  709  
                   CKBD4  709  
                   CKBD6  709  
                   CKBD6  709  
                   CKBD8  709  
                   CKBD8  709  
                 CKLHQD1  709  
                 CKLHQD1  709  
                CKLHQD12  709  
                CKLHQD12  709  
                CKLHQD16  709  
                CKLHQD16  709  
                 CKLHQD2  709  
                 CKLHQD2  709  
                CKLHQD20  709  
                CKLHQD20  709  
                CKLHQD24  709  
                CKLHQD24  709  
                 CKLHQD3  709  
                 CKLHQD3  709  
                 CKLHQD4  709  
                 CKLHQD4  709  
                 CKLHQD6  709  
                 CKLHQD6  709  
                 CKLHQD8  709  
                 CKLHQD8  709  
                 CKLNQD1  709  
                 CKLNQD1  709  
                CKLNQD12  709  
                CKLNQD12  709  
                CKLNQD16  709  
                CKLNQD16  709  
                 CKLNQD2  709  
                 CKLNQD2  709  
                CKLNQD20  709  
                CKLNQD20  709  
                CKLNQD24  709  
                CKLNQD24  709  
                 CKLNQD3  709  
                 CKLNQD3  709  
                 CKLNQD4  709  
                 CKLNQD4  709  
                 CKLNQD6  709  
                 CKLNQD6  709  
                 CKLNQD8  709  
                 CKLNQD8  709  
                CKMUX2D0  709  
                CKMUX2D0  709  
                CKMUX2D1  709  
                CKMUX2D1  709  
                CKMUX2D2  709  
                CKMUX2D2  709  
                CKMUX2D4  709  
                CKMUX2D4  709  
                   CKND0  709  
                   CKND0  709  
                   CKND1  709  
                   CKND1  709  
                  CKND12  709  
                  CKND12  709  
                  CKND16  709  
                  CKND16  709  
                   CKND2  709  
                   CKND2  709  
                  CKND20  709  
                  CKND20  709  
                  CKND24  709  
                  CKND24  709  
                 CKND2D0  709  
                 CKND2D0  709  
                 CKND2D1  709  
                 CKND2D1  709  
                 CKND2D2  709  
                 CKND2D2  709  
                 CKND2D3  709  
                 CKND2D3  709  
                 CKND2D4  709  
                 CKND2D4  709  
                 CKND2D8  709  
                 CKND2D8  709  
                   CKND3  709  
                   CKND3  709  
                   CKND4  709  
                   CKND4  709  
                   CKND6  709  
                   CKND6  709  
                   CKND8  709  
                   CKND8  709  
                CKXOR2D0  709  
                CKXOR2D0  709  
                CKXOR2D1  709  
                CKXOR2D1  709  
                CKXOR2D2  709  
                CKXOR2D2  709  
                CKXOR2D4  709  
                CKXOR2D4  709  
                CMPE42D1  709  
                CMPE42D1  709  
                CMPE42D2  709  
                CMPE42D2  709  
                    DEL0  709  
                    DEL0  709  
                  DEL005  709  
                  DEL005  709  
                   DEL01  709  
                   DEL01  709  
                  DEL015  709  
                  DEL015  709  
                   DEL02  709  
                   DEL02  709  
                    DEL1  709  
                    DEL1  709  
                    DEL2  709  
                    DEL2  709  
                    DEL3  709  
                    DEL3  709  
                    DEL4  709  
                    DEL4  709  
                  DFCND1  709  
                  DFCND1  709  
                  DFCND2  709  
                  DFCND2  709  
                  DFCND4  709  
                  DFCND4  709  
                 DFCNQD1  709  
                 DFCNQD1  709  
                 DFCNQD2  709  
                 DFCNQD2  709  
                 DFCNQD4  709  
                 DFCNQD4  709  
                 DFCSND1  709  
                 DFCSND1  709  
                 DFCSND2  709  
                 DFCSND2  709  
                 DFCSND4  709  
                 DFCSND4  709  
                DFCSNQD1  709  
                DFCSNQD1  709  
                DFCSNQD2  709  
                DFCSNQD2  709  
                DFCSNQD4  709  
                DFCSNQD4  709  
                    DFD1  709  
                    DFD1  709  
                    DFD2  709  
                    DFD2  709  
                    DFD4  709  
                    DFD4  709  
                 DFKCND1  709  
                 DFKCND1  709  
                 DFKCND2  709  
                 DFKCND2  709  
                 DFKCND4  709  
                 DFKCND4  709  
                DFKCNQD1  709  
                DFKCNQD1  709  
                DFKCNQD2  709  
                DFKCNQD2  709  
                DFKCNQD4  709  
                DFKCNQD4  709  
                DFKCSND1  709  
                DFKCSND1  709  
                DFKCSND2  709  
                DFKCSND2  709  
                DFKCSND4  709  
                DFKCSND4  709  
                 DFKSND1  709  
                 DFKSND1  709  
                 DFKSND2  709  
                 DFKSND2  709  
                 DFKSND4  709  
                 DFKSND4  709  
                 DFNCND1  709  
                 DFNCND1  709  
                 DFNCND2  709  
                 DFNCND2  709  
                 DFNCND4  709  
                 DFNCND4  709  
                DFNCSND1  709  
                DFNCSND1  709  
                DFNCSND2  709  
                DFNCSND2  709  
                DFNCSND4  709  
                DFNCSND4  709  
                   DFND1  709  
                   DFND1  709  
                   DFND2  709  
                   DFND2  709  
                   DFND4  709  
                   DFND4  709  
                 DFNSND1  709  
                 DFNSND1  709  
                 DFNSND2  709  
                 DFNSND2  709  
                 DFNSND4  709  
                 DFNSND4  709  
                   DFQD1  709  
                   DFQD1  709  
                   DFQD2  709  
                   DFQD2  709  
                   DFQD4  709  
                   DFQD4  709  
                  DFSND1  709  
                  DFSND1  709  
                  DFSND2  709  
                  DFSND2  709  
                  DFSND4  709  
                  DFSND4  709  
                 DFSNQD1  709  
                 DFSNQD1  709  
                 DFSNQD2  709  
                 DFSNQD2  709  
                 DFSNQD4  709  
                 DFSNQD4  709  
                   DFXD1  709  
                   DFXD1  709  
                   DFXD2  709  
                   DFXD2  709  
                   DFXD4  709  
                   DFXD4  709  
                  DFXQD1  709  
                  DFXQD1  709  
                  DFXQD2  709  
                  DFXQD2  709  
                  DFXQD4  709  
                  DFXQD4  709  
                 EDFCND1  709  
                 EDFCND1  709  
                 EDFCND2  709  
                 EDFCND2  709  
                 EDFCND4  709  
                 EDFCND4  709  
                EDFCNQD1  709  
                EDFCNQD1  709  
                EDFCNQD2  709  
                EDFCNQD2  709  
                EDFCNQD4  709  
                EDFCNQD4  709  
                   EDFD1  709  
                   EDFD1  709  
                   EDFD2  709  
                   EDFD2  709  
                   EDFD4  709  
                   EDFD4  709  
                EDFKCND1  709  
                EDFKCND1  709  
                EDFKCND2  709  
                EDFKCND2  709  
                EDFKCND4  709  
                EDFKCND4  709  
               EDFKCNQD1  709  
               EDFKCNQD1  709  
               EDFKCNQD2  709  
               EDFKCNQD2  709  
               EDFKCNQD4  709  
               EDFKCNQD4  709  
                  EDFQD1  709  
                  EDFQD1  709  
                  EDFQD2  709  
                  EDFQD2  709  
                  EDFQD4  709  
                  EDFQD4  709  
                   FA1D0  709  
                   FA1D0  709  
                   FA1D1  709  
                   FA1D1  709  
                   FA1D2  709  
                   FA1D2  709  
                   FA1D4  709  
                   FA1D4  709  
                FCICIND1  709  
                FCICIND1  709  
                FCICIND2  709  
                FCICIND2  709  
                FCICOND1  709  
                FCICOND1  709  
                FCICOND2  709  
                FCICOND2  709  
               FCSICIND1  709  
               FCSICIND1  709  
               FCSICIND2  709  
               FCSICIND2  709  
               FCSICOND1  709  
               FCSICOND1  709  
               FCSICOND2  709  
               FCSICOND2  709  
                 FICIND1  709  
                 FICIND1  709  
                 FICIND2  709  
                 FICIND2  709  
                 FICOND1  709  
                 FICOND1  709  
                 FICOND2  709  
                 FICOND2  709  
                FIICOND1  709  
                FIICOND1  709  
                FIICOND2  709  
                FIICOND2  709  
                  GAN2D1  709  
                  GAN2D1  709  
                  GAN2D2  709  
                  GAN2D2  709  
                GAOI21D1  709  
                GAOI21D1  709  
                GAOI21D2  709  
                GAOI21D2  709  
                GAOI22D1  709  
                GAOI22D1  709  
                 GBUFFD1  709  
                 GBUFFD1  709  
                 GBUFFD2  709  
                 GBUFFD2  709  
                 GBUFFD3  709  
                 GBUFFD3  709  
                 GBUFFD4  709  
                 GBUFFD4  709  
                 GBUFFD8  709  
                 GBUFFD8  709  
                GDFCNQD1  709  
                GDFCNQD1  709  
                  GDFQD1  709  
                  GDFQD1  709  
                  GINVD1  709  
                  GINVD1  709  
                  GINVD2  709  
                  GINVD2  709  
                  GINVD3  709  
                  GINVD3  709  
                  GINVD4  709  
                  GINVD4  709  
                  GINVD8  709  
                  GINVD8  709  
                 GMUX2D1  709  
                 GMUX2D1  709  
                 GMUX2D2  709  
                 GMUX2D2  709  
                GMUX2ND1  709  
                GMUX2ND1  709  
                GMUX2ND2  709  
                GMUX2ND2  709  
                  GND2D1  709  
                  GND2D1  709  
                  GND2D2  709  
                  GND2D2  709  
                  GND2D3  709  
                  GND2D3  709  
                  GND2D4  709  
                  GND2D4  709  
                  GND3D1  709  
                  GND3D1  709  
                  GND3D2  709  
                  GND3D2  709  
                  GNR2D1  709  
                  GNR2D1  709  
                  GNR2D2  709  
                  GNR2D2  709  
                  GNR3D1  709  
                  GNR3D1  709  
                  GNR3D2  709  
                  GNR3D2  709  
                GOAI21D1  709  
                GOAI21D1  709  
                GOAI21D2  709  
                GOAI21D2  709  
                  GOR2D1  709  
                  GOR2D1  709  
                  GOR2D2  709  
                  GOR2D2  709  
               GSDFCNQD1  709  
               GSDFCNQD1  709  
                   GTIEH  709  
                   GTIEH  709  
                   GTIEL  709  
                   GTIEL  709  
                 GXNR2D1  709  
                 GXNR2D1  709  
                 GXNR2D2  709  
                 GXNR2D2  709  
                 GXOR2D1  709  
                 GXOR2D1  709  
                 GXOR2D2  709  
                 GXOR2D2  709  
                   HA1D0  709  
                   HA1D0  709  
                   HA1D1  709  
                   HA1D1  709  
                   HA1D2  709  
                   HA1D2  709  
                   HA1D4  709  
                   HA1D4  709  
               HCOSCIND1  709  
               HCOSCIND1  709  
               HCOSCIND2  709  
               HCOSCIND2  709  
               HCOSCOND1  709  
               HCOSCOND1  709  
               HCOSCOND2  709  
               HCOSCOND2  709  
                 HICIND1  709  
                 HICIND1  709  
                 HICIND2  709  
                 HICIND2  709  
                 HICOND1  709  
                 HICOND1  709  
                 HICOND2  709  
                 HICOND2  709  
                 IAO21D0  709  
                 IAO21D0  709  
                 IAO21D1  709  
                 IAO21D1  709  
                 IAO21D2  709  
                 IAO21D2  709  
                 IAO21D4  709  
                 IAO21D4  709  
                 IAO22D0  709  
                 IAO22D0  709  
                 IAO22D1  709  
                 IAO22D1  709  
                 IAO22D2  709  
                 IAO22D2  709  
                 IAO22D4  709  
                 IAO22D4  709  
                 IIND4D0  709  
                 IIND4D0  709  
                 IIND4D1  709  
                 IIND4D1  709  
                 IIND4D2  709  
                 IIND4D2  709  
                 IIND4D4  709  
                 IIND4D4  709  
                 IINR4D0  709  
                 IINR4D0  709  
                 IINR4D1  709  
                 IINR4D1  709  
                 IINR4D2  709  
                 IINR4D2  709  
                 IINR4D4  709  
                 IINR4D4  709  
                  IND2D0  709  
                  IND2D0  709  
                  IND2D1  709  
                  IND2D1  709  
                  IND2D2  709  
                  IND2D2  709  
                  IND2D4  709  
                  IND2D4  709  
                  IND3D0  709  
                  IND3D0  709  
                  IND3D1  709  
                  IND3D1  709  
                  IND3D2  709  
                  IND3D2  709  
                  IND3D4  709  
                  IND3D4  709  
                  IND4D0  709  
                  IND4D0  709  
                  IND4D1  709  
                  IND4D1  709  
                  IND4D2  709  
                  IND4D2  709  
                  IND4D4  709  
                  IND4D4  709  
                  INR2D0  709  
                  INR2D0  709  
                  INR2D1  709  
                  INR2D1  709  
                  INR2D2  709  
                  INR2D2  709  
                  INR2D4  709  
                  INR2D4  709  
                 INR2XD0  709  
                 INR2XD0  709  
                 INR2XD1  709  
                 INR2XD1  709  
                 INR2XD2  709  
                 INR2XD2  709  
                 INR2XD4  709  
                 INR2XD4  709  
                  INR3D0  709  
                  INR3D0  709  
                  INR3D1  709  
                  INR3D1  709  
                  INR3D2  709  
                  INR3D2  709  
                  INR3D4  709  
                  INR3D4  709  
                  INR4D0  709  
                  INR4D0  709  
                  INR4D1  709  
                  INR4D1  709  
                  INR4D2  709  
                  INR4D2  709  
                  INR4D4  709  
                  INR4D4  709  
                   INVD0  709  
                   INVD0  709  
                   INVD1  709  
                   INVD1  709  
                  INVD12  709  
                  INVD12  709  
                  INVD16  709  
                  INVD16  709  
                   INVD2  709  
                   INVD2  709  
                  INVD20  709  
                  INVD20  709  
                  INVD24  709  
                  INVD24  709  
                   INVD3  709  
                   INVD3  709  
                   INVD4  709  
                   INVD4  709  
                   INVD6  709  
                   INVD6  709  
                   INVD8  709  
                   INVD8  709  
                 IOA21D0  709  
                 IOA21D0  709  
                 IOA21D1  709  
                 IOA21D1  709  
                 IOA21D2  709  
                 IOA21D2  709  
                 IOA21D4  709  
                 IOA21D4  709  
                 IOA22D0  709  
                 IOA22D0  709  
                 IOA22D1  709  
                 IOA22D1  709  
                 IOA22D2  709  
                 IOA22D2  709  
                 IOA22D4  709  
                 IOA22D4  709  
                  LHCND1  709  
                  LHCND1  709  
                  LHCND2  709  
                  LHCND2  709  
                  LHCND4  709  
                  LHCND4  709  
                 LHCNDD1  709  
                 LHCNDD1  709  
                 LHCNDD2  709  
                 LHCNDD2  709  
                 LHCNDD4  709  
                 LHCNDD4  709  
                LHCNDQD1  709  
                LHCNDQD1  709  
                LHCNDQD2  709  
                LHCNDQD2  709  
                LHCNDQD4  709  
                LHCNDQD4  709  
                 LHCNQD1  709  
                 LHCNQD1  709  
                 LHCNQD2  709  
                 LHCNQD2  709  
                 LHCNQD4  709  
                 LHCNQD4  709  
                 LHCSND1  709  
                 LHCSND1  709  
                 LHCSND2  709  
                 LHCSND2  709  
                 LHCSND4  709  
                 LHCSND4  709  
                LHCSNDD1  709  
                LHCSNDD1  709  
                LHCSNDD2  709  
                LHCSNDD2  709  
                LHCSNDD4  709  
                LHCSNDD4  709  
               LHCSNDQD1  709  
               LHCSNDQD1  709  
               LHCSNDQD2  709  
               LHCSNDQD2  709  
               LHCSNDQD4  709  
               LHCSNDQD4  709  
                LHCSNQD1  709  
                LHCSNQD1  709  
                LHCSNQD2  709  
                LHCSNQD2  709  
                LHCSNQD4  709  
                LHCSNQD4  709  
                    LHD1  709  
                    LHD1  709  
                    LHD2  709  
                    LHD2  709  
                    LHD4  709  
                    LHD4  709  
                   LHQD1  709  
                   LHQD1  709  
                   LHQD2  709  
                   LHQD2  709  
                   LHQD4  709  
                   LHQD4  709  
                  LHSND1  709  
                  LHSND1  709  
                  LHSND2  709  
                  LHSND2  709  
                  LHSND4  709  
                  LHSND4  709  
                 LHSNDD1  709  
                 LHSNDD1  709  
                 LHSNDD2  709  
                 LHSNDD2  709  
                 LHSNDD4  709  
                 LHSNDD4  709  
                LHSNDQD1  709  
                LHSNDQD1  709  
                LHSNDQD2  709  
                LHSNDQD2  709  
                LHSNDQD4  709  
                LHSNDQD4  709  
                 LHSNQD1  709  
                 LHSNQD1  709  
                 LHSNQD2  709  
                 LHSNQD2  709  
                 LHSNQD4  709  
                 LHSNQD4  709  
                  LNCND1  709  
                  LNCND1  709  
                  LNCND2  709  
                  LNCND2  709  
                  LNCND4  709  
                  LNCND4  709  
                 LNCNDD1  709  
                 LNCNDD1  709  
                 LNCNDD2  709  
                 LNCNDD2  709  
                 LNCNDD4  709  
                 LNCNDD4  709  
                LNCNDQD1  709  
                LNCNDQD1  709  
                LNCNDQD2  709  
                LNCNDQD2  709  
                LNCNDQD4  709  
                LNCNDQD4  709  
                 LNCNQD1  709  
                 LNCNQD1  709  
                 LNCNQD2  709  
                 LNCNQD2  709  
                 LNCNQD4  709  
                 LNCNQD4  709  
                 LNCSND1  709  
                 LNCSND1  709  
                 LNCSND2  709  
                 LNCSND2  709  
                 LNCSND4  709  
                 LNCSND4  709  
                LNCSNDD1  709  
                LNCSNDD1  709  
                LNCSNDD2  709  
                LNCSNDD2  709  
                LNCSNDD4  709  
                LNCSNDD4  709  
               LNCSNDQD1  709  
               LNCSNDQD1  709  
               LNCSNDQD2  709  
               LNCSNDQD2  709  
               LNCSNDQD4  709  
               LNCSNDQD4  709  
                LNCSNQD1  709  
                LNCSNQD1  709  
                LNCSNQD2  709  
                LNCSNQD2  709  
                LNCSNQD4  709  
                LNCSNQD4  709  
                    LND1  709  
                    LND1  709  
                    LND2  709  
                    LND2  709  
                    LND4  709  
                    LND4  709  
                   LNQD1  709  
                   LNQD1  709  
                   LNQD2  709  
                   LNQD2  709  
                   LNQD4  709  
                   LNQD4  709  
                  LNSND1  709  
                  LNSND1  709  
                  LNSND2  709  
                  LNSND2  709  
                  LNSND4  709  
                  LNSND4  709  
                 LNSNDD1  709  
                 LNSNDD1  709  
                 LNSNDD2  709  
                 LNSNDD2  709  
                 LNSNDD4  709  
                 LNSNDD4  709  
                LNSNDQD1  709  
                LNSNDQD1  709  
                LNSNDQD2  709  
                LNSNDQD2  709  
                LNSNDQD4  709  
                LNSNDQD4  709  
                 LNSNQD1  709  
                 LNSNQD1  709  
                 LNSNQD2  709  
                 LNSNQD2  709  
                 LNSNQD4  709  
                 LNSNQD4  709  
               MAOI222D0  709  
               MAOI222D0  709  
               MAOI222D1  709  
               MAOI222D1  709  
               MAOI222D2  709  
               MAOI222D2  709  
               MAOI222D4  709  
               MAOI222D4  709  
                MAOI22D0  709  
                MAOI22D0  709  
                MAOI22D1  709  
                MAOI22D1  709  
                MAOI22D2  709  
                MAOI22D2  709  
                MAOI22D4  709  
                MAOI22D4  709  
                MOAI22D0  709  
                MOAI22D0  709  
                MOAI22D1  709  
                MOAI22D1  709  
                MOAI22D2  709  
                MOAI22D2  709  
                MOAI22D4  709  
                MOAI22D4  709  
                  MUX2D0  709  
                  MUX2D0  709  
                  MUX2D1  709  
                  MUX2D1  709  
                  MUX2D2  709  
                  MUX2D2  709  
                  MUX2D4  709  
                  MUX2D4  709  
                 MUX2ND0  709  
                 MUX2ND0  709  
                 MUX2ND1  709  
                 MUX2ND1  709  
                 MUX2ND2  709  
                 MUX2ND2  709  
                 MUX2ND4  709  
                 MUX2ND4  709  
                  MUX3D0  709  
                  MUX3D0  709  
                  MUX3D1  709  
                  MUX3D1  709  
                  MUX3D2  709  
                  MUX3D2  709  
                  MUX3D4  709  
                  MUX3D4  709  
                 MUX3ND0  709  
                 MUX3ND0  709  
                 MUX3ND1  709  
                 MUX3ND1  709  
                 MUX3ND2  709  
                 MUX3ND2  709  
                 MUX3ND4  709  
                 MUX3ND4  709  
                  MUX4D0  709  
                  MUX4D0  709  
                  MUX4D1  709  
                  MUX4D1  709  
                  MUX4D2  709  
                  MUX4D2  709  
                  MUX4D4  709  
                  MUX4D4  709  
                 MUX4ND0  709  
                 MUX4ND0  709  
                 MUX4ND1  709  
                 MUX4ND1  709  
                 MUX4ND2  709  
                 MUX4ND2  709  
                 MUX4ND4  709  
                 MUX4ND4  709  
                   ND2D0  709  
                   ND2D0  709  
                   ND2D1  709  
                   ND2D1  709  
                   ND2D2  709  
                   ND2D2  709  
                   ND2D3  709  
                   ND2D3  709  
                   ND2D4  709  
                   ND2D4  709  
                   ND2D8  709  
                   ND2D8  709  
                   ND3D0  709  
                   ND3D0  709  
                   ND3D1  709  
                   ND3D1  709  
                   ND3D2  709  
                   ND3D2  709  
                   ND3D3  709  
                   ND3D3  709  
                   ND3D4  709  
                   ND3D4  709  
                   ND3D8  709  
                   ND3D8  709  
                   ND4D0  709  
                   ND4D0  709  
                   ND4D1  709  
                   ND4D1  709  
                   ND4D2  709  
                   ND4D2  709  
                   ND4D3  709  
                   ND4D3  709  
                   ND4D4  709  
                   ND4D4  709  
                   ND4D8  709  
                   ND4D8  709  
                   NR2D0  709  
                   NR2D0  709  
                   NR2D1  709  
                   NR2D1  709  
                   NR2D2  709  
                   NR2D2  709  
                   NR2D3  709  
                   NR2D3  709  
                   NR2D4  709  
                   NR2D4  709  
                   NR2D8  709  
                   NR2D8  709  
                  NR2XD0  709  
                  NR2XD0  709  
                  NR2XD1  709  
                  NR2XD1  709  
                  NR2XD2  709  
                  NR2XD2  709  
                  NR2XD3  709  
                  NR2XD3  709  
                  NR2XD4  709  
                  NR2XD4  709  
                  NR2XD8  709  
                  NR2XD8  709  
                   NR3D0  709  
                   NR3D0  709  
                   NR3D1  709  
                   NR3D1  709  
                   NR3D2  709  
                   NR3D2  709  
                   NR3D3  709  
                   NR3D3  709  
                   NR3D4  709  
                   NR3D4  709  
                   NR3D8  709  
                   NR3D8  709  
                   NR4D0  709  
                   NR4D0  709  
                   NR4D1  709  
                   NR4D1  709  
                   NR4D2  709  
                   NR4D2  709  
                   NR4D3  709  
                   NR4D3  709  
                   NR4D4  709  
                   NR4D4  709  
                   NR4D8  709  
                   NR4D8  709  
                 OA211D0  709  
                 OA211D0  709  
                 OA211D1  709  
                 OA211D1  709  
                 OA211D2  709  
                 OA211D2  709  
                 OA211D4  709  
                 OA211D4  709  
                  OA21D0  709  
                  OA21D0  709  
                  OA21D1  709  
                  OA21D1  709  
                  OA21D2  709  
                  OA21D2  709  
                  OA21D4  709  
                  OA21D4  709  
                 OA221D0  709  
                 OA221D0  709  
                 OA221D1  709  
                 OA221D1  709  
                 OA221D2  709  
                 OA221D2  709  
                 OA221D4  709  
                 OA221D4  709  
                 OA222D0  709  
                 OA222D0  709  
                 OA222D1  709  
                 OA222D1  709  
                 OA222D2  709  
                 OA222D2  709  
                 OA222D4  709  
                 OA222D4  709  
                  OA22D0  709  
                  OA22D0  709  
                  OA22D1  709  
                  OA22D1  709  
                  OA22D2  709  
                  OA22D2  709  
                  OA22D4  709  
                  OA22D4  709  
                  OA31D0  709  
                  OA31D0  709  
                  OA31D1  709  
                  OA31D1  709  
                  OA31D2  709  
                  OA31D2  709  
                  OA31D4  709  
                  OA31D4  709  
                  OA32D0  709  
                  OA32D0  709  
                  OA32D1  709  
                  OA32D1  709  
                  OA32D2  709  
                  OA32D2  709  
                  OA32D4  709  
                  OA32D4  709  
                  OA33D0  709  
                  OA33D0  709  
                  OA33D1  709  
                  OA33D1  709  
                  OA33D2  709  
                  OA33D2  709  
                  OA33D4  709  
                  OA33D4  709  
                OAI211D0  709  
                OAI211D0  709  
                OAI211D1  709  
                OAI211D1  709  
                OAI211D2  709  
                OAI211D2  709  
                OAI211D4  709  
                OAI211D4  709  
                 OAI21D0  709  
                 OAI21D0  709  
                 OAI21D1  709  
                 OAI21D1  709  
                 OAI21D2  709  
                 OAI21D2  709  
                 OAI21D4  709  
                 OAI21D4  709  
                OAI221D0  709  
                OAI221D0  709  
                OAI221D1  709  
                OAI221D1  709  
                OAI221D2  709  
                OAI221D2  709  
                OAI221D4  709  
                OAI221D4  709  
               OAI221XD4  709  
               OAI221XD4  709  
                OAI222D0  709  
                OAI222D0  709  
                OAI222D1  709  
                OAI222D1  709  
                OAI222D2  709  
                OAI222D2  709  
                OAI222D4  709  
                OAI222D4  709  
               OAI222XD4  709  
               OAI222XD4  709  
                 OAI22D0  709  
                 OAI22D0  709  
                 OAI22D1  709  
                 OAI22D1  709  
                 OAI22D2  709  
                 OAI22D2  709  
                 OAI22D4  709  
                 OAI22D4  709  
                 OAI31D0  709  
                 OAI31D0  709  
                 OAI31D1  709  
                 OAI31D1  709  
                 OAI31D2  709  
                 OAI31D2  709  
                 OAI31D4  709  
                 OAI31D4  709  
                 OAI32D0  709  
                 OAI32D0  709  
                 OAI32D1  709  
                 OAI32D1  709  
                 OAI32D2  709  
                 OAI32D2  709  
                 OAI32D4  709  
                 OAI32D4  709  
                OAI32XD4  709  
                OAI32XD4  709  
                 OAI33D0  709  
                 OAI33D0  709  
                 OAI33D1  709  
                 OAI33D1  709  
                 OAI33D2  709  
                 OAI33D2  709  
                 OAI33D4  709  
                 OAI33D4  709  
                OAI33XD4  709  
                OAI33XD4  709  
                   OR2D0  709  
                   OR2D0  709  
                   OR2D1  709  
                   OR2D1  709  
                   OR2D2  709  
                   OR2D2  709  
                   OR2D4  709  
                   OR2D4  709  
                   OR2D8  709  
                   OR2D8  709  
                  OR2XD1  709  
                  OR2XD1  709  
                   OR3D0  709  
                   OR3D0  709  
                   OR3D1  709  
                   OR3D1  709  
                   OR3D2  709  
                   OR3D2  709  
                   OR3D4  709  
                   OR3D4  709  
                   OR3D8  709  
                   OR3D8  709  
                  OR3XD1  709  
                  OR3XD1  709  
                   OR4D0  709  
                   OR4D0  709  
                   OR4D1  709  
                   OR4D1  709  
                   OR4D2  709  
                   OR4D2  709  
                   OR4D4  709  
                   OR4D4  709  
                   OR4D8  709  
                   OR4D8  709  
                  OR4XD1  709  
                  OR4XD1  709  
                 SDFCND0  709  
                 SDFCND0  709  
                 SDFCND1  709  
                 SDFCND1  709  
                 SDFCND2  709  
                 SDFCND2  709  
                 SDFCND4  709  
                 SDFCND4  709  
                SDFCNQD0  709  
                SDFCNQD0  709  
                SDFCNQD1  709  
                SDFCNQD1  709  
                SDFCNQD2  709  
                SDFCNQD2  709  
                SDFCNQD4  709  
                SDFCNQD4  709  
                SDFCSND0  709  
                SDFCSND0  709  
                SDFCSND1  709  
                SDFCSND1  709  
                SDFCSND2  709  
                SDFCSND2  709  
                SDFCSND4  709  
                SDFCSND4  709  
               SDFCSNQD0  709  
               SDFCSNQD0  709  
               SDFCSNQD1  709  
               SDFCSNQD1  709  
               SDFCSNQD2  709  
               SDFCSNQD2  709  
               SDFCSNQD4  709  
               SDFCSNQD4  709  
                   SDFD0  709  
                   SDFD0  709  
                   SDFD1  709  
                   SDFD1  709  
                   SDFD2  709  
                   SDFD2  709  
                   SDFD4  709  
                   SDFD4  709  
                SDFKCND0  709  
                SDFKCND0  709  
                SDFKCND1  709  
                SDFKCND1  709  
                SDFKCND2  709  
                SDFKCND2  709  
                SDFKCND4  709  
                SDFKCND4  709  
               SDFKCNQD0  709  
               SDFKCNQD0  709  
               SDFKCNQD1  709  
               SDFKCNQD1  709  
               SDFKCNQD2  709  
               SDFKCNQD2  709  
               SDFKCNQD4  709  
               SDFKCNQD4  709  
               SDFKCSND0  709  
               SDFKCSND0  709  
               SDFKCSND1  709  
               SDFKCSND1  709  
               SDFKCSND2  709  
               SDFKCSND2  709  
               SDFKCSND4  709  
               SDFKCSND4  709  
              SDFKCSNQD0  709  
              SDFKCSNQD0  709  
              SDFKCSNQD1  709  
              SDFKCSNQD1  709  
              SDFKCSNQD2  709  
              SDFKCSNQD2  709  
              SDFKCSNQD4  709  
              SDFKCSNQD4  709  
                SDFKSND0  709  
                SDFKSND0  709  
                SDFKSND1  709  
                SDFKSND1  709  
                SDFKSND2  709  
                SDFKSND2  709  
                SDFKSND4  709  
                SDFKSND4  709  
               SDFKSNQD0  709  
               SDFKSNQD0  709  
               SDFKSNQD1  709  
               SDFKSNQD1  709  
               SDFKSNQD2  709  
               SDFKSNQD2  709  
               SDFKSNQD4  709  
               SDFKSNQD4  709  
                SDFNCND0  709  
                SDFNCND0  709  
                SDFNCND1  709  
                SDFNCND1  709  
                SDFNCND2  709  
                SDFNCND2  709  
                SDFNCND4  709  
                SDFNCND4  709  
               SDFNCSND0  709  
               SDFNCSND0  709  
               SDFNCSND1  709  
               SDFNCSND1  709  
               SDFNCSND2  709  
               SDFNCSND2  709  
               SDFNCSND4  709  
               SDFNCSND4  709  
                  SDFND0  709  
                  SDFND0  709  
                  SDFND1  709  
                  SDFND1  709  
                  SDFND2  709  
                  SDFND2  709  
                  SDFND4  709  
                  SDFND4  709  
                SDFNSND0  709  
                SDFNSND0  709  
                SDFNSND1  709  
                SDFNSND1  709  
                SDFNSND2  709  
                SDFNSND2  709  
                SDFNSND4  709  
                SDFNSND4  709  
                  SDFQD0  709  
                  SDFQD0  709  
                  SDFQD1  709  
                  SDFQD1  709  
                  SDFQD2  709  
                  SDFQD2  709  
                  SDFQD4  709  
                  SDFQD4  709  
                 SDFQND0  709  
                 SDFQND0  709  
                 SDFQND1  709  
                 SDFQND1  709  
                 SDFQND2  709  
                 SDFQND2  709  
                 SDFQND4  709  
                 SDFQND4  709  
                 SDFSND0  709  
                 SDFSND0  709  
                 SDFSND1  709  
                 SDFSND1  709  
                 SDFSND2  709  
                 SDFSND2  709  
                 SDFSND4  709  
                 SDFSND4  709  
                SDFSNQD0  709  
                SDFSNQD0  709  
                SDFSNQD1  709  
                SDFSNQD1  709  
                SDFSNQD2  709  
                SDFSNQD2  709  
                SDFSNQD4  709  
                SDFSNQD4  709  
                  SDFXD0  709  
                  SDFXD0  709  
                  SDFXD1  709  
                  SDFXD1  709  
                  SDFXD2  709  
                  SDFXD2  709  
                  SDFXD4  709  
                  SDFXD4  709  
                 SDFXQD0  709  
                 SDFXQD0  709  
                 SDFXQD1  709  
                 SDFXQD1  709  
                 SDFXQD2  709  
                 SDFXQD2  709  
                 SDFXQD4  709  
                 SDFXQD4  709  
                SEDFCND0  709  
                SEDFCND0  709  
                SEDFCND1  709  
                SEDFCND1  709  
                SEDFCND2  709  
                SEDFCND2  709  
                SEDFCND4  709  
                SEDFCND4  709  
               SEDFCNQD0  709  
               SEDFCNQD0  709  
               SEDFCNQD1  709  
               SEDFCNQD1  709  
               SEDFCNQD2  709  
               SEDFCNQD2  709  
               SEDFCNQD4  709  
               SEDFCNQD4  709  
                  SEDFD0  709  
                  SEDFD0  709  
                  SEDFD1  709  
                  SEDFD1  709  
                  SEDFD2  709  
                  SEDFD2  709  
                  SEDFD4  709  
                  SEDFD4  709  
               SEDFKCND0  709  
               SEDFKCND0  709  
               SEDFKCND1  709  
               SEDFKCND1  709  
               SEDFKCND2  709  
               SEDFKCND2  709  
               SEDFKCND4  709  
               SEDFKCND4  709  
              SEDFKCNQD0  709  
              SEDFKCNQD0  709  
              SEDFKCNQD1  709  
              SEDFKCNQD1  709  
              SEDFKCNQD2  709  
              SEDFKCNQD2  709  
              SEDFKCNQD4  709  
              SEDFKCNQD4  709  
                 SEDFQD0  709  
                 SEDFQD0  709  
                 SEDFQD1  709  
                 SEDFQD1  709  
                 SEDFQD2  709  
                 SEDFQD2  709  
                 SEDFQD4  709  
                 SEDFQD4  709  
                SEDFQND0  709  
                SEDFQND0  709  
                SEDFQND1  709  
                SEDFQND1  709  
                SEDFQND2  709  
                SEDFQND2  709  
                SEDFQND4  709  
                SEDFQND4  709  
               SEDFQNXD0  709  
               SEDFQNXD0  709  
               SEDFQNXD1  709  
               SEDFQNXD1  709  
               SEDFQNXD2  709  
               SEDFQNXD2  709  
               SEDFQNXD4  709  
               SEDFQNXD4  709  
                SEDFQXD0  709  
                SEDFQXD0  709  
                SEDFQXD1  709  
                SEDFQXD1  709  
                SEDFQXD2  709  
                SEDFQXD2  709  
                SEDFQXD4  709  
                SEDFQXD4  709  
                 SEDFXD0  709  
                 SEDFXD0  709  
                 SEDFXD1  709  
                 SEDFXD1  709  
                 SEDFXD2  709  
                 SEDFXD2  709  
                 SEDFXD4  709  
                 SEDFXD4  709  
                    TIEH  709  
                    TIEH  709  
                    TIEL  709  
                    TIEL  709  
                  XNR2D0  709  
                  XNR2D0  709  
                  XNR2D1  709  
                  XNR2D1  709  
                  XNR2D2  709  
                  XNR2D2  709  
                  XNR2D4  709  
                  XNR2D4  709  
                  XNR3D0  709  
                  XNR3D0  709  
                  XNR3D1  709  
                  XNR3D1  709  
                  XNR3D2  709  
                  XNR3D2  709  
                  XNR3D4  709  
                  XNR3D4  709  
                  XNR4D0  709  
                  XNR4D0  709  
                  XNR4D1  709  
                  XNR4D1  709  
                  XNR4D2  709  
                  XNR4D2  709  
                  XNR4D4  709  
                  XNR4D4  709  
                  XOR2D0  709  
                  XOR2D0  709  
                  XOR2D1  709  
                  XOR2D1  709  
                  XOR2D2  709  
                  XOR2D2  709  
                  XOR2D4  709  
                  XOR2D4  709  
                  XOR3D0  709  
                  XOR3D0  709  
                  XOR3D1  709  
                  XOR3D1  709  
                  XOR3D2  709  
                  XOR3D2  709  
                  XOR3D4  709  
                  XOR3D4  709  
                  XOR4D0  709  
                  XOR4D0  709  
                  XOR4D1  709  
                  XOR4D1  709  
                  XOR4D2  709  
                  XOR4D2  709  
                  XOR4D4  709  
                  XOR4D4  709  1594  
# Cells in .lib with max_cap: 
    ------------------------------
    Cell List with max_cap
    ------------------------------
               Cell Name  Max Capacitance (pf)  
                   AN2D0  0.042100  
                   AN2D0  0.042100  
                   AN2D1  0.084200  
                   AN2D1  0.084200  
                   AN2D2  0.168400  
                   AN2D2  0.168400  
                   AN2D4  0.336700  
                   AN2D4  0.336700  
                   AN2D8  0.673400  
                   AN2D8  0.673400  
                  AN2XD1  0.084200  
                  AN2XD1  0.084200  
                   AN3D0  0.042100  
                   AN3D0  0.042100  
                   AN3D1  0.084200  
                   AN3D1  0.084200  
                   AN3D2  0.168400  
                   AN3D2  0.168400  
                   AN3D4  0.336700  
                   AN3D4  0.336700  
                   AN3D8  0.673400  
                   AN3D8  0.673400  
                  AN3XD1  0.084200  
                  AN3XD1  0.084200  
                   AN4D0  0.042100  
                   AN4D0  0.042100  
                   AN4D1  0.084200  
                   AN4D1  0.084200  
                   AN4D2  0.168400  
                   AN4D2  0.168400  
                   AN4D4  0.336700  
                   AN4D4  0.336700  
                   AN4D8  0.673400  
                   AN4D8  0.673400  
                  AN4XD1  0.084200  
                  AN4XD1  0.084200  
                 AO211D0  0.042100  
                 AO211D0  0.042100  
                 AO211D1  0.084200  
                 AO211D1  0.084200  
                 AO211D2  0.168400  
                 AO211D2  0.168400  
                 AO211D4  0.336700  
                 AO211D4  0.336700  
                  AO21D0  0.042100  
                  AO21D0  0.042100  
                  AO21D1  0.084200  
                  AO21D1  0.084200  
                  AO21D2  0.168400  
                  AO21D2  0.168400  
                  AO21D4  0.336700  
                  AO21D4  0.336700  
                 AO221D0  0.042100  
                 AO221D0  0.042100  
                 AO221D1  0.084200  
                 AO221D1  0.084200  
                 AO221D2  0.168400  
                 AO221D2  0.168400  
                 AO221D4  0.336700  
                 AO221D4  0.336700  
                 AO222D0  0.042100  
                 AO222D0  0.042100  
                 AO222D1  0.084200  
                 AO222D1  0.084200  
                 AO222D2  0.168400  
                 AO222D2  0.168400  
                 AO222D4  0.336700  
                 AO222D4  0.336700  
                  AO22D0  0.042100  
                  AO22D0  0.042100  
                  AO22D1  0.084200  
                  AO22D1  0.084200  
                  AO22D2  0.168400  
                  AO22D2  0.168400  
                  AO22D4  0.336700  
                  AO22D4  0.336700  
                  AO31D0  0.042100  
                  AO31D0  0.042100  
                  AO31D1  0.084200  
                  AO31D1  0.084200  
                  AO31D2  0.168400  
                  AO31D2  0.168400  
                  AO31D4  0.336700  
                  AO31D4  0.336700  
                  AO32D0  0.042100  
                  AO32D0  0.042100  
                  AO32D1  0.084200  
                  AO32D1  0.084200  
                  AO32D2  0.168400  
                  AO32D2  0.168400  
                  AO32D4  0.336700  
                  AO32D4  0.336700  
                  AO33D0  0.042100  
                  AO33D0  0.042100  
                  AO33D1  0.084200  
                  AO33D1  0.084200  
                  AO33D2  0.168400  
                  AO33D2  0.168400  
                  AO33D4  0.336700  
                  AO33D4  0.336700  
                AOI211D0  0.013300  
                AOI211D0  0.013300  
                AOI211D1  0.027000  
                AOI211D1  0.027000  
                AOI211D2  0.054100  
                AOI211D2  0.054100  
                AOI211D4  0.106600  
                AOI211D4  0.106600  
               AOI211XD0  0.027500  
               AOI211XD0  0.027500  
               AOI211XD1  0.055200  
               AOI211XD1  0.055200  
               AOI211XD2  0.108100  
               AOI211XD2  0.108100  
               AOI211XD4  0.216900  
               AOI211XD4  0.216900  
                 AOI21D0  0.021600  
                 AOI21D0  0.021600  
                 AOI21D1  0.043100  
                 AOI21D1  0.043100  
                 AOI21D2  0.083800  
                 AOI21D2  0.083800  
                 AOI21D4  0.169300  
                 AOI21D4  0.169300  
                AOI221D0  0.013500  
                AOI221D0  0.013500  
                AOI221D1  0.026700  
                AOI221D1  0.026700  
                AOI221D2  0.052500  
                AOI221D2  0.052500  
                AOI221D4  0.336700  
                AOI221D4  0.336700  
               AOI221XD4  0.106500  
               AOI221XD4  0.106500  
                AOI222D0  0.012700  
                AOI222D0  0.012700  
                AOI222D1  0.026400  
                AOI222D1  0.026400  
                AOI222D2  0.052100  
                AOI222D2  0.052100  
                AOI222D4  0.336700  
                AOI222D4  0.336700  
               AOI222XD4  0.105200  
               AOI222XD4  0.105200  
                 AOI22D0  0.021000  
                 AOI22D0  0.021000  
                 AOI22D1  0.042100  
                 AOI22D1  0.042100  
                 AOI22D2  0.084700  
                 AOI22D2  0.084700  
                 AOI22D4  0.168200  
                 AOI22D4  0.168200  
                 AOI31D0  0.021500  
                 AOI31D0  0.021500  
                 AOI31D1  0.042700  
                 AOI31D1  0.042700  
                 AOI31D2  0.084600  
                 AOI31D2  0.084600  
                 AOI31D4  0.165800  
                 AOI31D4  0.165800  
                 AOI32D0  0.020600  
                 AOI32D0  0.020600  
                 AOI32D1  0.041800  
                 AOI32D1  0.041800  
                 AOI32D2  0.083700  
                 AOI32D2  0.083700  
                 AOI32D4  0.336700  
                 AOI32D4  0.336700  
                AOI32XD4  0.166700  
                AOI32XD4  0.166700  
                 AOI33D0  0.021200  
                 AOI33D0  0.021200  
                 AOI33D1  0.041300  
                 AOI33D1  0.041300  
                 AOI33D2  0.083200  
                 AOI33D2  0.083200  
                 AOI33D4  0.336700  
                 AOI33D4  0.336700  
                AOI33XD4  0.166100  
                AOI33XD4  0.166100  
                  BENCD1  0.084200  
                  BENCD1  0.084200  
                  BENCD2  0.168400  
                  BENCD2  0.168400  
                  BENCD4  0.336700  
                  BENCD4  0.336700  
                     BHD  0.038400  
                     BHD  0.038400  
                   BMLD1  0.084200  
                   BMLD1  0.084200  
                   BMLD2  0.168400  
                   BMLD2  0.168400  
                   BMLD4  0.336700  
                   BMLD4  0.336700  
                  BUFFD0  0.042100  
                  BUFFD0  0.042100  
                  BUFFD1  0.084200  
                  BUFFD1  0.084200  
                 BUFFD12  1.010200  
                 BUFFD12  1.010200  
                 BUFFD16  1.346900  
                 BUFFD16  1.346900  
                  BUFFD2  0.168400  
                  BUFFD2  0.168400  
                 BUFFD20  1.683600  
                 BUFFD20  1.683600  
                 BUFFD24  2.020300  
                 BUFFD24  2.020300  
                  BUFFD3  0.252500  
                  BUFFD3  0.252500  
                  BUFFD4  0.336700  
                  BUFFD4  0.336700  
                  BUFFD6  0.505100  
                  BUFFD6  0.505100  
                  BUFFD8  0.673400  
                  BUFFD8  0.673400  
                  BUFTD0  0.042600  
                  BUFTD0  0.042600  
                  BUFTD1  0.074000  
                  BUFTD1  0.074000  
                 BUFTD12  0.998700  
                 BUFTD12  0.998700  
                 BUFTD16  1.316500  
                 BUFTD16  1.316500  
                  BUFTD2  0.152000  
                  BUFTD2  0.152000  
                 BUFTD20  1.626200  
                 BUFTD20  1.626200  
                 BUFTD24  1.939000  
                 BUFTD24  1.939000  
                  BUFTD3  0.236400  
                  BUFTD3  0.236400  
                  BUFTD4  0.322400  
                  BUFTD4  0.322400  
                  BUFTD6  0.490700  
                  BUFTD6  0.490700  
                  BUFTD8  0.666900  
                  BUFTD8  0.666900  
                 CKAN2D0  0.042100  
                 CKAN2D0  0.042100  
                 CKAN2D1  0.084200  
                 CKAN2D1  0.084200  
                 CKAN2D2  0.147900  
                 CKAN2D2  0.147900  
                 CKAN2D4  0.294700  
                 CKAN2D4  0.294700  
                 CKAN2D8  0.596300  
                 CKAN2D8  0.596300  
                   CKBD0  0.042100  
                   CKBD0  0.042100  
                   CKBD1  0.084200  
                   CKBD1  0.084200  
                  CKBD12  1.010200  
                  CKBD12  1.010200  
                  CKBD16  1.346900  
                  CKBD16  1.346900  
                   CKBD2  0.168400  
                   CKBD2  0.168400  
                  CKBD20  1.683600  
                  CKBD20  1.683600  
                  CKBD24  2.020300  
                  CKBD24  2.020300  
                   CKBD3  0.252500  
                   CKBD3  0.252500  
                   CKBD4  0.336700  
                   CKBD4  0.336700  
                   CKBD6  0.505100  
                   CKBD6  0.505100  
                   CKBD8  0.673400  
                   CKBD8  0.673400  
                 CKLHQD1  0.084200  
                 CKLHQD1  0.084200  
                CKLHQD12  1.010200  
                CKLHQD12  1.010200  
                CKLHQD16  1.346900  
                CKLHQD16  1.346900  
                 CKLHQD2  0.168400  
                 CKLHQD2  0.168400  
                CKLHQD20  1.683600  
                CKLHQD20  1.683600  
                CKLHQD24  2.020300  
                CKLHQD24  2.020300  
                 CKLHQD3  0.252500  
                 CKLHQD3  0.252500  
                 CKLHQD4  0.336700  
                 CKLHQD4  0.336700  
                 CKLHQD6  0.505100  
                 CKLHQD6  0.505100  
                 CKLHQD8  0.673400  
                 CKLHQD8  0.673400  
                 CKLNQD1  0.077600  
                 CKLNQD1  0.077600  
                CKLNQD12  0.877700  
                CKLNQD12  0.877700  
                CKLNQD16  1.221500  
                CKLNQD16  1.221500  
                 CKLNQD2  0.158100  
                 CKLNQD2  0.158100  
                CKLNQD20  1.498700  
                CKLNQD20  1.498700  
                CKLNQD24  1.775700  
                CKLNQD24  1.775700  
                 CKLNQD3  0.240700  
                 CKLNQD3  0.240700  
                 CKLNQD4  0.296800  
                 CKLNQD4  0.296800  
                 CKLNQD6  0.457600  
                 CKLNQD6  0.457600  
                 CKLNQD8  0.596700  
                 CKLNQD8  0.596700  
                CKMUX2D0  0.042100  
                CKMUX2D0  0.042100  
                CKMUX2D1  0.084200  
                CKMUX2D1  0.084200  
                CKMUX2D2  0.168400  
                CKMUX2D2  0.168400  
                CKMUX2D4  0.336700  
                CKMUX2D4  0.336700  
                   CKND0  0.042100  
                   CKND0  0.042100  
                   CKND1  0.084200  
                   CKND1  0.084200  
                  CKND12  1.010200  
                  CKND12  1.010200  
                  CKND16  1.346900  
                  CKND16  1.346900  
                   CKND2  0.168400  
                   CKND2  0.168400  
                  CKND20  1.683600  
                  CKND20  1.683600  
                  CKND24  2.020300  
                  CKND24  2.020300  
                 CKND2D0  0.035000  
                 CKND2D0  0.035000  
                 CKND2D1  0.066900  
                 CKND2D1  0.066900  
                 CKND2D2  0.131600  
                 CKND2D2  0.131600  
                 CKND2D3  0.197200  
                 CKND2D3  0.197200  
                 CKND2D4  0.267700  
                 CKND2D4  0.267700  
                 CKND2D8  0.537700  
                 CKND2D8  0.537700  
                   CKND3  0.252500  
                   CKND3  0.252500  
                   CKND4  0.336700  
                   CKND4  0.336700  
                   CKND6  0.505100  
                   CKND6  0.505100  
                   CKND8  0.673400  
                   CKND8  0.673400  
                CKXOR2D0  0.042100  
                CKXOR2D0  0.042100  
                CKXOR2D1  0.084200  
                CKXOR2D1  0.084200  
                CKXOR2D2  0.168400  
                CKXOR2D2  0.168400  
                CKXOR2D4  0.336700  
                CKXOR2D4  0.336700  
                CMPE42D1  0.084200  
                CMPE42D1  0.084200  
                CMPE42D2  0.168400  
                CMPE42D2  0.168400  
                    DEL0  0.080900  
                    DEL0  0.080900  
                  DEL005  0.084200  
                  DEL005  0.084200  
                   DEL01  0.084200  
                   DEL01  0.084200  
                  DEL015  0.084200  
                  DEL015  0.084200  
                   DEL02  0.084200  
                   DEL02  0.084200  
                    DEL1  0.070800  
                    DEL1  0.070800  
                    DEL2  0.076300  
                    DEL2  0.076300  
                    DEL3  0.070100  
                    DEL3  0.070100  
                    DEL4  0.067000  
                    DEL4  0.067000  
                  DFCND1  0.084200  
                  DFCND1  0.084200  
                  DFCND2  0.168400  
                  DFCND2  0.168400  
                  DFCND4  0.336700  
                  DFCND4  0.336700  
                 DFCNQD1  0.084200  
                 DFCNQD1  0.084200  
                 DFCNQD2  0.168400  
                 DFCNQD2  0.168400  
                 DFCNQD4  0.336700  
                 DFCNQD4  0.336700  
                 DFCSND1  0.084200  
                 DFCSND1  0.084200  
                 DFCSND2  0.168400  
                 DFCSND2  0.168400  
                 DFCSND4  0.336700  
                 DFCSND4  0.336700  
                DFCSNQD1  0.084200  
                DFCSNQD1  0.084200  
                DFCSNQD2  0.168400  
                DFCSNQD2  0.168400  
                DFCSNQD4  0.336700  
                DFCSNQD4  0.336700  
                    DFD1  0.084200  
                    DFD1  0.084200  
                    DFD2  0.168400  
                    DFD2  0.168400  
                    DFD4  0.336700  
                    DFD4  0.336700  
                 DFKCND1  0.084200  
                 DFKCND1  0.084200  
                 DFKCND2  0.168400  
                 DFKCND2  0.168400  
                 DFKCND4  0.336700  
                 DFKCND4  0.336700  
                DFKCNQD1  0.084200  
                DFKCNQD1  0.084200  
                DFKCNQD2  0.168400  
                DFKCNQD2  0.168400  
                DFKCNQD4  0.336700  
                DFKCNQD4  0.336700  
                DFKCSND1  0.084200  
                DFKCSND1  0.084200  
                DFKCSND2  0.168400  
                DFKCSND2  0.168400  
                DFKCSND4  0.336700  
                DFKCSND4  0.336700  
                 DFKSND1  0.084200  
                 DFKSND1  0.084200  
                 DFKSND2  0.168400  
                 DFKSND2  0.168400  
                 DFKSND4  0.336700  
                 DFKSND4  0.336700  
                 DFNCND1  0.084200  
                 DFNCND1  0.084200  
                 DFNCND2  0.168400  
                 DFNCND2  0.168400  
                 DFNCND4  0.336700  
                 DFNCND4  0.336700  
                DFNCSND1  0.084200  
                DFNCSND1  0.084200  
                DFNCSND2  0.168400  
                DFNCSND2  0.168400  
                DFNCSND4  0.336700  
                DFNCSND4  0.336700  
                   DFND1  0.084200  
                   DFND1  0.084200  
                   DFND2  0.168400  
                   DFND2  0.168400  
                   DFND4  0.336700  
                   DFND4  0.336700  
                 DFNSND1  0.084200  
                 DFNSND1  0.084200  
                 DFNSND2  0.168400  
                 DFNSND2  0.168400  
                 DFNSND4  0.336700  
                 DFNSND4  0.336700  
                   DFQD1  0.084200  
                   DFQD1  0.084200  
                   DFQD2  0.168400  
                   DFQD2  0.168400  
                   DFQD4  0.336700  
                   DFQD4  0.336700  
                  DFSND1  0.084200  
                  DFSND1  0.084200  
                  DFSND2  0.168400  
                  DFSND2  0.168400  
                  DFSND4  0.336700  
                  DFSND4  0.336700  
                 DFSNQD1  0.084200  
                 DFSNQD1  0.084200  
                 DFSNQD2  0.168400  
                 DFSNQD2  0.168400  
                 DFSNQD4  0.336700  
                 DFSNQD4  0.336700  
                   DFXD1  0.084200  
                   DFXD1  0.084200  
                   DFXD2  0.168400  
                   DFXD2  0.168400  
                   DFXD4  0.336700  
                   DFXD4  0.336700  
                  DFXQD1  0.084200  
                  DFXQD1  0.084200  
                  DFXQD2  0.168400  
                  DFXQD2  0.168400  
                  DFXQD4  0.336700  
                  DFXQD4  0.336700  
                 EDFCND1  0.084200  
                 EDFCND1  0.084200  
                 EDFCND2  0.168400  
                 EDFCND2  0.168400  
                 EDFCND4  0.336700  
                 EDFCND4  0.336700  
                EDFCNQD1  0.084200  
                EDFCNQD1  0.084200  
                EDFCNQD2  0.168400  
                EDFCNQD2  0.168400  
                EDFCNQD4  0.336700  
                EDFCNQD4  0.336700  
                   EDFD1  0.084200  
                   EDFD1  0.084200  
                   EDFD2  0.168400  
                   EDFD2  0.168400  
                   EDFD4  0.336700  
                   EDFD4  0.336700  
                EDFKCND1  0.084200  
                EDFKCND1  0.084200  
                EDFKCND2  0.168400  
                EDFKCND2  0.168400  
                EDFKCND4  0.336700  
                EDFKCND4  0.336700  
               EDFKCNQD1  0.084200  
               EDFKCNQD1  0.084200  
               EDFKCNQD2  0.168400  
               EDFKCNQD2  0.168400  
               EDFKCNQD4  0.336700  
               EDFKCNQD4  0.336700  
                  EDFQD1  0.084200  
                  EDFQD1  0.084200  
                  EDFQD2  0.168400  
                  EDFQD2  0.168400  
                  EDFQD4  0.336700  
                  EDFQD4  0.336700  
                   FA1D0  0.042100  
                   FA1D0  0.042100  
                   FA1D1  0.084200  
                   FA1D1  0.084200  
                   FA1D2  0.168400  
                   FA1D2  0.168400  
                   FA1D4  0.336700  
                   FA1D4  0.336700  
                FCICIND1  0.084200  
                FCICIND1  0.084200  
                FCICIND2  0.168400  
                FCICIND2  0.168400  
                FCICOND1  0.041400  
                FCICOND1  0.041400  
                FCICOND2  0.168400  
                FCICOND2  0.168400  
               FCSICIND1  0.084200  
               FCSICIND1  0.084200  
               FCSICIND2  0.090800  
               FCSICIND2  0.090800  
               FCSICOND1  0.084200  
               FCSICOND1  0.084200  
               FCSICOND2  0.088500  
               FCSICOND2  0.088500  
                 FICIND1  0.084200  
                 FICIND1  0.084200  
                 FICIND2  0.168400  
                 FICIND2  0.168400  
                 FICOND1  0.084200  
                 FICOND1  0.084200  
                 FICOND2  0.168400  
                 FICOND2  0.168400  
                FIICOND1  0.084200  
                FIICOND1  0.084200  
                FIICOND2  0.168400  
                FIICOND2  0.168400  
                  GAN2D1  0.084200  
                  GAN2D1  0.084200  
                  GAN2D2  0.168400  
                  GAN2D2  0.168400  
                GAOI21D1  0.042800  
                GAOI21D1  0.042800  
                GAOI21D2  0.084400  
                GAOI21D2  0.084400  
                GAOI22D1  0.041700  
                GAOI22D1  0.041700  
                 GBUFFD1  0.084200  
                 GBUFFD1  0.084200  
                 GBUFFD2  0.168400  
                 GBUFFD2  0.168400  
                 GBUFFD3  0.252500  
                 GBUFFD3  0.252500  
                 GBUFFD4  0.336700  
                 GBUFFD4  0.336700  
                 GBUFFD8  0.673400  
                 GBUFFD8  0.673400  
                GDFCNQD1  0.084200  
                GDFCNQD1  0.084200  
                  GDFQD1  0.084200  
                  GDFQD1  0.084200  
                  GINVD1  0.084200  
                  GINVD1  0.084200  
                  GINVD2  0.168400  
                  GINVD2  0.168400  
                  GINVD3  0.252500  
                  GINVD3  0.252500  
                  GINVD4  0.336700  
                  GINVD4  0.336700  
                  GINVD8  0.673400  
                  GINVD8  0.673400  
                 GMUX2D1  0.084200  
                 GMUX2D1  0.084200  
                 GMUX2D2  0.168400  
                 GMUX2D2  0.168400  
                GMUX2ND1  0.084200  
                GMUX2ND1  0.084200  
                GMUX2ND2  0.168400  
                GMUX2ND2  0.168400  
                  GND2D1  0.074300  
                  GND2D1  0.074300  
                  GND2D2  0.148200  
                  GND2D2  0.148200  
                  GND2D3  0.219200  
                  GND2D3  0.219200  
                  GND2D4  0.289500  
                  GND2D4  0.289500  
                  GND3D1  0.049500  
                  GND3D1  0.049500  
                  GND3D2  0.097300  
                  GND3D2  0.097300  
                  GNR2D1  0.043400  
                  GNR2D1  0.043400  
                  GNR2D2  0.086700  
                  GNR2D2  0.086700  
                  GNR3D1  0.027300  
                  GNR3D1  0.027300  
                  GNR3D2  0.053800  
                  GNR3D2  0.053800  
                GOAI21D1  0.041500  
                GOAI21D1  0.041500  
                GOAI21D2  0.083100  
                GOAI21D2  0.083100  
                  GOR2D1  0.084200  
                  GOR2D1  0.084200  
                  GOR2D2  0.168400  
                  GOR2D2  0.168400  
               GSDFCNQD1  0.084200  
               GSDFCNQD1  0.084200  
                   GTIEH  0.038400  
                   GTIEH  0.038400  
                   GTIEL  0.038400  
                   GTIEL  0.038400  
                 GXNR2D1  0.084200  
                 GXNR2D1  0.084200  
                 GXNR2D2  0.168400  
                 GXNR2D2  0.168400  
                 GXOR2D1  0.084200  
                 GXOR2D1  0.084200  
                 GXOR2D2  0.168400  
                 GXOR2D2  0.168400  
                   HA1D0  0.042100  
                   HA1D0  0.042100  
                   HA1D1  0.084200  
                   HA1D1  0.084200  
                   HA1D2  0.168400  
                   HA1D2  0.168400  
                   HA1D4  0.336700  
                   HA1D4  0.336700  
               HCOSCIND1  0.084200  
               HCOSCIND1  0.084200  
               HCOSCIND2  0.168400  
               HCOSCIND2  0.168400  
               HCOSCOND1  0.084200  
               HCOSCOND1  0.084200  
               HCOSCOND2  0.168400  
               HCOSCOND2  0.168400  
                 HICIND1  0.084200  
                 HICIND1  0.084200  
                 HICIND2  0.168400  
                 HICIND2  0.168400  
                 HICOND1  0.084200  
                 HICOND1  0.084200  
                 HICOND2  0.168400  
                 HICOND2  0.168400  
                 IAO21D0  0.021900  
                 IAO21D0  0.021900  
                 IAO21D1  0.042700  
                 IAO21D1  0.042700  
                 IAO21D2  0.086500  
                 IAO21D2  0.086500  
                 IAO21D4  0.172400  
                 IAO21D4  0.172400  
                 IAO22D0  0.021400  
                 IAO22D0  0.021400  
                 IAO22D1  0.042500  
                 IAO22D1  0.042500  
                 IAO22D2  0.168400  
                 IAO22D2  0.168400  
                 IAO22D4  0.336700  
                 IAO22D4  0.336700  
                 IIND4D0  0.017100  
                 IIND4D0  0.017100  
                 IIND4D1  0.034300  
                 IIND4D1  0.034300  
                 IIND4D2  0.071900  
                 IIND4D2  0.071900  
                 IIND4D4  0.142700  
                 IIND4D4  0.142700  
                 IINR4D0  0.018800  
                 IINR4D0  0.018800  
                 IINR4D1  0.037900  
                 IINR4D1  0.037900  
                 IINR4D2  0.079100  
                 IINR4D2  0.079100  
                 IINR4D4  0.168500  
                 IINR4D4  0.168500  
                  IND2D0  0.037500  
                  IND2D0  0.037500  
                  IND2D1  0.072600  
                  IND2D1  0.072600  
                  IND2D2  0.152500  
                  IND2D2  0.152500  
                  IND2D4  0.298900  
                  IND2D4  0.298900  
                  IND3D0  0.025000  
                  IND3D0  0.025000  
                  IND3D1  0.049100  
                  IND3D1  0.049100  
                  IND3D2  0.097600  
                  IND3D2  0.097600  
                  IND3D4  0.195900  
                  IND3D4  0.195900  
                  IND4D0  0.018000  
                  IND4D0  0.018000  
                  IND4D1  0.036200  
                  IND4D1  0.036200  
                  IND4D2  0.070900  
                  IND4D2  0.070900  
                  IND4D4  0.142100  
                  IND4D4  0.142100  
                  INR2D0  0.021800  
                  INR2D0  0.021800  
                  INR2D1  0.042700  
                  INR2D1  0.042700  
                  INR2D2  0.088000  
                  INR2D2  0.088000  
                  INR2D4  0.172100  
                  INR2D4  0.172100  
                 INR2XD0  0.042100  
                 INR2XD0  0.042100  
                 INR2XD1  0.084200  
                 INR2XD1  0.084200  
                 INR2XD2  0.168400  
                 INR2XD2  0.168400  
                 INR2XD4  0.336700  
                 INR2XD4  0.336700  
                  INR3D0  0.027500  
                  INR3D0  0.027500  
                  INR3D1  0.054900  
                  INR3D1  0.054900  
                  INR3D2  0.055500  
                  INR3D2  0.055500  
                  INR3D4  0.109200  
                  INR3D4  0.109200  
                  INR4D0  0.019700  
                  INR4D0  0.019700  
                  INR4D1  0.037700  
                  INR4D1  0.037700  
                  INR4D2  0.077500  
                  INR4D2  0.077500  
                  INR4D4  0.077100  
                  INR4D4  0.077100  
                   INVD0  0.042100  
                   INVD0  0.042100  
                   INVD1  0.084200  
                   INVD1  0.084200  
                  INVD12  1.010200  
                  INVD12  1.010200  
                  INVD16  1.346900  
                  INVD16  1.346900  
                   INVD2  0.168400  
                   INVD2  0.168400  
                  INVD20  1.683600  
                  INVD20  1.683600  
                  INVD24  2.020300  
                  INVD24  2.020300  
                   INVD3  0.252500  
                   INVD3  0.252500  
                   INVD4  0.336700  
                   INVD4  0.336700  
                   INVD6  0.505100  
                   INVD6  0.505100  
                   INVD8  0.673400  
                   INVD8  0.673400  
                 IOA21D0  0.037700  
                 IOA21D0  0.037700  
                 IOA21D1  0.073200  
                 IOA21D1  0.073200  
                 IOA21D2  0.149300  
                 IOA21D2  0.149300  
                 IOA21D4  0.293700  
                 IOA21D4  0.293700  
                 IOA22D0  0.020400  
                 IOA22D0  0.020400  
                 IOA22D1  0.041000  
                 IOA22D1  0.041000  
                 IOA22D2  0.168400  
                 IOA22D2  0.168400  
                 IOA22D4  0.336700  
                 IOA22D4  0.336700  
                  LHCND1  0.084200  
                  LHCND1  0.084200  
                  LHCND2  0.168400  
                  LHCND2  0.168400  
                  LHCND4  0.336700  
                  LHCND4  0.336700  
                 LHCNDD1  0.084200  
                 LHCNDD1  0.084200  
                 LHCNDD2  0.168400  
                 LHCNDD2  0.168400  
                 LHCNDD4  0.336700  
                 LHCNDD4  0.336700  
                LHCNDQD1  0.084200  
                LHCNDQD1  0.084200  
                LHCNDQD2  0.168400  
                LHCNDQD2  0.168400  
                LHCNDQD4  0.336700  
                LHCNDQD4  0.336700  
                 LHCNQD1  0.084200  
                 LHCNQD1  0.084200  
                 LHCNQD2  0.168400  
                 LHCNQD2  0.168400  
                 LHCNQD4  0.336700  
                 LHCNQD4  0.336700  
                 LHCSND1  0.084200  
                 LHCSND1  0.084200  
                 LHCSND2  0.168400  
                 LHCSND2  0.168400  
                 LHCSND4  0.336700  
                 LHCSND4  0.336700  
                LHCSNDD1  0.084200  
                LHCSNDD1  0.084200  
                LHCSNDD2  0.168400  
                LHCSNDD2  0.168400  
                LHCSNDD4  0.336700  
                LHCSNDD4  0.336700  
               LHCSNDQD1  0.084200  
               LHCSNDQD1  0.084200  
               LHCSNDQD2  0.168400  
               LHCSNDQD2  0.168400  
               LHCSNDQD4  0.336700  
               LHCSNDQD4  0.336700  
                LHCSNQD1  0.084200  
                LHCSNQD1  0.084200  
                LHCSNQD2  0.168400  
                LHCSNQD2  0.168400  
                LHCSNQD4  0.336700  
                LHCSNQD4  0.336700  
                    LHD1  0.084200  
                    LHD1  0.084200  
                    LHD2  0.168400  
                    LHD2  0.168400  
                    LHD4  0.336700  
                    LHD4  0.336700  
                   LHQD1  0.084200  
                   LHQD1  0.084200  
                   LHQD2  0.168400  
                   LHQD2  0.168400  
                   LHQD4  0.336700  
                   LHQD4  0.336700  
                  LHSND1  0.084200  
                  LHSND1  0.084200  
                  LHSND2  0.168400  
                  LHSND2  0.168400  
                  LHSND4  0.336700  
                  LHSND4  0.336700  
                 LHSNDD1  0.084200  
                 LHSNDD1  0.084200  
                 LHSNDD2  0.168400  
                 LHSNDD2  0.168400  
                 LHSNDD4  0.336700  
                 LHSNDD4  0.336700  
                LHSNDQD1  0.084200  
                LHSNDQD1  0.084200  
                LHSNDQD2  0.168400  
                LHSNDQD2  0.168400  
                LHSNDQD4  0.336700  
                LHSNDQD4  0.336700  
                 LHSNQD1  0.084200  
                 LHSNQD1  0.084200  
                 LHSNQD2  0.168400  
                 LHSNQD2  0.168400  
                 LHSNQD4  0.336700  
                 LHSNQD4  0.336700  
                  LNCND1  0.084200  
                  LNCND1  0.084200  
                  LNCND2  0.168400  
                  LNCND2  0.168400  
                  LNCND4  0.336700  
                  LNCND4  0.336700  
                 LNCNDD1  0.084200  
                 LNCNDD1  0.084200  
                 LNCNDD2  0.168400  
                 LNCNDD2  0.168400  
                 LNCNDD4  0.336700  
                 LNCNDD4  0.336700  
                LNCNDQD1  0.084200  
                LNCNDQD1  0.084200  
                LNCNDQD2  0.168400  
                LNCNDQD2  0.168400  
                LNCNDQD4  0.336700  
                LNCNDQD4  0.336700  
                 LNCNQD1  0.084200  
                 LNCNQD1  0.084200  
                 LNCNQD2  0.168400  
                 LNCNQD2  0.168400  
                 LNCNQD4  0.336700  
                 LNCNQD4  0.336700  
                 LNCSND1  0.084200  
                 LNCSND1  0.084200  
                 LNCSND2  0.168400  
                 LNCSND2  0.168400  
                 LNCSND4  0.336700  
                 LNCSND4  0.336700  
                LNCSNDD1  0.084200  
                LNCSNDD1  0.084200  
                LNCSNDD2  0.168400  
                LNCSNDD2  0.168400  
                LNCSNDD4  0.336700  
                LNCSNDD4  0.336700  
               LNCSNDQD1  0.084200  
               LNCSNDQD1  0.084200  
               LNCSNDQD2  0.168400  
               LNCSNDQD2  0.168400  
               LNCSNDQD4  0.336700  
               LNCSNDQD4  0.336700  
                LNCSNQD1  0.084200  
                LNCSNQD1  0.084200  
                LNCSNQD2  0.168400  
                LNCSNQD2  0.168400  
                LNCSNQD4  0.336700  
                LNCSNQD4  0.336700  
                    LND1  0.084200  
                    LND1  0.084200  
                    LND2  0.168400  
                    LND2  0.168400  
                    LND4  0.336700  
                    LND4  0.336700  
                   LNQD1  0.084200  
                   LNQD1  0.084200  
                   LNQD2  0.168400  
                   LNQD2  0.168400  
                   LNQD4  0.336700  
                   LNQD4  0.336700  
                  LNSND1  0.084200  
                  LNSND1  0.084200  
                  LNSND2  0.168400  
                  LNSND2  0.168400  
                  LNSND4  0.336700  
                  LNSND4  0.336700  
                 LNSNDD1  0.084200  
                 LNSNDD1  0.084200  
                 LNSNDD2  0.168400  
                 LNSNDD2  0.168400  
                 LNSNDD4  0.336700  
                 LNSNDD4  0.336700  
                LNSNDQD1  0.084200  
                LNSNDQD1  0.084200  
                LNSNDQD2  0.168400  
                LNSNDQD2  0.168400  
                LNSNDQD4  0.336700  
                LNSNDQD4  0.336700  
                 LNSNQD1  0.084200  
                 LNSNQD1  0.084200  
                 LNSNQD2  0.168400  
                 LNSNQD2  0.168400  
                 LNSNQD4  0.336700  
                 LNSNQD4  0.336700  
               MAOI222D0  0.019500  
               MAOI222D0  0.019500  
               MAOI222D1  0.035300  
               MAOI222D1  0.035300  
               MAOI222D2  0.168400  
               MAOI222D2  0.168400  
               MAOI222D4  0.336700  
               MAOI222D4  0.336700  
                MAOI22D0  0.022000  
                MAOI22D0  0.022000  
                MAOI22D1  0.043400  
                MAOI22D1  0.043400  
                MAOI22D2  0.168400  
                MAOI22D2  0.168400  
                MAOI22D4  0.336700  
                MAOI22D4  0.336700  
                MOAI22D0  0.020500  
                MOAI22D0  0.020500  
                MOAI22D1  0.040900  
                MOAI22D1  0.040900  
                MOAI22D2  0.168400  
                MOAI22D2  0.168400  
                MOAI22D4  0.336700  
                MOAI22D4  0.336700  
                  MUX2D0  0.042100  
                  MUX2D0  0.042100  
                  MUX2D1  0.084200  
                  MUX2D1  0.084200  
                  MUX2D2  0.168400  
                  MUX2D2  0.168400  
                  MUX2D4  0.336700  
                  MUX2D4  0.336700  
                 MUX2ND0  0.027500  
                 MUX2ND0  0.027500  
                 MUX2ND1  0.084200  
                 MUX2ND1  0.084200  
                 MUX2ND2  0.168400  
                 MUX2ND2  0.168400  
                 MUX2ND4  0.336700  
                 MUX2ND4  0.336700  
                  MUX3D0  0.042100  
                  MUX3D0  0.042100  
                  MUX3D1  0.084200  
                  MUX3D1  0.084200  
                  MUX3D2  0.168400  
                  MUX3D2  0.168400  
                  MUX3D4  0.336700  
                  MUX3D4  0.336700  
                 MUX3ND0  0.017900  
                 MUX3ND0  0.017900  
                 MUX3ND1  0.084200  
                 MUX3ND1  0.084200  
                 MUX3ND2  0.168400  
                 MUX3ND2  0.168400  
                 MUX3ND4  0.336700  
                 MUX3ND4  0.336700  
                  MUX4D0  0.042100  
                  MUX4D0  0.042100  
                  MUX4D1  0.084200  
                  MUX4D1  0.084200  
                  MUX4D2  0.168400  
                  MUX4D2  0.168400  
                  MUX4D4  0.336700  
                  MUX4D4  0.336700  
                 MUX4ND0  0.016300  
                 MUX4ND0  0.016300  
                 MUX4ND1  0.084200  
                 MUX4ND1  0.084200  
                 MUX4ND2  0.168400  
                 MUX4ND2  0.168400  
                 MUX4ND4  0.336700  
                 MUX4ND4  0.336700  
                   ND2D0  0.037800  
                   ND2D0  0.037800  
                   ND2D1  0.074500  
                   ND2D1  0.074500  
                   ND2D2  0.153200  
                   ND2D2  0.153200  
                   ND2D3  0.223600  
                   ND2D3  0.223600  
                   ND2D4  0.305700  
                   ND2D4  0.305700  
                   ND2D8  0.541300  
                   ND2D8  0.541300  
                   ND3D0  0.024700  
                   ND3D0  0.024700  
                   ND3D1  0.049900  
                   ND3D1  0.049900  
                   ND3D2  0.099200  
                   ND3D2  0.099200  
                   ND3D3  0.152400  
                   ND3D3  0.152400  
                   ND3D4  0.203200  
                   ND3D4  0.203200  
                   ND3D8  0.389000  
                   ND3D8  0.389000  
                   ND4D0  0.018200  
                   ND4D0  0.018200  
                   ND4D1  0.036900  
                   ND4D1  0.036900  
                   ND4D2  0.071900  
                   ND4D2  0.071900  
                   ND4D3  0.108700  
                   ND4D3  0.108700  
                   ND4D4  0.143700  
                   ND4D4  0.143700  
                   ND4D8  0.673400  
                   ND4D8  0.673400  
                   NR2D0  0.021600  
                   NR2D0  0.021600  
                   NR2D1  0.043400  
                   NR2D1  0.043400  
                   NR2D2  0.089400  
                   NR2D2  0.089400  
                   NR2D3  0.129300  
                   NR2D3  0.129300  
                   NR2D4  0.173700  
                   NR2D4  0.173700  
                   NR2D8  0.343000  
                   NR2D8  0.343000  
                  NR2XD0  0.042100  
                  NR2XD0  0.042100  
                  NR2XD1  0.084200  
                  NR2XD1  0.084200  
                  NR2XD2  0.168400  
                  NR2XD2  0.168400  
                  NR2XD3  0.252500  
                  NR2XD3  0.252500  
                  NR2XD4  0.336700  
                  NR2XD4  0.336700  
                  NR2XD8  0.673400  
                  NR2XD8  0.673400  
                   NR3D0  0.027800  
                   NR3D0  0.027800  
                   NR3D1  0.055800  
                   NR3D1  0.055800  
                   NR3D2  0.107700  
                   NR3D2  0.107700  
                   NR3D3  0.167900  
                   NR3D3  0.167900  
                   NR3D4  0.214600  
                   NR3D4  0.214600  
                   NR3D8  0.427600  
                   NR3D8  0.427600  
                   NR4D0  0.019900  
                   NR4D0  0.019900  
                   NR4D1  0.038200  
                   NR4D1  0.038200  
                   NR4D2  0.077300  
                   NR4D2  0.077300  
                   NR4D3  0.120600  
                   NR4D3  0.120600  
                   NR4D4  0.153300  
                   NR4D4  0.153300  
                   NR4D8  0.673400  
                   NR4D8  0.673400  
                 OA211D0  0.042100  
                 OA211D0  0.042100  
                 OA211D1  0.084200  
                 OA211D1  0.084200  
                 OA211D2  0.168400  
                 OA211D2  0.168400  
                 OA211D4  0.336700  
                 OA211D4  0.336700  
                  OA21D0  0.042100  
                  OA21D0  0.042100  
                  OA21D1  0.084200  
                  OA21D1  0.084200  
                  OA21D2  0.168400  
                  OA21D2  0.168400  
                  OA21D4  0.336700  
                  OA21D4  0.336700  
                 OA221D0  0.042100  
                 OA221D0  0.042100  
                 OA221D1  0.084200  
                 OA221D1  0.084200  
                 OA221D2  0.168400  
                 OA221D2  0.168400  
                 OA221D4  0.336700  
                 OA221D4  0.336700  
                 OA222D0  0.042100  
                 OA222D0  0.042100  
                 OA222D1  0.084200  
                 OA222D1  0.084200  
                 OA222D2  0.168400  
                 OA222D2  0.168400  
                 OA222D4  0.336700  
                 OA222D4  0.336700  
                  OA22D0  0.042100  
                  OA22D0  0.042100  
                  OA22D1  0.084200  
                  OA22D1  0.084200  
                  OA22D2  0.168400  
                  OA22D2  0.168400  
                  OA22D4  0.336700  
                  OA22D4  0.336700  
                  OA31D0  0.042100  
                  OA31D0  0.042100  
                  OA31D1  0.084200  
                  OA31D1  0.084200  
                  OA31D2  0.168400  
                  OA31D2  0.168400  
                  OA31D4  0.336700  
                  OA31D4  0.336700  
                  OA32D0  0.042100  
                  OA32D0  0.042100  
                  OA32D1  0.084200  
                  OA32D1  0.084200  
                  OA32D2  0.168400  
                  OA32D2  0.168400  
                  OA32D4  0.336700  
                  OA32D4  0.336700  
                  OA33D0  0.042100  
                  OA33D0  0.042100  
                  OA33D1  0.084200  
                  OA33D1  0.084200  
                  OA33D2  0.168400  
                  OA33D2  0.168400  
                  OA33D4  0.336700  
                  OA33D4  0.336700  
                OAI211D0  0.019700  
                OAI211D0  0.019700  
                OAI211D1  0.039700  
                OAI211D1  0.039700  
                OAI211D2  0.083900  
                OAI211D2  0.083900  
                OAI211D4  0.164300  
                OAI211D4  0.164300  
                 OAI21D0  0.021100  
                 OAI21D0  0.021100  
                 OAI21D1  0.042300  
                 OAI21D1  0.042300  
                 OAI21D2  0.083900  
                 OAI21D2  0.083900  
                 OAI21D4  0.165700  
                 OAI21D4  0.165700  
                OAI221D0  0.020600  
                OAI221D0  0.020600  
                OAI221D1  0.040900  
                OAI221D1  0.040900  
                OAI221D2  0.082500  
                OAI221D2  0.082500  
                OAI221D4  0.336700  
                OAI221D4  0.336700  
               OAI221XD4  0.163900  
               OAI221XD4  0.163900  
                OAI222D0  0.019600  
                OAI222D0  0.019600  
                OAI222D1  0.039900  
                OAI222D1  0.039900  
                OAI222D2  0.079500  
                OAI222D2  0.079500  
                OAI222D4  0.336700  
                OAI222D4  0.336700  
               OAI222XD4  0.157000  
               OAI222XD4  0.157000  
                 OAI22D0  0.020200  
                 OAI22D0  0.020200  
                 OAI22D1  0.041000  
                 OAI22D1  0.041000  
                 OAI22D2  0.084100  
                 OAI22D2  0.084100  
                 OAI22D4  0.164100  
                 OAI22D4  0.164100  
                 OAI31D0  0.012500  
                 OAI31D0  0.012500  
                 OAI31D1  0.025500  
                 OAI31D1  0.025500  
                 OAI31D2  0.052200  
                 OAI31D2  0.052200  
                 OAI31D4  0.102200  
                 OAI31D4  0.102200  
                 OAI32D0  0.012900  
                 OAI32D0  0.012900  
                 OAI32D1  0.026600  
                 OAI32D1  0.026600  
                 OAI32D2  0.054200  
                 OAI32D2  0.054200  
                 OAI32D4  0.336700  
                 OAI32D4  0.336700  
                OAI32XD4  0.105800  
                OAI32XD4  0.105800  
                 OAI33D0  0.011600  
                 OAI33D0  0.011600  
                 OAI33D1  0.024600  
                 OAI33D1  0.024600  
                 OAI33D2  0.048800  
                 OAI33D2  0.048800  
                 OAI33D4  0.336700  
                 OAI33D4  0.336700  
                OAI33XD4  0.095200  
                OAI33XD4  0.095200  
                   OR2D0  0.042100  
                   OR2D0  0.042100  
                   OR2D1  0.084200  
                   OR2D1  0.084200  
                   OR2D2  0.168400  
                   OR2D2  0.168400  
                   OR2D4  0.336700  
                   OR2D4  0.336700  
                   OR2D8  0.673400  
                   OR2D8  0.673400  
                  OR2XD1  0.084200  
                  OR2XD1  0.084200  
                   OR3D0  0.042100  
                   OR3D0  0.042100  
                   OR3D1  0.084200  
                   OR3D1  0.084200  
                   OR3D2  0.168400  
                   OR3D2  0.168400  
                   OR3D4  0.336700  
                   OR3D4  0.336700  
                   OR3D8  0.673400  
                   OR3D8  0.673400  
                  OR3XD1  0.084200  
                  OR3XD1  0.084200  
                   OR4D0  0.042100  
                   OR4D0  0.042100  
                   OR4D1  0.084200  
                   OR4D1  0.084200  
                   OR4D2  0.168400  
                   OR4D2  0.168400  
                   OR4D4  0.336700  
                   OR4D4  0.336700  
                   OR4D8  0.673400  
                   OR4D8  0.673400  
                  OR4XD1  0.084200  
                  OR4XD1  0.084200  
                 SDFCND0  0.042100  
                 SDFCND0  0.042100  
                 SDFCND1  0.084200  
                 SDFCND1  0.084200  
                 SDFCND2  0.168400  
                 SDFCND2  0.168400  
                 SDFCND4  0.336700  
                 SDFCND4  0.336700  
                SDFCNQD0  0.042100  
                SDFCNQD0  0.042100  
                SDFCNQD1  0.084200  
                SDFCNQD1  0.084200  
                SDFCNQD2  0.168400  
                SDFCNQD2  0.168400  
                SDFCNQD4  0.336700  
                SDFCNQD4  0.336700  
                SDFCSND0  0.042100  
                SDFCSND0  0.042100  
                SDFCSND1  0.084200  
                SDFCSND1  0.084200  
                SDFCSND2  0.168400  
                SDFCSND2  0.168400  
                SDFCSND4  0.336700  
                SDFCSND4  0.336700  
               SDFCSNQD0  0.042100  
               SDFCSNQD0  0.042100  
               SDFCSNQD1  0.084200  
               SDFCSNQD1  0.084200  
               SDFCSNQD2  0.168400  
               SDFCSNQD2  0.168400  
               SDFCSNQD4  0.336700  
               SDFCSNQD4  0.336700  
                   SDFD0  0.042100  
                   SDFD0  0.042100  
                   SDFD1  0.084200  
                   SDFD1  0.084200  
                   SDFD2  0.168400  
                   SDFD2  0.168400  
                   SDFD4  0.336700  
                   SDFD4  0.336700  
                SDFKCND0  0.042100  
                SDFKCND0  0.042100  
                SDFKCND1  0.084200  
                SDFKCND1  0.084200  
                SDFKCND2  0.168400  
                SDFKCND2  0.168400  
                SDFKCND4  0.336700  
                SDFKCND4  0.336700  
               SDFKCNQD0  0.042100  
               SDFKCNQD0  0.042100  
               SDFKCNQD1  0.084200  
               SDFKCNQD1  0.084200  
               SDFKCNQD2  0.168400  
               SDFKCNQD2  0.168400  
               SDFKCNQD4  0.336700  
               SDFKCNQD4  0.336700  
               SDFKCSND0  0.042100  
               SDFKCSND0  0.042100  
               SDFKCSND1  0.084200  
               SDFKCSND1  0.084200  
               SDFKCSND2  0.168400  
               SDFKCSND2  0.168400  
               SDFKCSND4  0.336700  
               SDFKCSND4  0.336700  
              SDFKCSNQD0  0.042100  
              SDFKCSNQD0  0.042100  
              SDFKCSNQD1  0.084200  
              SDFKCSNQD1  0.084200  
              SDFKCSNQD2  0.168400  
              SDFKCSNQD2  0.168400  
              SDFKCSNQD4  0.336700  
              SDFKCSNQD4  0.336700  
                SDFKSND0  0.042100  
                SDFKSND0  0.042100  
                SDFKSND1  0.084200  
                SDFKSND1  0.084200  
                SDFKSND2  0.168400  
                SDFKSND2  0.168400  
                SDFKSND4  0.336700  
                SDFKSND4  0.336700  
               SDFKSNQD0  0.042100  
               SDFKSNQD0  0.042100  
               SDFKSNQD1  0.084200  
               SDFKSNQD1  0.084200  
               SDFKSNQD2  0.168400  
               SDFKSNQD2  0.168400  
               SDFKSNQD4  0.336700  
               SDFKSNQD4  0.336700  
                SDFNCND0  0.042100  
                SDFNCND0  0.042100  
                SDFNCND1  0.084200  
                SDFNCND1  0.084200  
                SDFNCND2  0.168400  
                SDFNCND2  0.168400  
                SDFNCND4  0.336700  
                SDFNCND4  0.336700  
               SDFNCSND0  0.042100  
               SDFNCSND0  0.042100  
               SDFNCSND1  0.084200  
               SDFNCSND1  0.084200  
               SDFNCSND2  0.168400  
               SDFNCSND2  0.168400  
               SDFNCSND4  0.336700  
               SDFNCSND4  0.336700  
                  SDFND0  0.042100  
                  SDFND0  0.042100  
                  SDFND1  0.084200  
                  SDFND1  0.084200  
                  SDFND2  0.168400  
                  SDFND2  0.168400  
                  SDFND4  0.336700  
                  SDFND4  0.336700  
                SDFNSND0  0.042100  
                SDFNSND0  0.042100  
                SDFNSND1  0.084200  
                SDFNSND1  0.084200  
                SDFNSND2  0.168400  
                SDFNSND2  0.168400  
                SDFNSND4  0.336700  
                SDFNSND4  0.336700  
                  SDFQD0  0.042100  
                  SDFQD0  0.042100  
                  SDFQD1  0.083900  
                  SDFQD1  0.083900  
                  SDFQD2  0.168400  
                  SDFQD2  0.168400  
                  SDFQD4  0.336700  
                  SDFQD4  0.336700  
                 SDFQND0  0.042100  
                 SDFQND0  0.042100  
                 SDFQND1  0.084200  
                 SDFQND1  0.084200  
                 SDFQND2  0.168400  
                 SDFQND2  0.168400  
                 SDFQND4  0.336700  
                 SDFQND4  0.336700  
                 SDFSND0  0.042100  
                 SDFSND0  0.042100  
                 SDFSND1  0.084200  
                 SDFSND1  0.084200  
                 SDFSND2  0.168400  
                 SDFSND2  0.168400  
                 SDFSND4  0.336700  
                 SDFSND4  0.336700  
                SDFSNQD0  0.042100  
                SDFSNQD0  0.042100  
                SDFSNQD1  0.084200  
                SDFSNQD1  0.084200  
                SDFSNQD2  0.168400  
                SDFSNQD2  0.168400  
                SDFSNQD4  0.336700  
                SDFSNQD4  0.336700  
                  SDFXD0  0.042100  
                  SDFXD0  0.042100  
                  SDFXD1  0.084200  
                  SDFXD1  0.084200  
                  SDFXD2  0.168400  
                  SDFXD2  0.168400  
                  SDFXD4  0.336700  
                  SDFXD4  0.336700  
                 SDFXQD0  0.042100  
                 SDFXQD0  0.042100  
                 SDFXQD1  0.084200  
                 SDFXQD1  0.084200  
                 SDFXQD2  0.168400  
                 SDFXQD2  0.168400  
                 SDFXQD4  0.336700  
                 SDFXQD4  0.336700  
                SEDFCND0  0.042100  
                SEDFCND0  0.042100  
                SEDFCND1  0.084200  
                SEDFCND1  0.084200  
                SEDFCND2  0.168400  
                SEDFCND2  0.168400  
                SEDFCND4  0.336700  
                SEDFCND4  0.336700  
               SEDFCNQD0  0.042100  
               SEDFCNQD0  0.042100  
               SEDFCNQD1  0.084200  
               SEDFCNQD1  0.084200  
               SEDFCNQD2  0.168400  
               SEDFCNQD2  0.168400  
               SEDFCNQD4  0.336700  
               SEDFCNQD4  0.336700  
                  SEDFD0  0.042100  
                  SEDFD0  0.042100  
                  SEDFD1  0.084200  
                  SEDFD1  0.084200  
                  SEDFD2  0.168400  
                  SEDFD2  0.168400  
                  SEDFD4  0.336700  
                  SEDFD4  0.336700  
               SEDFKCND0  0.042100  
               SEDFKCND0  0.042100  
               SEDFKCND1  0.084200  
               SEDFKCND1  0.084200  
               SEDFKCND2  0.168400  
               SEDFKCND2  0.168400  
               SEDFKCND4  0.336700  
               SEDFKCND4  0.336700  
              SEDFKCNQD0  0.042100  
              SEDFKCNQD0  0.042100  
              SEDFKCNQD1  0.084200  
              SEDFKCNQD1  0.084200  
              SEDFKCNQD2  0.168400  
              SEDFKCNQD2  0.168400  
              SEDFKCNQD4  0.336700  
              SEDFKCNQD4  0.336700  
                 SEDFQD0  0.042100  
                 SEDFQD0  0.042100  
                 SEDFQD1  0.084200  
                 SEDFQD1  0.084200  
                 SEDFQD2  0.168400  
                 SEDFQD2  0.168400  
                 SEDFQD4  0.336700  
                 SEDFQD4  0.336700  
                SEDFQND0  0.042100  
                SEDFQND0  0.042100  
                SEDFQND1  0.084200  
                SEDFQND1  0.084200  
                SEDFQND2  0.168400  
                SEDFQND2  0.168400  
                SEDFQND4  0.336700  
                SEDFQND4  0.336700  
               SEDFQNXD0  0.042100  
               SEDFQNXD0  0.042100  
               SEDFQNXD1  0.084200  
               SEDFQNXD1  0.084200  
               SEDFQNXD2  0.168400  
               SEDFQNXD2  0.168400  
               SEDFQNXD4  0.336700  
               SEDFQNXD4  0.336700  
                SEDFQXD0  0.042100  
                SEDFQXD0  0.042100  
                SEDFQXD1  0.084200  
                SEDFQXD1  0.084200  
                SEDFQXD2  0.168400  
                SEDFQXD2  0.168400  
                SEDFQXD4  0.336700  
                SEDFQXD4  0.336700  
                 SEDFXD0  0.034700  
                 SEDFXD0  0.034700  
                 SEDFXD1  0.084200  
                 SEDFXD1  0.084200  
                 SEDFXD2  0.168400  
                 SEDFXD2  0.168400  
                 SEDFXD4  0.336700  
                 SEDFXD4  0.336700  
                    TIEH  0.038400  
                    TIEH  0.038400  
                    TIEL  0.038400  
                    TIEL  0.038400  
                  XNR2D0  0.042100  
                  XNR2D0  0.042100  
                  XNR2D1  0.084200  
                  XNR2D1  0.084200  
                  XNR2D2  0.168400  
                  XNR2D2  0.168400  
                  XNR2D4  0.336700  
                  XNR2D4  0.336700  
                  XNR3D0  0.042100  
                  XNR3D0  0.042100  
                  XNR3D1  0.084200  
                  XNR3D1  0.084200  
                  XNR3D2  0.168400  
                  XNR3D2  0.168400  
                  XNR3D4  0.336700  
                  XNR3D4  0.336700  
                  XNR4D0  0.042100  
                  XNR4D0  0.042100  
                  XNR4D1  0.084200  
                  XNR4D1  0.084200  
                  XNR4D2  0.168400  
                  XNR4D2  0.168400  
                  XNR4D4  0.336700  
                  XNR4D4  0.336700  
                  XOR2D0  0.042100  
                  XOR2D0  0.042100  
                  XOR2D1  0.084200  
                  XOR2D1  0.084200  
                  XOR2D2  0.168400  
                  XOR2D2  0.168400  
                  XOR2D4  0.336700  
                  XOR2D4  0.336700  
                  XOR3D0  0.042100  
                  XOR3D0  0.042100  
                  XOR3D1  0.084200  
                  XOR3D1  0.084200  
                  XOR3D2  0.168400  
                  XOR3D2  0.168400  
                  XOR3D4  0.336700  
                  XOR3D4  0.336700  
                  XOR4D0  0.042100  
                  XOR4D0  0.042100  
                  XOR4D1  0.084200  
                  XOR4D1  0.084200  
                  XOR4D2  0.168400  
                  XOR4D2  0.168400  
                  XOR4D4  0.336700  
                  XOR4D4  0.336700  1592  
# Cells in .lib with max_fanout: 0  
SDC max_cap: N/A  
SDC max_tran: N/A  
SDC max_fanout: N/A  
Default Ext. Scale Factor: 1.000  
Detail Ext. Scale Factor: 1.000  

==============================
Floorplan/Placement Information
==============================
Total area of Standard cells: 764010.720 um^2  
Total area of Standard cells(Subtracting Physical Cells): 217754.640 um^2  
Total area of Macros: 244700.160 um^2  
Total area of Blockages: 0.000 um^2  
Total area of Pad cells: 0.000 um^2  
Total area of Core: 1020503.880 um^2  
Total area of Chip: 1232543.880 um^2  
Effective Utilization: 1.0000e+00  
Number of Cell Rows: 561  
% Pure Gate Density #1 (Subtracting BLOCKAGES): 74.866%  
% Pure Gate Density #2 (Subtracting BLOCKAGES and Physical Cells): 21.338%  
% Pure Gate Density #3 (Subtracting MACROS): 98.480%  
% Pure Gate Density #4 (Subtracting MACROS and Physical Cells): 28.068%  
% Pure Gate Density #5 (Subtracting MACROS and BLOCKAGES): 98.480%  
% Pure Gate Density #6 (Subtracting MACROS and BLOCKAGES for insts are not placed): 28.068%  
% Core Density (Counting Std Cells and MACROs): 98.844%  
% Core Density #2(Subtracting Physical Cells): 45.316%  
% Chip Density (Counting Std Cells and MACROs and IOs): 81.840%  
% Chip Density #2(Subtracting Physical Cells): 37.520%  
# Macros within 5 sites of IO pad: No  
Macro halo defined?: Yes  

==============================
Wire Length Distribution
==============================
Total M1 wire length: 30184.6000 um  
Total M2 wire length: 340293.7400 um  
Total M3 wire length: 483778.7800 um  
Total M4 wire length: 316270.7800 um  
Total M5 wire length: 233020.2000 um  
Total M6 wire length: 79420.4000 um  
Total M7 wire length: 0.0000 um  
Total M8 wire length: 0.0000 um  
Total wire length: 1482968.5000 um  
Average wire length/net: 19.9662 um  
Area of Power Net Distribution: 
    ------------------------------
    Area of Power Net Distribution
    ------------------------------
    Layer Name  Area of Power Net  Routable Area  Percentage  
    M1  71549.5932  1020503.8800  7.0112%  
    M2  864.2778  1020503.8800  0.0847%  
    M3  1.3200  1020503.8800  0.0001%  
    M4  0.0000  1020503.8800  0.0000%  
    M5  20212.0000  1020503.8800  1.9806%  
    M6  43.7900  1020503.8800  0.0043%  
    M7  0.0000  1020503.8800  0.0000%  
    M8  0.0000  1020503.8800  0.0000%  For more information click here  
